word,aoa,image,concrete,valence,arousal,familiar
смішний,TRUE,TRUE,TRUE,TRUE,TRUE,TRUE
абсурдний,TRUE,TRUE,TRUE,TRUE,TRUE,TRUE
інцидент,TRUE,TRUE,TRUE,TRUE,TRUE,TRUE
аварія,TRUE,TRUE,TRUE,TRUE,TRUE,TRUE
потяг,TRUE,TRUE,TRUE,TRUE,TRUE,TRUE
автобус,TRUE,TRUE,TRUE,TRUE,TRUE,TRUE
фірма,TRUE,TRUE,TRUE,TRUE,TRUE,TRUE
агентство,TRUE,TRUE,TRUE,TRUE,TRUE,TRUE
менеджмент,TRUE,TRUE,TRUE,TRUE,TRUE,TRUE
адміністративний,TRUE,TRUE,TRUE,TRUE,TRUE,TRUE
гормон,TRUE,TRUE,TRUE,TRUE,TRUE,TRUE
адреналін,TRUE,TRUE,TRUE,TRUE,TRUE,TRUE
число,TRUE,TRUE,TRUE,TRUE,TRUE,TRUE
адреса,TRUE,TRUE,TRUE,TRUE,TRUE,TRUE
термінал,TRUE,TRUE,TRUE,TRUE,TRUE,TRUE
аеропорт,TRUE,TRUE,TRUE,TRUE,TRUE,TRUE
жест,TRUE,TRUE,TRUE,TRUE,TRUE,TRUE
акт,TRUE,TRUE,TRUE,TRUE,TRUE,TRUE
тригер,TRUE,TRUE,TRUE,TRUE,TRUE,TRUE
активувати,TRUE,TRUE,TRUE,TRUE,TRUE,TRUE
автор,TRUE,TRUE,TRUE,TRUE,TRUE,TRUE
актор,TRUE,TRUE,TRUE,TRUE,TRUE,TRUE
голос,TRUE,TRUE,TRUE,TRUE,TRUE,TRUE
акцент,TRUE,TRUE,TRUE,TRUE,TRUE,TRUE
кут,TRUE,TRUE,TRUE,TRUE,TRUE,TRUE
алея,TRUE,TRUE,TRUE,TRUE,TRUE,TRUE
мотив,TRUE,TRUE,TRUE,TRUE,TRUE,TRUE
алібі,TRUE,TRUE,TRUE,TRUE,TRUE,TRUE
браво,TRUE,TRUE,TRUE,TRUE,TRUE,TRUE
альфа,TRUE,TRUE,TRUE,TRUE,TRUE,TRUE
африка,TRUE,TRUE,TRUE,TRUE,TRUE,TRUE
америка,TRUE,TRUE,TRUE,TRUE,TRUE,TRUE
аутопсія,TRUE,TRUE,TRUE,TRUE,TRUE,TRUE
аналіз,TRUE,TRUE,TRUE,TRUE,TRUE,TRUE
карати,TRUE,TRUE,TRUE,TRUE,TRUE,TRUE
арешт,TRUE,TRUE,TRUE,TRUE,TRUE,TRUE
легіон,TRUE,TRUE,TRUE,TRUE,TRUE,TRUE
армія,TRUE,TRUE,TRUE,TRUE,TRUE,TRUE
вена,TRUE,TRUE,TRUE,TRUE,TRUE,TRUE
артерія,TRUE,TRUE,TRUE,TRUE,TRUE,TRUE
кавалерія,TRUE,TRUE,TRUE,TRUE,TRUE,TRUE
артилерія,TRUE,TRUE,TRUE,TRUE,TRUE,TRUE
інженер,TRUE,TRUE,TRUE,TRUE,TRUE,TRUE
архітектор,TRUE,TRUE,TRUE,TRUE,TRUE,TRUE
вторгнення,TRUE,TRUE,TRUE,TRUE,TRUE,TRUE
атакувати,TRUE,TRUE,TRUE,TRUE,TRUE,TRUE
тихоокеанський,TRUE,TRUE,TRUE,TRUE,TRUE,TRUE
атлантичний,TRUE,TRUE,TRUE,TRUE,TRUE,TRUE
середовище,TRUE,TRUE,TRUE,TRUE,TRUE,TRUE
атмосфера,TRUE,TRUE,TRUE,TRUE,TRUE,TRUE
натовп,TRUE,TRUE,TRUE,TRUE,TRUE,TRUE
аудиторія,TRUE,TRUE,TRUE,TRUE,TRUE,TRUE
дідусь,TRUE,TRUE,TRUE,TRUE,TRUE,TRUE
бабуся,TRUE,TRUE,TRUE,TRUE,TRUE,TRUE
шовк,TRUE,TRUE,TRUE,TRUE,TRUE,TRUE
бавовна,TRUE,TRUE,TRUE,TRUE,TRUE,TRUE
бідний,TRUE,TRUE,TRUE,TRUE,TRUE,TRUE
багатий,TRUE,TRUE,TRUE,TRUE,TRUE,TRUE
скарбниця,TRUE,TRUE,TRUE,TRUE,TRUE,TRUE
багатство,TRUE,TRUE,TRUE,TRUE,TRUE,TRUE
туга,TRUE,TRUE,TRUE,TRUE,TRUE,TRUE
бажання,TRUE,TRUE,TRUE,TRUE,TRUE,TRUE
клуб,TRUE,TRUE,TRUE,TRUE,TRUE,TRUE
бар,TRUE,TRUE,TRUE,TRUE,TRUE,TRUE
полк,TRUE,TRUE,TRUE,TRUE,TRUE,TRUE
батальйон,TRUE,TRUE,TRUE,TRUE,TRUE,TRUE
дорослий,TRUE,TRUE,TRUE,TRUE,TRUE,TRUE
родитель,TRUE,TRUE,TRUE,TRUE,TRUE,TRUE
мама,TRUE,TRUE,TRUE,TRUE,TRUE,TRUE
батько,TRUE,TRUE,TRUE,TRUE,TRUE,TRUE
одкровення,TRUE,TRUE,TRUE,TRUE,TRUE,TRUE
бачення,TRUE,TRUE,TRUE,TRUE,TRUE,TRUE
нерозумний,TRUE,TRUE,TRUE,TRUE,TRUE,TRUE
безвідповідальний,TRUE,TRUE,TRUE,TRUE,TRUE,TRUE
гарантія,TRUE,TRUE,TRUE,TRUE,TRUE,TRUE
безпека,TRUE,TRUE,TRUE,TRUE,TRUE,TRUE
сейф,TRUE,TRUE,TRUE,TRUE,TRUE,TRUE
безпечний,TRUE,TRUE,TRUE,TRUE,TRUE,TRUE
прямий,TRUE,TRUE,TRUE,TRUE,TRUE,TRUE
безпосередньо,TRUE,TRUE,TRUE,TRUE,TRUE,TRUE
безпорадний,TRUE,TRUE,TRUE,TRUE,TRUE,TRUE
безсилий,TRUE,TRUE,TRUE,TRUE,TRUE,TRUE
стадіон,TRUE,TRUE,TRUE,TRUE,TRUE,TRUE
бейсбол,TRUE,TRUE,TRUE,TRUE,TRUE,TRUE
тост,TRUE,TRUE,TRUE,TRUE,TRUE,TRUE
бекон,TRUE,TRUE,TRUE,TRUE,TRUE,TRUE
супермен,TRUE,TRUE,TRUE,TRUE,TRUE,TRUE
бетмен,TRUE,TRUE,TRUE,TRUE,TRUE,TRUE
війна,TRUE,TRUE,TRUE,TRUE,TRUE,TRUE
битва,TRUE,TRUE,TRUE,TRUE,TRUE,TRUE
галузь,TRUE,TRUE,TRUE,TRUE,TRUE,TRUE
бізнес,TRUE,TRUE,TRUE,TRUE,TRUE,TRUE
страждання,TRUE,TRUE,TRUE,TRUE,TRUE,TRUE
біль,TRUE,TRUE,TRUE,TRUE,TRUE,TRUE
хімічний,TRUE,TRUE,TRUE,TRUE,TRUE,TRUE
біологічний,TRUE,TRUE,TRUE,TRUE,TRUE,TRUE
хімія,TRUE,TRUE,TRUE,TRUE,TRUE,TRUE
біологія,TRUE,TRUE,TRUE,TRUE,TRUE,TRUE
відчинено,TRUE,TRUE,TRUE,TRUE,TRUE,TRUE
близький,TRUE,TRUE,TRUE,TRUE,TRUE,TRUE
параноїдальний,TRUE,TRUE,TRUE,TRUE,TRUE,TRUE
божевільний,TRUE,TRUE,TRUE,TRUE,TRUE,TRUE
бог,TRUE,TRUE,TRUE,TRUE,TRUE,TRUE
божественний,TRUE,TRUE,TRUE,TRUE,TRUE,TRUE
волосся,TRUE,TRUE,TRUE,TRUE,TRUE,TRUE
борода,TRUE,TRUE,TRUE,TRUE,TRUE,TRUE
бойовий,TRUE,TRUE,TRUE,TRUE,TRUE,TRUE
боротися,TRUE,TRUE,TRUE,TRUE,TRUE,TRUE
зерно,TRUE,TRUE,TRUE,TRUE,TRUE,TRUE
борошно,TRUE,TRUE,TRUE,TRUE,TRUE,TRUE
керівник,TRUE,TRUE,TRUE,TRUE,TRUE,TRUE
бос,TRUE,TRUE,TRUE,TRUE,TRUE,TRUE
вашингтон,TRUE,TRUE,TRUE,TRUE,TRUE,TRUE
бостон,TRUE,TRUE,TRUE,TRUE,TRUE,TRUE
чувак,TRUE,TRUE,TRUE,TRUE,TRUE,TRUE
брат,TRUE,TRUE,TRUE,TRUE,TRUE,TRUE
сестра,TRUE,TRUE,TRUE,TRUE,TRUE,TRUE
брат,TRUE,TRUE,TRUE,TRUE,TRUE,TRUE
лежати,TRUE,TRUE,TRUE,TRUE,TRUE,TRUE
брехун,TRUE,TRUE,TRUE,TRUE,TRUE,TRUE
щит,TRUE,TRUE,TRUE,TRUE,TRUE,TRUE
броня,TRUE,TRUE,TRUE,TRUE,TRUE,TRUE
неприємний,TRUE,TRUE,TRUE,TRUE,TRUE,TRUE
брудний,TRUE,TRUE,TRUE,TRUE,TRUE,TRUE
башта,TRUE,TRUE,TRUE,TRUE,TRUE,TRUE
будівля,TRUE,TRUE,TRUE,TRUE,TRUE,TRUE
будівельний,TRUE,TRUE,TRUE,TRUE,TRUE,TRUE
будувати,TRUE,TRUE,TRUE,TRUE,TRUE,TRUE
телеграма,TRUE,TRUE,TRUE,TRUE,TRUE,TRUE
буква,TRUE,TRUE,TRUE,TRUE,TRUE,TRUE
клітина,TRUE,TRUE,TRUE,TRUE,TRUE,TRUE
в'язниця,TRUE,TRUE,TRUE,TRUE,TRUE,TRUE
народження,TRUE,TRUE,TRUE,TRUE,TRUE,TRUE
вагітність,TRUE,TRUE,TRUE,TRUE,TRUE,TRUE
цінний,TRUE,TRUE,TRUE,TRUE,TRUE,TRUE
важливий,TRUE,TRUE,TRUE,TRUE,TRUE,TRUE
сенс,TRUE,TRUE,TRUE,TRUE,TRUE,TRUE
важливість,TRUE,TRUE,TRUE,TRUE,TRUE,TRUE
антидот,TRUE,TRUE,TRUE,TRUE,TRUE,TRUE
вакцина,TRUE,TRUE,TRUE,TRUE,TRUE,TRUE
портфель,TRUE,TRUE,TRUE,TRUE,TRUE,TRUE
валіза,TRUE,TRUE,TRUE,TRUE,TRUE,TRUE
зомбі,TRUE,TRUE,TRUE,TRUE,TRUE,TRUE
вампір,TRUE,TRUE,TRUE,TRUE,TRUE,TRUE
причіп,TRUE,TRUE,TRUE,TRUE,TRUE,TRUE
фургон,TRUE,TRUE,TRUE,TRUE,TRUE,TRUE
кориця,TRUE,TRUE,TRUE,TRUE,TRUE,TRUE
ваніль,TRUE,TRUE,TRUE,TRUE,TRUE,TRUE
душ,TRUE,TRUE,TRUE,TRUE,TRUE,TRUE
ванна кімната,TRUE,TRUE,TRUE,TRUE,TRUE,TRUE
навантаження,TRUE,TRUE,TRUE,TRUE,TRUE,TRUE
вантаж,TRUE,TRUE,TRUE,TRUE,TRUE,TRUE
джип,TRUE,TRUE,TRUE,TRUE,TRUE,TRUE
вантажівка,TRUE,TRUE,TRUE,TRUE,TRUE,TRUE
шерлок,TRUE,TRUE,TRUE,TRUE,TRUE,TRUE
ватсон,TRUE,TRUE,TRUE,TRUE,TRUE,TRUE
самогубство,TRUE,TRUE,TRUE,TRUE,TRUE,TRUE
вбивство,TRUE,TRUE,TRUE,TRUE,TRUE,TRUE
убивця,TRUE,TRUE,TRUE,TRUE,TRUE,TRUE
вбивця,TRUE,TRUE,TRUE,TRUE,TRUE,TRUE
наємник,TRUE,TRUE,TRUE,TRUE,TRUE,TRUE
вбивця,TRUE,TRUE,TRUE,TRUE,TRUE,TRUE
внизу,TRUE,TRUE,TRUE,TRUE,TRUE,TRUE
вгору,TRUE,TRUE,TRUE,TRUE,TRUE,TRUE
відмінний,TRUE,TRUE,TRUE,TRUE,TRUE,TRUE
великий,TRUE,TRUE,TRUE,TRUE,TRUE,TRUE
палець,TRUE,TRUE,TRUE,TRUE,TRUE,TRUE
великий палець,TRUE,TRUE,TRUE,TRUE,TRUE,TRUE
великий,TRUE,TRUE,TRUE,TRUE,TRUE,TRUE
величезний,TRUE,TRUE,TRUE,TRUE,TRUE,TRUE
марс,TRUE,TRUE,TRUE,TRUE,TRUE,TRUE
венера,TRUE,TRUE,TRUE,TRUE,TRUE,TRUE
клапан,TRUE,TRUE,TRUE,TRUE,TRUE,TRUE
вентиляція,TRUE,TRUE,TRUE,TRUE,TRUE,TRUE
швидка допомога,TRUE,TRUE,TRUE,TRUE,TRUE,TRUE
вертоліт,TRUE,TRUE,TRUE,TRUE,TRUE,TRUE
нижній,TRUE,TRUE,TRUE,TRUE,TRUE,TRUE
верхній,TRUE,TRUE,TRUE,TRUE,TRUE,TRUE
заручення,TRUE,TRUE,TRUE,TRUE,TRUE,TRUE
весілля,TRUE,TRUE,TRUE,TRUE,TRUE,TRUE
ніч,TRUE,TRUE,TRUE,TRUE,TRUE,TRUE
вечір,TRUE,TRUE,TRUE,TRUE,TRUE,TRUE
завантажувати,TRUE,TRUE,TRUE,TRUE,TRUE,TRUE
взуття,TRUE,TRUE,TRUE,TRUE,TRUE,TRUE
обирати,TRUE,TRUE,TRUE,TRUE,TRUE,TRUE
вибирати,TRUE,TRUE,TRUE,TRUE,TRUE,TRUE
кампанія,TRUE,TRUE,TRUE,TRUE,TRUE,TRUE
вибори,TRUE,TRUE,TRUE,TRUE,TRUE,TRUE
кандидат,TRUE,TRUE,TRUE,TRUE,TRUE,TRUE
виборець,TRUE,TRUE,TRUE,TRUE,TRUE,TRUE
землетрус,TRUE,TRUE,TRUE,TRUE,TRUE,TRUE
вибух,TRUE,TRUE,TRUE,TRUE,TRUE,TRUE
лопатись,TRUE,TRUE,TRUE,TRUE,TRUE,TRUE
вибухнути,TRUE,TRUE,TRUE,TRUE,TRUE,TRUE
бомба,TRUE,TRUE,TRUE,TRUE,TRUE,TRUE
вибуховий,TRUE,TRUE,TRUE,TRUE,TRUE,TRUE
дослідження,TRUE,TRUE,TRUE,TRUE,TRUE,TRUE
вивчення,TRUE,TRUE,TRUE,TRUE,TRUE,TRUE
викрадати,TRUE,TRUE,TRUE,TRUE,TRUE,TRUE
вигнати,TRUE,TRUE,TRUE,TRUE,TRUE,TRUE
завиток,TRUE,TRUE,TRUE,TRUE,TRUE,TRUE
виграти,TRUE,TRUE,TRUE,TRUE,TRUE,TRUE
усунути,TRUE,TRUE,TRUE,TRUE,TRUE,TRUE
видалити,TRUE,TRUE,TRUE,TRUE,TRUE,TRUE
жити,TRUE,TRUE,TRUE,TRUE,TRUE,TRUE
вижити,TRUE,TRUE,TRUE,TRUE,TRUE,TRUE
концепція,TRUE,TRUE,TRUE,TRUE,TRUE,TRUE
визначення,TRUE,TRUE,TRUE,TRUE,TRUE,TRUE
студент,TRUE,TRUE,TRUE,TRUE,TRUE,TRUE
викладач,TRUE,TRUE,TRUE,TRUE,TRUE,TRUE
перешкода,TRUE,TRUE,TRUE,TRUE,TRUE,TRUE
виклик,TRUE,TRUE,TRUE,TRUE,TRUE,TRUE
висячий,TRUE,TRUE,TRUE,TRUE,TRUE,TRUE
виконання,TRUE,TRUE,TRUE,TRUE,TRUE,TRUE
застосовувати,TRUE,TRUE,TRUE,TRUE,TRUE,TRUE
використання,TRUE,TRUE,TRUE,TRUE,TRUE,TRUE
викрадач,TRUE,TRUE,TRUE,TRUE,TRUE,TRUE
викуп,TRUE,TRUE,TRUE,TRUE,TRUE,TRUE
ложка,TRUE,TRUE,TRUE,TRUE,TRUE,TRUE
вилка,TRUE,TRUE,TRUE,TRUE,TRUE,TRUE
хапати,TRUE,TRUE,TRUE,TRUE,TRUE,TRUE
виловити,TRUE,TRUE,TRUE,TRUE,TRUE,TRUE
чемпіон,TRUE,TRUE,TRUE,TRUE,TRUE,TRUE
винищувач,TRUE,TRUE,TRUE,TRUE,TRUE,TRUE
невинний,TRUE,TRUE,TRUE,TRUE,TRUE,TRUE
винним,TRUE,TRUE,TRUE,TRUE,TRUE,TRUE
прощати,TRUE,TRUE,TRUE,TRUE,TRUE,TRUE
виправдання,TRUE,TRUE,TRUE,TRUE,TRUE,TRUE
забруднення,TRUE,TRUE,TRUE,TRUE,TRUE,TRUE
випромінювання,TRUE,TRUE,TRUE,TRUE,TRUE,TRUE
диплом,TRUE,TRUE,TRUE,TRUE,TRUE,TRUE
випускник,TRUE,TRUE,TRUE,TRUE,TRUE,TRUE
створювати,TRUE,TRUE,TRUE,TRUE,TRUE,TRUE
виробляти,TRUE,TRUE,TRUE,TRUE,TRUE,TRUE
завод,TRUE,TRUE,TRUE,TRUE,TRUE,TRUE
виробництво,TRUE,TRUE,TRUE,TRUE,TRUE,TRUE
описувати,TRUE,TRUE,TRUE,TRUE,TRUE,TRUE
висловлювати,TRUE,TRUE,TRUE,TRUE,TRUE,TRUE
низький,TRUE,TRUE,TRUE,TRUE,TRUE,TRUE
високий,TRUE,TRUE,TRUE,TRUE,TRUE,TRUE
величність,TRUE,TRUE,TRUE,TRUE,TRUE,TRUE
високість,TRUE,TRUE,TRUE,TRUE,TRUE,TRUE
вага,TRUE,TRUE,TRUE,TRUE,TRUE,TRUE
висота,TRUE,TRUE,TRUE,TRUE,TRUE,TRUE
галерея,TRUE,TRUE,TRUE,TRUE,TRUE,TRUE
виставка,TRUE,TRUE,TRUE,TRUE,TRUE,TRUE
відходи,TRUE,TRUE,TRUE,TRUE,TRUE,TRUE
витрачати,TRUE,TRUE,TRUE,TRUE,TRUE,TRUE
двері,TRUE,TRUE,TRUE,TRUE,TRUE,TRUE
вихід,TRUE,TRUE,TRUE,TRUE,TRUE,TRUE
понеділок,TRUE,TRUE,TRUE,TRUE,TRUE,TRUE
вівторок,TRUE,TRUE,TRUE,TRUE,TRUE,TRUE
прибуття,TRUE,TRUE,TRUE,TRUE,TRUE,TRUE
від'їзд,TRUE,TRUE,TRUE,TRUE,TRUE,TRUE
дна,TRUE,TRUE,TRUE,TRUE,TRUE,TRUE
відбиток пальця,TRUE,TRUE,TRUE,TRUE,TRUE,TRUE
вірність,TRUE,TRUE,TRUE,TRUE,TRUE,TRUE
відданість,TRUE,TRUE,TRUE,TRUE,TRUE,TRUE
двійник,TRUE,TRUE,TRUE,TRUE,TRUE,TRUE
відеоролик,TRUE,TRUE,TRUE,TRUE,TRUE,TRUE
залишати,TRUE,TRUE,TRUE,TRUE,TRUE,TRUE
відмовлятися,TRUE,TRUE,TRUE,TRUE,TRUE,TRUE
реагувати,TRUE,TRUE,TRUE,TRUE,TRUE,TRUE
відповідати,TRUE,TRUE,TRUE,TRUE,TRUE,TRUE
присутність,TRUE,TRUE,TRUE,TRUE,TRUE,TRUE
відсутність,TRUE,TRUE,TRUE,TRUE,TRUE,TRUE
враження,TRUE,TRUE,TRUE,TRUE,TRUE,TRUE
відчуття,TRUE,TRUE,TRUE,TRUE,TRUE,TRUE
прокляття,TRUE,TRUE,TRUE,TRUE,TRUE,TRUE
відьма,TRUE,TRUE,TRUE,TRUE,TRUE,TRUE
цивільний,TRUE,TRUE,TRUE,TRUE,TRUE,TRUE
військовий,TRUE,TRUE,TRUE,TRUE,TRUE,TRUE
снід,TRUE,TRUE,TRUE,TRUE,TRUE,TRUE
віл,TRUE,TRUE,TRUE,TRUE,TRUE,TRUE
вільно,TRUE,TRUE,TRUE,TRUE,TRUE,TRUE
вільний,TRUE,TRUE,TRUE,TRUE,TRUE,TRUE
надія,TRUE,TRUE,TRUE,TRUE,TRUE,TRUE
віра,TRUE,TRUE,TRUE,TRUE,TRUE,TRUE
довіра,TRUE,TRUE,TRUE,TRUE,TRUE,TRUE
вірити,TRUE,TRUE,TRUE,TRUE,TRUE,TRUE
лояльний,TRUE,TRUE,TRUE,TRUE,TRUE,TRUE
вірний,TRUE,TRUE,TRUE,TRUE,TRUE,TRUE
білок,TRUE,TRUE,TRUE,TRUE,TRUE,TRUE
вітамін,TRUE,TRUE,TRUE,TRUE,TRUE,TRUE
якор,TRUE,TRUE,TRUE,TRUE,TRUE,TRUE
вітрило,TRUE,TRUE,TRUE,TRUE,TRUE,TRUE
точка,TRUE,TRUE,TRUE,TRUE,TRUE,TRUE
вказувати,TRUE,TRUE,TRUE,TRUE,TRUE,TRUE
юрисдикція,TRUE,TRUE,TRUE,TRUE,TRUE,TRUE
влада,TRUE,TRUE,TRUE,TRUE,TRUE,TRUE
майно,TRUE,TRUE,TRUE,TRUE,TRUE,TRUE
власник,TRUE,TRUE,TRUE,TRUE,TRUE,TRUE
ведмідь,TRUE,TRUE,TRUE,TRUE,TRUE,TRUE
вовк,TRUE,TRUE,TRUE,TRUE,TRUE,TRUE
пасажирський,TRUE,TRUE,TRUE,TRUE,TRUE,TRUE
водій,TRUE,TRUE,TRUE,TRUE,TRUE,TRUE
вугілля,TRUE,TRUE,TRUE,TRUE,TRUE,TRUE
водневий,TRUE,TRUE,TRUE,TRUE,TRUE,TRUE
солдат,TRUE,TRUE,TRUE,TRUE,TRUE,TRUE
воїн,TRUE,TRUE,TRUE,TRUE,TRUE,TRUE
портал,TRUE,TRUE,TRUE,TRUE,TRUE,TRUE
ворота,TRUE,TRUE,TRUE,TRUE,TRUE,TRUE
практика,TRUE,TRUE,TRUE,TRUE,TRUE,TRUE
вправа,TRUE,TRUE,TRUE,TRUE,TRUE,TRUE
лестити,TRUE,TRUE,TRUE,TRUE,TRUE,TRUE
вражати,TRUE,TRUE,TRUE,TRUE,TRUE,TRUE
сенсаційний,TRUE,TRUE,TRUE,TRUE,TRUE,TRUE
вражаючий,TRUE,TRUE,TRUE,TRUE,TRUE,TRUE
назовні,TRUE,TRUE,TRUE,TRUE,TRUE,TRUE
всередині,TRUE,TRUE,TRUE,TRUE,TRUE,TRUE
бігти,TRUE,TRUE,TRUE,TRUE,TRUE,TRUE
втеча,TRUE,TRUE,TRUE,TRUE,TRUE,TRUE
біженець,TRUE,TRUE,TRUE,TRUE,TRUE,TRUE
втікач,TRUE,TRUE,TRUE,TRUE,TRUE,TRUE
проспект,TRUE,TRUE,TRUE,TRUE,TRUE,TRUE
вулиця,TRUE,TRUE,TRUE,TRUE,TRUE,TRUE
око,TRUE,TRUE,TRUE,TRUE,TRUE,TRUE
вухо,TRUE,TRUE,TRUE,TRUE,TRUE,TRUE
геніальний,TRUE,TRUE,TRUE,TRUE,TRUE,TRUE
вчений,TRUE,TRUE,TRUE,TRUE,TRUE,TRUE
сьогодні,TRUE,TRUE,TRUE,TRUE,TRUE,TRUE
вчора,TRUE,TRUE,TRUE,TRUE,TRUE,TRUE
затока,TRUE,TRUE,TRUE,TRUE,TRUE,TRUE
гавань,TRUE,TRUE,TRUE,TRUE,TRUE,TRUE
стаття,TRUE,TRUE,TRUE,TRUE,TRUE,TRUE
газета,TRUE,TRUE,TRUE,TRUE,TRUE,TRUE
всесвіт,TRUE,TRUE,TRUE,TRUE,TRUE,TRUE
галактика,TRUE,TRUE,TRUE,TRUE,TRUE,TRUE
ілюзія,TRUE,TRUE,TRUE,TRUE,TRUE,TRUE
галюкування,TRUE,TRUE,TRUE,TRUE,TRUE,TRUE
кишеня,TRUE,TRUE,TRUE,TRUE,TRUE,TRUE
гаманець,TRUE,TRUE,TRUE,TRUE,TRUE,TRUE
бутерброд,TRUE,TRUE,TRUE,TRUE,TRUE,TRUE
гамбургер,TRUE,TRUE,TRUE,TRUE,TRUE,TRUE
семінар,TRUE,TRUE,TRUE,TRUE,TRUE,TRUE
гараж,TRUE,TRUE,TRUE,TRUE,TRUE,TRUE
баланс,TRUE,TRUE,TRUE,TRUE,TRUE,TRUE
гармонія,TRUE,TRUE,TRUE,TRUE,TRUE,TRUE
привабливий,TRUE,TRUE,TRUE,TRUE,TRUE,TRUE
гарний,TRUE,TRUE,TRUE,TRUE,TRUE,TRUE
лесбійський,TRUE,TRUE,TRUE,TRUE,TRUE,TRUE
гей,TRUE,TRUE,TRUE,TRUE,TRUE,TRUE
кокаїн,TRUE,TRUE,TRUE,TRUE,TRUE,TRUE
героїн,TRUE,TRUE,TRUE,TRUE,TRUE,TRUE
заслуговувати,TRUE,TRUE,TRUE,TRUE,TRUE,TRUE
гідний,TRUE,TRUE,TRUE,TRUE,TRUE,TRUE
гордість,TRUE,TRUE,TRUE,TRUE,TRUE,TRUE
гідність,TRUE,TRUE,TRUE,TRUE,TRUE,TRUE
піаніно,TRUE,TRUE,TRUE,TRUE,TRUE,TRUE
гітара,TRUE,TRUE,TRUE,TRUE,TRUE,TRUE
національний,TRUE,TRUE,TRUE,TRUE,TRUE,TRUE
глобальний,TRUE,TRUE,TRUE,TRUE,TRUE,TRUE
сліпий,TRUE,TRUE,TRUE,TRUE,TRUE,TRUE
глухий,TRUE,TRUE,TRUE,TRUE,TRUE,TRUE
оголений,TRUE,TRUE,TRUE,TRUE,TRUE,TRUE
голий,TRUE,TRUE,TRUE,TRUE,TRUE,TRUE
втомлений,TRUE,TRUE,TRUE,TRUE,TRUE,TRUE
голодний,TRUE,TRUE,TRUE,TRUE,TRUE,TRUE
більшість,TRUE,TRUE,TRUE,TRUE,TRUE,TRUE
голосувати,TRUE,TRUE,TRUE,TRUE,TRUE,TRUE
марафон,TRUE,TRUE,TRUE,TRUE,TRUE,TRUE
гонка,TRUE,TRUE,TRUE,TRUE,TRUE,TRUE
пагорб,TRUE,TRUE,TRUE,TRUE,TRUE,TRUE
гора,TRUE,TRUE,TRUE,TRUE,TRUE,TRUE
мавпа,TRUE,TRUE,TRUE,TRUE,TRUE,TRUE
горила,TRUE,TRUE,TRUE,TRUE,TRUE,TRUE
віскі,TRUE,TRUE,TRUE,TRUE,TRUE,TRUE
горілка,TRUE,TRUE,TRUE,TRUE,TRUE,TRUE
грати,TRUE,TRUE,TRUE,TRUE,TRUE,TRUE
гра,TRUE,TRUE,TRUE,TRUE,TRUE,TRUE
красти,TRUE,TRUE,TRUE,TRUE,TRUE,TRUE
грабувати,TRUE,TRUE,TRUE,TRUE,TRUE,TRUE
тренер,TRUE,TRUE,TRUE,TRUE,TRUE,TRUE
гравець,TRUE,TRUE,TRUE,TRUE,TRUE,TRUE
кілограм,TRUE,TRUE,TRUE,TRUE,TRUE,TRUE
гран,TRUE,TRUE,TRUE,TRUE,TRUE,TRUE
барон,TRUE,TRUE,TRUE,TRUE,TRUE,TRUE
графиня,TRUE,TRUE,TRUE,TRUE,TRUE,TRUE
римський,TRUE,TRUE,TRUE,TRUE,TRUE,TRUE
грецький,TRUE,TRUE,TRUE,TRUE,TRUE,TRUE
блискавка,TRUE,TRUE,TRUE,TRUE,TRUE,TRUE
грім,TRUE,TRUE,TRUE,TRUE,TRUE,TRUE
готівка,TRUE,TRUE,TRUE,TRUE,TRUE,TRUE
гроші,TRUE,TRUE,TRUE,TRUE,TRUE,TRUE
листопад,TRUE,TRUE,TRUE,TRUE,TRUE,TRUE
грудень,TRUE,TRUE,TRUE,TRUE,TRUE,TRUE
шлунок,TRUE,TRUE,TRUE,TRUE,TRUE,TRUE
груди,TRUE,TRUE,TRUE,TRUE,TRUE,TRUE
банда,TRUE,TRUE,TRUE,TRUE,TRUE,TRUE
група,TRUE,TRUE,TRUE,TRUE,TRUE,TRUE
оркестр,TRUE,TRUE,TRUE,TRUE,TRUE,TRUE
група,TRUE,TRUE,TRUE,TRUE,TRUE,TRUE
пропозиція,TRUE,TRUE,TRUE,TRUE,TRUE,TRUE
давати,TRUE,TRUE,TRUE,TRUE,TRUE,TRUE
близько,TRUE,TRUE,TRUE,TRUE,TRUE,TRUE
далеко,TRUE,TRUE,TRUE,TRUE,TRUE,TRUE
комплімент,TRUE,TRUE,TRUE,TRUE,TRUE,TRUE
дар,TRUE,TRUE,TRUE,TRUE,TRUE,TRUE
вікно,TRUE,TRUE,TRUE,TRUE,TRUE,TRUE
двері,TRUE,TRUE,TRUE,TRUE,TRUE,TRUE
танк,TRUE,TRUE,TRUE,TRUE,TRUE,TRUE
двигун,TRUE,TRUE,TRUE,TRUE,TRUE,TRUE
свобода,TRUE,TRUE,TRUE,TRUE,TRUE,TRUE
демократія,TRUE,TRUE,TRUE,TRUE,TRUE,TRUE
протест,TRUE,TRUE,TRUE,TRUE,TRUE,TRUE
демонстрація,TRUE,TRUE,TRUE,TRUE,TRUE,TRUE
стрес,TRUE,TRUE,TRUE,TRUE,TRUE,TRUE
депресія,TRUE,TRUE,TRUE,TRUE,TRUE,TRUE
кущ,TRUE,TRUE,TRUE,TRUE,TRUE,TRUE
дерева,TRUE,TRUE,TRUE,TRUE,TRUE,TRUE
федеральний,TRUE,TRUE,TRUE,TRUE,TRUE,TRUE
держава,TRUE,TRUE,TRUE,TRUE,TRUE,TRUE
деінде,TRUE,TRUE,TRUE,TRUE,TRUE,TRUE
десь,TRUE,TRUE,TRUE,TRUE,TRUE,TRUE
століття,TRUE,TRUE,TRUE,TRUE,TRUE,TRUE
десятиліття,TRUE,TRUE,TRUE,TRUE,TRUE,TRUE
агент,TRUE,TRUE,TRUE,TRUE,TRUE,TRUE
детектив,TRUE,TRUE,TRUE,TRUE,TRUE,TRUE
мужність,TRUE,TRUE,TRUE,TRUE,TRUE,TRUE
детермінація,TRUE,TRUE,TRUE,TRUE,TRUE,TRUE
дорогий,TRUE,TRUE,TRUE,TRUE,TRUE,TRUE
дешевий,TRUE,TRUE,TRUE,TRUE,TRUE,TRUE
ромео,TRUE,TRUE,TRUE,TRUE,TRUE,TRUE
джульєтта,TRUE,TRUE,TRUE,TRUE,TRUE,TRUE
відбиток,TRUE,TRUE,TRUE,TRUE,TRUE,TRUE
дзеркало,TRUE,TRUE,TRUE,TRUE,TRUE,TRUE
подивитися,TRUE,TRUE,TRUE,TRUE,TRUE,TRUE
дивитися,TRUE,TRUE,TRUE,TRUE,TRUE,TRUE
незвичайний,TRUE,TRUE,TRUE,TRUE,TRUE,TRUE
дивний,TRUE,TRUE,TRUE,TRUE,TRUE,TRUE
вражаючий,TRUE,TRUE,TRUE,TRUE,TRUE,TRUE
дивовижний,TRUE,TRUE,TRUE,TRUE,TRUE,TRUE
порох,TRUE,TRUE,TRUE,TRUE,TRUE,TRUE
динаміт,TRUE,TRUE,TRUE,TRUE,TRUE,TRUE
виробник,TRUE,TRUE,TRUE,TRUE,TRUE,TRUE
директор,TRUE,TRUE,TRUE,TRUE,TRUE,TRUE
маля,TRUE,TRUE,TRUE,TRUE,TRUE,TRUE
дитина,TRUE,TRUE,TRUE,TRUE,TRUE,TRUE
молодь,TRUE,TRUE,TRUE,TRUE,TRUE,TRUE
дитинство,TRUE,TRUE,TRUE,TRUE,TRUE,TRUE
ангел,TRUE,TRUE,TRUE,TRUE,TRUE,TRUE
диявол,TRUE,TRUE,TRUE,TRUE,TRUE,TRUE
хлопчики,TRUE,TRUE,TRUE,TRUE,TRUE,TRUE
дівчата,TRUE,TRUE,TRUE,TRUE,TRUE,TRUE
активний,TRUE,TRUE,TRUE,TRUE,TRUE,TRUE
діяльність,TRUE,TRUE,TRUE,TRUE,TRUE,TRUE
вершина,TRUE,TRUE,TRUE,TRUE,TRUE,TRUE
дно,TRUE,TRUE,TRUE,TRUE,TRUE,TRUE
здравствуйте,TRUE,TRUE,TRUE,TRUE,TRUE,TRUE
до побачення,TRUE,TRUE,TRUE,TRUE,TRUE,TRUE
волонтер,TRUE,TRUE,TRUE,TRUE,TRUE,TRUE
добровільно,TRUE,TRUE,TRUE,TRUE,TRUE,TRUE
короткий,TRUE,TRUE,TRUE,TRUE,TRUE,TRUE
довго,TRUE,TRUE,TRUE,TRUE,TRUE,TRUE
розмір,TRUE,TRUE,TRUE,TRUE,TRUE,TRUE
довжина,TRUE,TRUE,TRUE,TRUE,TRUE,TRUE
повага,TRUE,TRUE,TRUE,TRUE,TRUE,TRUE
довіра,TRUE,TRUE,TRUE,TRUE,TRUE,TRUE
більше,TRUE,TRUE,TRUE,TRUE,TRUE,TRUE
додатковий,TRUE,TRUE,TRUE,TRUE,TRUE,TRUE
дозволяти,TRUE,TRUE,TRUE,TRUE,TRUE,TRUE
дозволяє,TRUE,TRUE,TRUE,TRUE,TRUE,TRUE
докази,TRUE,TRUE,TRUE,TRUE,TRUE,TRUE
доказ,TRUE,TRUE,TRUE,TRUE,TRUE,TRUE
хірург,TRUE,TRUE,TRUE,TRUE,TRUE,TRUE
доктор,TRUE,TRUE,TRUE,TRUE,TRUE,TRUE
управляти,TRUE,TRUE,TRUE,TRUE,TRUE,TRUE
документ,TRUE,TRUE,TRUE,TRUE,TRUE,TRUE
фунт,TRUE,TRUE,TRUE,TRUE,TRUE,TRUE
долар,TRUE,TRUE,TRUE,TRUE,TRUE,TRUE
пустеля,TRUE,TRUE,TRUE,TRUE,TRUE,TRUE
долина,TRUE,TRUE,TRUE,TRUE,TRUE,TRUE
фатум,TRUE,TRUE,TRUE,TRUE,TRUE,TRUE
доля,TRUE,TRUE,TRUE,TRUE,TRUE,TRUE
довідка,TRUE,TRUE,TRUE,TRUE,TRUE,TRUE
допомагати,TRUE,TRUE,TRUE,TRUE,TRUE,TRUE
підтримка,TRUE,TRUE,TRUE,TRUE,TRUE,TRUE
допомога,TRUE,TRUE,TRUE,TRUE,TRUE,TRUE
маршрут,TRUE,TRUE,TRUE,TRUE,TRUE,TRUE
доріжка,TRUE,TRUE,TRUE,TRUE,TRUE,TRUE
ідеальний,TRUE,TRUE,TRUE,TRUE,TRUE,TRUE
досконалий,TRUE,TRUE,TRUE,TRUE,TRUE,TRUE
аналітик,TRUE,TRUE,TRUE,TRUE,TRUE,TRUE
дослідник,TRUE,TRUE,TRUE,TRUE,TRUE,TRUE
досить,TRUE,TRUE,TRUE,TRUE,TRUE,TRUE
достатньо,TRUE,TRUE,TRUE,TRUE,TRUE,TRUE
управляти,TRUE,TRUE,TRUE,TRUE,TRUE,TRUE
досягати успіху,TRUE,TRUE,TRUE,TRUE,TRUE,TRUE
прибуток,TRUE,TRUE,TRUE,TRUE,TRUE,TRUE
дохід,TRUE,TRUE,TRUE,TRUE,TRUE,TRUE
пінг,TRUE,TRUE,TRUE,TRUE,TRUE,TRUE
дрібний,TRUE,TRUE,TRUE,TRUE,TRUE,TRUE
кабель,TRUE,TRUE,TRUE,TRUE,TRUE,TRUE
дріт,TRUE,TRUE,TRUE,TRUE,TRUE,TRUE
колега,TRUE,TRUE,TRUE,TRUE,TRUE,TRUE
друг,TRUE,TRUE,TRUE,TRUE,TRUE,TRUE
відносини,TRUE,TRUE,TRUE,TRUE,TRUE,TRUE
дружба,TRUE,TRUE,TRUE,TRUE,TRUE,TRUE
чоловік,TRUE,TRUE,TRUE,TRUE,TRUE,TRUE
дружина,TRUE,TRUE,TRUE,TRUE,TRUE,TRUE
ввічливий,TRUE,TRUE,TRUE,TRUE,TRUE,TRUE
дружній,TRUE,TRUE,TRUE,TRUE,TRUE,TRUE
надзвичайно,TRUE,TRUE,TRUE,TRUE,TRUE,TRUE
дуже,TRUE,TRUE,TRUE,TRUE,TRUE,TRUE
розглядати,TRUE,TRUE,TRUE,TRUE,TRUE,TRUE
думати,TRUE,TRUE,TRUE,TRUE,TRUE,TRUE
божевілля,TRUE,TRUE,TRUE,TRUE,TRUE,TRUE
дурість,TRUE,TRUE,TRUE,TRUE,TRUE,TRUE
наївний,TRUE,TRUE,TRUE,TRUE,TRUE,TRUE
дурний,TRUE,TRUE,TRUE,TRUE,TRUE,TRUE
душа,TRUE,TRUE,TRUE,TRUE,TRUE,TRUE
дух,TRUE,TRUE,TRUE,TRUE,TRUE,TRUE
упертий,TRUE,TRUE,TRUE,TRUE,TRUE,TRUE
егоїстичний,TRUE,TRUE,TRUE,TRUE,TRUE,TRUE
модний,TRUE,TRUE,TRUE,TRUE,TRUE,TRUE
елегантний,TRUE,TRUE,TRUE,TRUE,TRUE,TRUE
струм,TRUE,TRUE,TRUE,TRUE,TRUE,TRUE
електрика,TRUE,TRUE,TRUE,TRUE,TRUE,TRUE
магнітний,TRUE,TRUE,TRUE,TRUE,TRUE,TRUE
електричний,TRUE,TRUE,TRUE,TRUE,TRUE,TRUE
фактор,TRUE,TRUE,TRUE,TRUE,TRUE,TRUE
елемент,TRUE,TRUE,TRUE,TRUE,TRUE,TRUE
психічний,TRUE,TRUE,TRUE,TRUE,TRUE,TRUE
емоційний,TRUE,TRUE,TRUE,TRUE,TRUE,TRUE
потужність,TRUE,TRUE,TRUE,TRUE,TRUE,TRUE
енергія,TRUE,TRUE,TRUE,TRUE,TRUE,TRUE
чума,TRUE,TRUE,TRUE,TRUE,TRUE,TRUE
епідемія,TRUE,TRUE,TRUE,TRUE,TRUE,TRUE
серія,TRUE,TRUE,TRUE,TRUE,TRUE,TRUE
епізод,TRUE,TRUE,TRUE,TRUE,TRUE,TRUE
вплив,TRUE,TRUE,TRUE,TRUE,TRUE,TRUE
ефект,TRUE,TRUE,TRUE,TRUE,TRUE,TRUE
корисний,TRUE,TRUE,TRUE,TRUE,TRUE,TRUE
ефективний,TRUE,TRUE,TRUE,TRUE,TRUE,TRUE
жалкий,TRUE,TRUE,TRUE,TRUE,TRUE,TRUE
жалюгідний,TRUE,TRUE,TRUE,TRUE,TRUE,TRUE
трюк,TRUE,TRUE,TRUE,TRUE,TRUE,TRUE
жарт,TRUE,TRUE,TRUE,TRUE,TRUE,TRUE
страшний,TRUE,TRUE,TRUE,TRUE,TRUE,TRUE
жахливий,TRUE,TRUE,TRUE,TRUE,TRUE,TRUE
художник,TRUE,TRUE,TRUE,TRUE,TRUE,TRUE
живопис,TRUE,TRUE,TRUE,TRUE,TRUE,TRUE
вдова,TRUE,TRUE,TRUE,TRUE,TRUE,TRUE
жінка,TRUE,TRUE,TRUE,TRUE,TRUE,TRUE
чоловічий,TRUE,TRUE,TRUE,TRUE,TRUE,TRUE
жіночий,TRUE,TRUE,TRUE,TRUE,TRUE,TRUE
вересень,TRUE,TRUE,TRUE,TRUE,TRUE,TRUE
жовтень,TRUE,TRUE,TRUE,TRUE,TRUE,TRUE
червоний,TRUE,TRUE,TRUE,TRUE,TRUE,TRUE
жовтий,TRUE,TRUE,TRUE,TRUE,TRUE,TRUE
міцний,TRUE,TRUE,TRUE,TRUE,TRUE,TRUE
жорсткий,TRUE,TRUE,TRUE,TRUE,TRUE,TRUE
брутальний,TRUE,TRUE,TRUE,TRUE,TRUE,TRUE
жорстокий,TRUE,TRUE,TRUE,TRUE,TRUE,TRUE
зло,TRUE,TRUE,TRUE,TRUE,TRUE,TRUE
жорстокість,TRUE,TRUE,TRUE,TRUE,TRUE,TRUE
проковтнути,TRUE,TRUE,TRUE,TRUE,TRUE,TRUE
жувати,TRUE,TRUE,TRUE,TRUE,TRUE,TRUE
плейбой,TRUE,TRUE,TRUE,TRUE,TRUE,TRUE
журнал,TRUE,TRUE,TRUE,TRUE,TRUE,TRUE
репортер,TRUE,TRUE,TRUE,TRUE,TRUE,TRUE
журналіст,TRUE,TRUE,TRUE,TRUE,TRUE,TRUE
дотепний,TRUE,TRUE,TRUE,TRUE,TRUE,TRUE
забавний,TRUE,TRUE,TRUE,TRUE,TRUE,TRUE
заборонений,TRUE,TRUE,TRUE,TRUE,TRUE,TRUE
забороняти,TRUE,TRUE,TRUE,TRUE,TRUE,TRUE
природно,TRUE,TRUE,TRUE,TRUE,TRUE,TRUE
загалом,TRUE,TRUE,TRUE,TRUE,TRUE,TRUE
назва,TRUE,TRUE,TRUE,TRUE,TRUE,TRUE
заголовок,TRUE,TRUE,TRUE,TRUE,TRUE,TRUE
відновлювати,TRUE,TRUE,TRUE,TRUE,TRUE,TRUE
загоюватися,TRUE,TRUE,TRUE,TRUE,TRUE,TRUE
нормально,TRUE,TRUE,TRUE,TRUE,TRUE,TRUE
зазвичай,TRUE,TRUE,TRUE,TRUE,TRUE,TRUE
кінець,TRUE,TRUE,TRUE,TRUE,TRUE,TRUE
закінчити,TRUE,TRUE,TRUE,TRUE,TRUE,TRUE
незаконний,TRUE,TRUE,TRUE,TRUE,TRUE,TRUE
законний,TRUE,TRUE,TRUE,TRUE,TRUE,TRUE
відкриття,TRUE,TRUE,TRUE,TRUE,TRUE,TRUE
закриття,TRUE,TRUE,TRUE,TRUE,TRUE,TRUE
перебування,TRUE,TRUE,TRUE,TRUE,TRUE,TRUE
залишати,TRUE,TRUE,TRUE,TRUE,TRUE,TRUE
уважність,TRUE,TRUE,TRUE,TRUE,TRUE,TRUE
залучати,TRUE,TRUE,TRUE,TRUE,TRUE,TRUE
замінити,TRUE,TRUE,TRUE,TRUE,TRUE,TRUE
замінник,TRUE,TRUE,TRUE,TRUE,TRUE,TRUE
палац,TRUE,TRUE,TRUE,TRUE,TRUE,TRUE
замку,TRUE,TRUE,TRUE,TRUE,TRUE,TRUE
ключ,TRUE,TRUE,TRUE,TRUE,TRUE,TRUE
замок,TRUE,TRUE,TRUE,TRUE,TRUE,TRUE
розтопити,TRUE,TRUE,TRUE,TRUE,TRUE,TRUE
заморожувати,TRUE,TRUE,TRUE,TRUE,TRUE,TRUE
забути,TRUE,TRUE,TRUE,TRUE,TRUE,TRUE
запам'ятати,TRUE,TRUE,TRUE,TRUE,TRUE,TRUE
смак,TRUE,TRUE,TRUE,TRUE,TRUE,TRUE
запах,TRUE,TRUE,TRUE,TRUE,TRUE,TRUE
рекорд,TRUE,TRUE,TRUE,TRUE,TRUE,TRUE
записування,TRUE,TRUE,TRUE,TRUE,TRUE,TRUE
попит,TRUE,TRUE,TRUE,TRUE,TRUE,TRUE
запит,TRUE,TRUE,TRUE,TRUE,TRUE,TRUE
запитання,TRUE,TRUE,TRUE,TRUE,TRUE,TRUE
запитувати,TRUE,TRUE,TRUE,TRUE,TRUE,TRUE
незнання,TRUE,TRUE,TRUE,TRUE,TRUE,TRUE
зарозумілість,TRUE,TRUE,TRUE,TRUE,TRUE,TRUE
пенсія,TRUE,TRUE,TRUE,TRUE,TRUE,TRUE
зарплата,TRUE,TRUE,TRUE,TRUE,TRUE,TRUE
дозвіл,TRUE,TRUE,TRUE,TRUE,TRUE,TRUE
затвердження,TRUE,TRUE,TRUE,TRUE,TRUE,TRUE
грип,TRUE,TRUE,TRUE,TRUE,TRUE,TRUE
захворювання,TRUE,TRUE,TRUE,TRUE,TRUE,TRUE
боронити,TRUE,TRUE,TRUE,TRUE,TRUE,TRUE
захищати,TRUE,TRUE,TRUE,TRUE,TRUE,TRUE
південний,TRUE,TRUE,TRUE,TRUE,TRUE,TRUE
західний,TRUE,TRUE,TRUE,TRUE,TRUE,TRUE
замкнений,TRUE,TRUE,TRUE,TRUE,TRUE,TRUE
зачинено,TRUE,TRUE,TRUE,TRUE,TRUE,TRUE
коментар,TRUE,TRUE,TRUE,TRUE,TRUE,TRUE
заява,TRUE,TRUE,TRUE,TRUE,TRUE,TRUE
колекціонувати,TRUE,TRUE,TRUE,TRUE,TRUE,TRUE
збирати,TRUE,TRUE,TRUE,TRUE,TRUE,TRUE
пістолет,TRUE,TRUE,TRUE,TRUE,TRUE,TRUE
зброю,TRUE,TRUE,TRUE,TRUE,TRUE,TRUE
арсенал,TRUE,TRUE,TRUE,TRUE,TRUE,TRUE
зброя,TRUE,TRUE,TRUE,TRUE,TRUE,TRUE
гордий,TRUE,TRUE,TRUE,TRUE,TRUE,TRUE
збуджений,TRUE,TRUE,TRUE,TRUE,TRUE,TRUE
стандартний,TRUE,TRUE,TRUE,TRUE,TRUE,TRUE
звичайний,TRUE,TRUE,TRUE,TRUE,TRUE,TRUE
відставка,TRUE,TRUE,TRUE,TRUE,TRUE,TRUE
звільнення,TRUE,TRUE,TRUE,TRUE,TRUE,TRUE
шум,TRUE,TRUE,TRUE,TRUE,TRUE,TRUE
звук,TRUE,TRUE,TRUE,TRUE,TRUE,TRUE
потенціал,TRUE,TRUE,TRUE,TRUE,TRUE,TRUE
здатність,TRUE,TRUE,TRUE,TRUE,TRUE,TRUE
фронт,TRUE,TRUE,TRUE,TRUE,TRUE,TRUE
ззаду,TRUE,TRUE,TRUE,TRUE,TRUE,TRUE
літній,TRUE,TRUE,TRUE,TRUE,TRUE,TRUE
зима,TRUE,TRUE,TRUE,TRUE,TRUE,TRUE
визнавати,TRUE,TRUE,TRUE,TRUE,TRUE,TRUE
зізнатися,TRUE,TRUE,TRUE,TRUE,TRUE,TRUE
знаменитість,TRUE,TRUE,TRUE,TRUE,TRUE,TRUE
зірка,TRUE,TRUE,TRUE,TRUE,TRUE,TRUE
постріл,TRUE,TRUE,TRUE,TRUE,TRUE,TRUE
зйомка,TRUE,TRUE,TRUE,TRUE,TRUE,TRUE
ревнивий,TRUE,TRUE,TRUE,TRUE,TRUE,TRUE
злий,TRUE,TRUE,TRUE,TRUE,TRUE,TRUE
жертва,TRUE,TRUE,TRUE,TRUE,TRUE,TRUE
зловмисник,TRUE,TRUE,TRUE,TRUE,TRUE,TRUE
гріх,TRUE,TRUE,TRUE,TRUE,TRUE,TRUE
злочинність,TRUE,TRUE,TRUE,TRUE,TRUE,TRUE
містити,TRUE,TRUE,TRUE,TRUE,TRUE,TRUE
зміст,TRUE,TRUE,TRUE,TRUE,TRUE,TRUE
черв'як,TRUE,TRUE,TRUE,TRUE,TRUE,TRUE
змія,TRUE,TRUE,TRUE,TRUE,TRUE,TRUE
визнавати,TRUE,TRUE,TRUE,TRUE,TRUE,TRUE
знав,TRUE,TRUE,TRUE,TRUE,TRUE,TRUE
форма,TRUE,TRUE,TRUE,TRUE,TRUE,TRUE
знак,TRUE,TRUE,TRUE,TRUE,TRUE,TRUE
популярний,TRUE,TRUE,TRUE,TRUE,TRUE,TRUE
знаменитий,TRUE,TRUE,TRUE,TRUE,TRUE,TRUE
зараз,TRUE,TRUE,TRUE,TRUE,TRUE,TRUE
знання,TRUE,TRUE,TRUE,TRUE,TRUE,TRUE
досвід,TRUE,TRUE,TRUE,TRUE,TRUE,TRUE
знання,TRUE,TRUE,TRUE,TRUE,TRUE,TRUE
пошук,TRUE,TRUE,TRUE,TRUE,TRUE,TRUE
знаходження,TRUE,TRUE,TRUE,TRUE,TRUE,TRUE
смерть,TRUE,TRUE,TRUE,TRUE,TRUE,TRUE
зникнення,TRUE,TRUE,TRUE,TRUE,TRUE,TRUE
внутрішній,TRUE,TRUE,TRUE,TRUE,TRUE,TRUE
зовнішній,TRUE,TRUE,TRUE,TRUE,TRUE,TRUE
площа,TRUE,TRUE,TRUE,TRUE,TRUE,TRUE
зона,TRUE,TRUE,TRUE,TRUE,TRUE,TRUE
капсула,TRUE,TRUE,TRUE,TRUE,TRUE,TRUE
зонд,TRUE,TRUE,TRUE,TRUE,TRUE,TRUE
шпигун,TRUE,TRUE,TRUE,TRUE,TRUE,TRUE
зрадник,TRUE,TRUE,TRUE,TRUE,TRUE,TRUE
нарешті,TRUE,TRUE,TRUE,TRUE,TRUE,TRUE
зрештою,TRUE,TRUE,TRUE,TRUE,TRUE,TRUE
усвідомлювати,TRUE,TRUE,TRUE,TRUE,TRUE,TRUE
зрозуміти,TRUE,TRUE,TRUE,TRUE,TRUE,TRUE
цвях,TRUE,TRUE,TRUE,TRUE,TRUE,TRUE
зубний,TRUE,TRUE,TRUE,TRUE,TRUE,TRUE
конференція,TRUE,TRUE,TRUE,TRUE,TRUE,TRUE
зустріч,TRUE,TRUE,TRUE,TRUE,TRUE,TRUE
дивитися,TRUE,TRUE,TRUE,TRUE,TRUE,TRUE
зустрічатися,TRUE,TRUE,TRUE,TRUE,TRUE,TRUE
лялька,TRUE,TRUE,TRUE,TRUE,TRUE,TRUE
іграшка,TRUE,TRUE,TRUE,TRUE,TRUE,TRUE
дурень,TRUE,TRUE,TRUE,TRUE,TRUE,TRUE
ідіот,TRUE,TRUE,TRUE,TRUE,TRUE,TRUE
продукти,TRUE,TRUE,TRUE,TRUE,TRUE,TRUE
їжа,TRUE,TRUE,TRUE,TRUE,TRUE,TRUE
водити,TRUE,TRUE,TRUE,TRUE,TRUE,TRUE
їздити,TRUE,TRUE,TRUE,TRUE,TRUE,TRUE
імперський,TRUE,TRUE,TRUE,TRUE,TRUE,TRUE
імператор,TRUE,TRUE,TRUE,TRUE,TRUE,TRUE
династія,TRUE,TRUE,TRUE,TRUE,TRUE,TRUE
імперія,TRUE,TRUE,TRUE,TRUE,TRUE,TRUE
доза,TRUE,TRUE,TRUE,TRUE,TRUE,TRUE
ін'єкція,TRUE,TRUE,TRUE,TRUE,TRUE,TRUE
банкір,TRUE,TRUE,TRUE,TRUE,TRUE,TRUE
інвестор,TRUE,TRUE,TRUE,TRUE,TRUE,TRUE
фінансування,TRUE,TRUE,TRUE,TRUE,TRUE,TRUE
інвестувати,TRUE,TRUE,TRUE,TRUE,TRUE,TRUE
людина,TRUE,TRUE,TRUE,TRUE,TRUE,TRUE
індивідуальний,TRUE,TRUE,TRUE,TRUE,TRUE,TRUE
курятина,TRUE,TRUE,TRUE,TRUE,TRUE,TRUE
індичка,TRUE,TRUE,TRUE,TRUE,TRUE,TRUE
обстеження,TRUE,TRUE,TRUE,TRUE,TRUE,TRUE
інспекція,TRUE,TRUE,TRUE,TRUE,TRUE,TRUE
знаряддя,TRUE,TRUE,TRUE,TRUE,TRUE,TRUE
інструмент,TRUE,TRUE,TRUE,TRUE,TRUE,TRUE
особистий,TRUE,TRUE,TRUE,TRUE,TRUE,TRUE
інтимний,TRUE,TRUE,TRUE,TRUE,TRUE,TRUE
інстинкт,TRUE,TRUE,TRUE,TRUE,TRUE,TRUE
інтуїція,TRUE,TRUE,TRUE,TRUE,TRUE,TRUE
вірус,TRUE,TRUE,TRUE,TRUE,TRUE,TRUE
інфекція,TRUE,TRUE,TRUE,TRUE,TRUE,TRUE
джерело,TRUE,TRUE,TRUE,TRUE,TRUE,TRUE
інформатор,TRUE,TRUE,TRUE,TRUE,TRUE,TRUE
дані,TRUE,TRUE,TRUE,TRUE,TRUE,TRUE
інформація,TRUE,TRUE,TRUE,TRUE,TRUE,TRUE
аналогічний,TRUE,TRUE,TRUE,TRUE,TRUE,TRUE
інший,TRUE,TRUE,TRUE,TRUE,TRUE,TRUE
іронія,TRUE,TRUE,TRUE,TRUE,TRUE,TRUE
іронічний,TRUE,TRUE,TRUE,TRUE,TRUE,TRUE
годувати,TRUE,TRUE,TRUE,TRUE,TRUE,TRUE
їсти,TRUE,TRUE,TRUE,TRUE,TRUE,TRUE
вірогідність,TRUE,TRUE,TRUE,TRUE,TRUE,TRUE
ймовірно,TRUE,TRUE,TRUE,TRUE,TRUE,TRUE
вводити,TRUE,TRUE,TRUE,TRUE,TRUE,TRUE
йти,TRUE,TRUE,TRUE,TRUE,TRUE,TRUE
чашка,TRUE,TRUE,TRUE,TRUE,TRUE,TRUE
кава,TRUE,TRUE,TRUE,TRUE,TRUE,TRUE
рок,TRUE,TRUE,TRUE,TRUE,TRUE,TRUE
камінь,TRUE,TRUE,TRUE,TRUE,TRUE,TRUE
шолом,TRUE,TRUE,TRUE,TRUE,TRUE,TRUE
капелюх,TRUE,TRUE,TRUE,TRUE,TRUE,TRUE
анархія,TRUE,TRUE,TRUE,TRUE,TRUE,TRUE
капіталізм,TRUE,TRUE,TRUE,TRUE,TRUE,TRUE
командувач,TRUE,TRUE,TRUE,TRUE,TRUE,TRUE
капітан,TRUE,TRUE,TRUE,TRUE,TRUE,TRUE
церква,TRUE,TRUE,TRUE,TRUE,TRUE,TRUE
каплиця,TRUE,TRUE,TRUE,TRUE,TRUE,TRUE
єпископ,TRUE,TRUE,TRUE,TRUE,TRUE,TRUE
кардинал,TRUE,TRUE,TRUE,TRUE,TRUE,TRUE
компас,TRUE,TRUE,TRUE,TRUE,TRUE,TRUE
карта,TRUE,TRUE,TRUE,TRUE,TRUE,TRUE
мафія,TRUE,TRUE,TRUE,TRUE,TRUE,TRUE
картель,TRUE,TRUE,TRUE,TRUE,TRUE,TRUE
мучити,TRUE,TRUE,TRUE,TRUE,TRUE,TRUE
катування,TRUE,TRUE,TRUE,TRUE,TRUE,TRUE
таблиця,TRUE,TRUE,TRUE,TRUE,TRUE,TRUE
кафедра,TRUE,TRUE,TRUE,TRUE,TRUE,TRUE
гусак,TRUE,TRUE,TRUE,TRUE,TRUE,TRUE
качка,TRUE,TRUE,TRUE,TRUE,TRUE,TRUE
половина,TRUE,TRUE,TRUE,TRUE,TRUE,TRUE
квартал,TRUE,TRUE,TRUE,TRUE,TRUE,TRUE
будинок,TRUE,TRUE,TRUE,TRUE,TRUE,TRUE
квартира,TRUE,TRUE,TRUE,TRUE,TRUE,TRUE
рослина,TRUE,TRUE,TRUE,TRUE,TRUE,TRUE
квітка,TRUE,TRUE,TRUE,TRUE,TRUE,TRUE
пікнік,TRUE,TRUE,TRUE,TRUE,TRUE,TRUE
кемпінг,TRUE,TRUE,TRUE,TRUE,TRUE,TRUE
підлога,TRUE,TRUE,TRUE,TRUE,TRUE,TRUE
килимок,TRUE,TRUE,TRUE,TRUE,TRUE,TRUE
повітря,TRUE,TRUE,TRUE,TRUE,TRUE,TRUE
кисень,TRUE,TRUE,TRUE,TRUE,TRUE,TRUE
осел,TRUE,TRUE,TRUE,TRUE,TRUE,TRUE
кінь,TRUE,TRUE,TRUE,TRUE,TRUE,TRUE
собака,TRUE,TRUE,TRUE,TRUE,TRUE,TRUE
кішка,TRUE,TRUE,TRUE,TRUE,TRUE,TRUE
типовий,TRUE,TRUE,TRUE,TRUE,TRUE,TRUE
класичний,TRUE,TRUE,TRUE,TRUE,TRUE,TRUE
хворий,TRUE,TRUE,TRUE,TRUE,TRUE,TRUE
клієнт,TRUE,TRUE,TRUE,TRUE,TRUE,TRUE
лікарня,TRUE,TRUE,TRUE,TRUE,TRUE,TRUE
клініка,TRUE,TRUE,TRUE,TRUE,TRUE,TRUE
присягати,TRUE,TRUE,TRUE,TRUE,TRUE,TRUE
клятва,TRUE,TRUE,TRUE,TRUE,TRUE,TRUE
біблія,TRUE,TRUE,TRUE,TRUE,TRUE,TRUE
книга,TRUE,TRUE,TRUE,TRUE,TRUE,TRUE
принцеса,TRUE,TRUE,TRUE,TRUE,TRUE,TRUE
князь,TRUE,TRUE,TRUE,TRUE,TRUE,TRUE
родео,TRUE,TRUE,TRUE,TRUE,TRUE,TRUE
ковбойський,TRUE,TRUE,TRUE,TRUE,TRUE,TRUE
падіння,TRUE,TRUE,TRUE,TRUE,TRUE,TRUE
ковток,TRUE,TRUE,TRUE,TRUE,TRUE,TRUE
ніколи,TRUE,TRUE,TRUE,TRUE,TRUE,TRUE
коли-небудь,TRUE,TRUE,TRUE,TRUE,TRUE,TRUE
плече,TRUE,TRUE,TRUE,TRUE,TRUE,TRUE
коліна,TRUE,TRUE,TRUE,TRUE,TRUE,TRUE
ліга,TRUE,TRUE,TRUE,TRUE,TRUE,TRUE
команда,TRUE,TRUE,TRUE,TRUE,TRUE,TRUE
павук,TRUE,TRUE,TRUE,TRUE,TRUE,TRUE
комаха,TRUE,TRUE,TRUE,TRUE,TRUE,TRUE
драма,TRUE,TRUE,TRUE,TRUE,TRUE,TRUE
комедія,TRUE,TRUE,TRUE,TRUE,TRUE,TRUE
інспектор,TRUE,TRUE,TRUE,TRUE,TRUE,TRUE
комісар,TRUE,TRUE,TRUE,TRUE,TRUE,TRUE
комісія,TRUE,TRUE,TRUE,TRUE,TRUE,TRUE
комітет,TRUE,TRUE,TRUE,TRUE,TRUE,TRUE
програмне забезпечення,TRUE,TRUE,TRUE,TRUE,TRUE,TRUE
комп'ютер,TRUE,TRUE,TRUE,TRUE,TRUE,TRUE
расист,TRUE,TRUE,TRUE,TRUE,TRUE,TRUE
комуніст,TRUE,TRUE,TRUE,TRUE,TRUE,TRUE
закон,TRUE,TRUE,TRUE,TRUE,TRUE,TRUE
конституція,TRUE,TRUE,TRUE,TRUE,TRUE,TRUE
консультація,TRUE,TRUE,TRUE,TRUE,TRUE,TRUE
консультувати,TRUE,TRUE,TRUE,TRUE,TRUE,TRUE
приватний,TRUE,TRUE,TRUE,TRUE,TRUE,TRUE
конфіденційність,TRUE,TRUE,TRUE,TRUE,TRUE,TRUE
зосереджувати,TRUE,TRUE,TRUE,TRUE,TRUE,TRUE
концентрат,TRUE,TRUE,TRUE,TRUE,TRUE,TRUE
турист,TRUE,TRUE,TRUE,TRUE,TRUE,TRUE
концерт,TRUE,TRUE,TRUE,TRUE,TRUE,TRUE
ром,TRUE,TRUE,TRUE,TRUE,TRUE,TRUE
коньяк,TRUE,TRUE,TRUE,TRUE,TRUE,TRUE
оригінальний,TRUE,TRUE,TRUE,TRUE,TRUE,TRUE
копіювати,TRUE,TRUE,TRUE,TRUE,TRUE,TRUE
королівський,TRUE,TRUE,TRUE,TRUE,TRUE,TRUE
королівство,TRUE,TRUE,TRUE,TRUE,TRUE,TRUE
королева,TRUE,TRUE,TRUE,TRUE,TRUE,TRUE
короля,TRUE,TRUE,TRUE,TRUE,TRUE,TRUE
компанія,TRUE,TRUE,TRUE,TRUE,TRUE,TRUE
корпорація,TRUE,TRUE,TRUE,TRUE,TRUE,TRUE
господиня,TRUE,TRUE,TRUE,TRUE,TRUE,TRUE
коханець,TRUE,TRUE,TRUE,TRUE,TRUE,TRUE
алмаз,TRUE,TRUE,TRUE,TRUE,TRUE,TRUE
коштовність,TRUE,TRUE,TRUE,TRUE,TRUE,TRUE
пов'язувати,TRUE,TRUE,TRUE,TRUE,TRUE,TRUE
краватка,TRUE,TRUE,TRUE,TRUE,TRUE,TRUE
чарівність,TRUE,TRUE,TRUE,TRUE,TRUE,TRUE
краса,TRUE,TRUE,TRUE,TRUE,TRUE,TRUE
борг,TRUE,TRUE,TRUE,TRUE,TRUE,TRUE
кредит,TRUE,TRUE,TRUE,TRUE,TRUE,TRUE
ситуація,TRUE,TRUE,TRUE,TRUE,TRUE,TRUE
криза,TRUE,TRUE,TRUE,TRUE,TRUE,TRUE
злодій,TRUE,TRUE,TRUE,TRUE,TRUE,TRUE
кримінальний,TRUE,TRUE,TRUE,TRUE,TRUE,TRUE
окуляри,TRUE,TRUE,TRUE,TRUE,TRUE,TRUE
кришка,TRUE,TRUE,TRUE,TRUE,TRUE,TRUE
лисиця,TRUE,TRUE,TRUE,TRUE,TRUE,TRUE
кролик,TRUE,TRUE,TRUE,TRUE,TRUE,TRUE
відносний,TRUE,TRUE,TRUE,TRUE,TRUE,TRUE
кузен,TRUE,TRUE,TRUE,TRUE,TRUE,TRUE
калібр,TRUE,TRUE,TRUE,TRUE,TRUE,TRUE
куля,TRUE,TRUE,TRUE,TRUE,TRUE,TRUE
сорочка,TRUE,TRUE,TRUE,TRUE,TRUE,TRUE
куртка,TRUE,TRUE,TRUE,TRUE,TRUE,TRUE
дракон,TRUE,TRUE,TRUE,TRUE,TRUE,TRUE
лев,TRUE,TRUE,TRUE,TRUE,TRUE,TRUE
міф,TRUE,TRUE,TRUE,TRUE,TRUE,TRUE
легенда,TRUE,TRUE,TRUE,TRUE,TRUE,TRUE
неможливий,TRUE,TRUE,TRUE,TRUE,TRUE,TRUE
легкий,TRUE,TRUE,TRUE,TRUE,TRUE,TRUE
темрява,TRUE,TRUE,TRUE,TRUE,TRUE,TRUE
легкий,TRUE,TRUE,TRUE,TRUE,TRUE,TRUE
лорд,TRUE,TRUE,TRUE,TRUE,TRUE,TRUE
леді,TRUE,TRUE,TRUE,TRUE,TRUE,TRUE
сержант,TRUE,TRUE,TRUE,TRUE,TRUE,TRUE
лейтенант,TRUE,TRUE,TRUE,TRUE,TRUE,TRUE
семінар,TRUE,TRUE,TRUE,TRUE,TRUE,TRUE
лекція,TRUE,TRUE,TRUE,TRUE,TRUE,TRUE
смоктати,TRUE,TRUE,TRUE,TRUE,TRUE,TRUE
лизати,TRUE,TRUE,TRUE,TRUE,TRUE,TRUE
червень,TRUE,TRUE,TRUE,TRUE,TRUE,TRUE
липень,TRUE,TRUE,TRUE,TRUE,TRUE,TRUE
кашель,TRUE,TRUE,TRUE,TRUE,TRUE,TRUE
лихоманка,TRUE,TRUE,TRUE,TRUE,TRUE,TRUE
консервативний,TRUE,TRUE,TRUE,TRUE,TRUE,TRUE
ліберальний,TRUE,TRUE,TRUE,TRUE,TRUE,TRUE
правий,TRUE,TRUE,TRUE,TRUE,TRUE,TRUE
ліворуч,TRUE,TRUE,TRUE,TRUE,TRUE,TRUE
член,TRUE,TRUE,TRUE,TRUE,TRUE,TRUE
лідер,TRUE,TRUE,TRUE,TRUE,TRUE,TRUE
диван,TRUE,TRUE,TRUE,TRUE,TRUE,TRUE
ліжка,TRUE,TRUE,TRUE,TRUE,TRUE,TRUE
алкоголь,TRUE,TRUE,TRUE,TRUE,TRUE,TRUE
ліки,TRUE,TRUE,TRUE,TRUE,TRUE,TRUE
терапія,TRUE,TRUE,TRUE,TRUE,TRUE,TRUE
лікування,TRUE,TRUE,TRUE,TRUE,TRUE,TRUE
таксі,TRUE,TRUE,TRUE,TRUE,TRUE,TRUE
лімузин,TRUE,TRUE,TRUE,TRUE,TRUE,TRUE
мін,TRUE,TRUE,TRUE,TRUE,TRUE,TRUE
лін,TRUE,TRUE,TRUE,TRUE,TRUE,TRUE
джунглі,TRUE,TRUE,TRUE,TRUE,TRUE,TRUE
ліс,TRUE,TRUE,TRUE,TRUE,TRUE,TRUE
земля,TRUE,TRUE,TRUE,TRUE,TRUE,TRUE
літати,TRUE,TRUE,TRUE,TRUE,TRUE,TRUE
мистецтво,TRUE,TRUE,TRUE,TRUE,TRUE,TRUE
література,TRUE,TRUE,TRUE,TRUE,TRUE,TRUE
тунець,TRUE,TRUE,TRUE,TRUE,TRUE,TRUE
лобстер,TRUE,TRUE,TRUE,TRUE,TRUE,TRUE
ненависть,TRUE,TRUE,TRUE,TRUE,TRUE,TRUE
любов,TRUE,TRUE,TRUE,TRUE,TRUE,TRUE
населення,TRUE,TRUE,TRUE,TRUE,TRUE,TRUE
люди,TRUE,TRUE,TRUE,TRUE,TRUE,TRUE
людина,TRUE,TRUE,TRUE,TRUE,TRUE,TRUE
людський,TRUE,TRUE,TRUE,TRUE,TRUE,TRUE
гнів,TRUE,TRUE,TRUE,TRUE,TRUE,TRUE
лють,TRUE,TRUE,TRUE,TRUE,TRUE,TRUE
налякати,TRUE,TRUE,TRUE,TRUE,TRUE,TRUE
лякати,TRUE,TRUE,TRUE,TRUE,TRUE,TRUE
нервовий,TRUE,TRUE,TRUE,TRUE,TRUE,TRUE
м'яз,TRUE,TRUE,TRUE,TRUE,TRUE,TRUE
свинина,TRUE,TRUE,TRUE,TRUE,TRUE,TRUE
м'ясо,TRUE,TRUE,TRUE,TRUE,TRUE,TRUE
може бути,TRUE,TRUE,TRUE,TRUE,TRUE,TRUE
мабуть,TRUE,TRUE,TRUE,TRUE,TRUE,TRUE
крамниця,TRUE,TRUE,TRUE,TRUE,TRUE,TRUE
магазин,TRUE,TRUE,TRUE,TRUE,TRUE,TRUE
кетчуп,TRUE,TRUE,TRUE,TRUE,TRUE,TRUE
майонез,TRUE,TRUE,TRUE,TRUE,TRUE,TRUE
мінімальний,TRUE,TRUE,TRUE,TRUE,TRUE,TRUE
максимальний,TRUE,TRUE,TRUE,TRUE,TRUE,TRUE
мало,TRUE,TRUE,TRUE,TRUE,TRUE,TRUE
малий,TRUE,TRUE,TRUE,TRUE,TRUE,TRUE
фарбувати,TRUE,TRUE,TRUE,TRUE,TRUE,TRUE
малювати,TRUE,TRUE,TRUE,TRUE,TRUE,TRUE
тато,TRUE,TRUE,TRUE,TRUE,TRUE,TRUE
мама,TRUE,TRUE,TRUE,TRUE,TRUE,TRUE
контроль,TRUE,TRUE,TRUE,TRUE,TRUE,TRUE
маніпулювати,TRUE,TRUE,TRUE,TRUE,TRUE,TRUE
реклама,TRUE,TRUE,TRUE,TRUE,TRUE,TRUE
маркетинг,TRUE,TRUE,TRUE,TRUE,TRUE,TRUE
йога,TRUE,TRUE,TRUE,TRUE,TRUE,TRUE
масаж,TRUE,TRUE,TRUE,TRUE,TRUE,TRUE
вугілля,TRUE,TRUE,TRUE,TRUE,TRUE,TRUE
масло,TRUE,TRUE,TRUE,TRUE,TRUE,TRUE
мед,TRUE,TRUE,TRUE,TRUE,TRUE,TRUE
масло,TRUE,TRUE,TRUE,TRUE,TRUE,TRUE
фізика,TRUE,TRUE,TRUE,TRUE,TRUE,TRUE
математика,TRUE,TRUE,TRUE,TRUE,TRUE,TRUE
піратський,TRUE,TRUE,TRUE,TRUE,TRUE,TRUE
матрос,TRUE,TRUE,TRUE,TRUE,TRUE,TRUE
турнір,TRUE,TRUE,TRUE,TRUE,TRUE,TRUE
матч,TRUE,TRUE,TRUE,TRUE,TRUE,TRUE
робот,TRUE,TRUE,TRUE,TRUE,TRUE,TRUE
машина,TRUE,TRUE,TRUE,TRUE,TRUE,TRUE
транспортний засіб,TRUE,TRUE,TRUE,TRUE,TRUE,TRUE
машина,TRUE,TRUE,TRUE,TRUE,TRUE,TRUE
трофей,TRUE,TRUE,TRUE,TRUE,TRUE,TRUE
медаль,TRUE,TRUE,TRUE,TRUE,TRUE,TRUE
артефакт,TRUE,TRUE,TRUE,TRUE,TRUE,TRUE
медальйон,TRUE,TRUE,TRUE,TRUE,TRUE,TRUE
шериф,TRUE,TRUE,TRUE,TRUE,TRUE,TRUE
мера,TRUE,TRUE,TRUE,TRUE,TRUE,TRUE
живий,TRUE,TRUE,TRUE,TRUE,TRUE,TRUE
мертвий,TRUE,TRUE,TRUE,TRUE,TRUE,TRUE
залізо,TRUE,TRUE,TRUE,TRUE,TRUE,TRUE
металевий,TRUE,TRUE,TRUE,TRUE,TRUE,TRUE
кілометр,TRUE,TRUE,TRUE,TRUE,TRUE,TRUE
метр,TRUE,TRUE,TRUE,TRUE,TRUE,TRUE
технічний,TRUE,TRUE,TRUE,TRUE,TRUE,TRUE
механічний,TRUE,TRUE,TRUE,TRUE,TRUE,TRUE
солодкий,TRUE,TRUE,TRUE,TRUE,TRUE,TRUE
милий,TRUE,TRUE,TRUE,TRUE,TRUE,TRUE
прощення,TRUE,TRUE,TRUE,TRUE,TRUE,TRUE
милосердя,TRUE,TRUE,TRUE,TRUE,TRUE,TRUE
майбутнє,TRUE,TRUE,TRUE,TRUE,TRUE,TRUE
минуле,TRUE,TRUE,TRUE,TRUE,TRUE,TRUE
чистий,TRUE,TRUE,TRUE,TRUE,TRUE,TRUE
мити,TRUE,TRUE,TRUE,TRUE,TRUE,TRUE
телескоп,TRUE,TRUE,TRUE,TRUE,TRUE,TRUE
мікроскоп,TRUE,TRUE,TRUE,TRUE,TRUE,TRUE
камеру,TRUE,TRUE,TRUE,TRUE,TRUE,TRUE
мікрофон,TRUE,TRUE,TRUE,TRUE,TRUE,TRUE
мільйон,TRUE,TRUE,TRUE,TRUE,TRUE,TRUE
мільярд,TRUE,TRUE,TRUE,TRUE,TRUE,TRUE
посольство,TRUE,TRUE,TRUE,TRUE,TRUE,TRUE
міністерство,TRUE,TRUE,TRUE,TRUE,TRUE,TRUE
посла,TRUE,TRUE,TRUE,TRUE,TRUE,TRUE
міністр,TRUE,TRUE,TRUE,TRUE,TRUE,TRUE
плюс,TRUE,TRUE,TRUE,TRUE,TRUE,TRUE
мінус,TRUE,TRUE,TRUE,TRUE,TRUE,TRUE
завдання,TRUE,TRUE,TRUE,TRUE,TRUE,TRUE
місія,TRUE,TRUE,TRUE,TRUE,TRUE,TRUE
капітал,TRUE,TRUE,TRUE,TRUE,TRUE,TRUE
місто,TRUE,TRUE,TRUE,TRUE,TRUE,TRUE
регіональний,TRUE,TRUE,TRUE,TRUE,TRUE,TRUE
місцевий,TRUE,TRUE,TRUE,TRUE,TRUE,TRUE
коробка,TRUE,TRUE,TRUE,TRUE,TRUE,TRUE
мішок,TRUE,TRUE,TRUE,TRUE,TRUE,TRUE
мовчазний,TRUE,TRUE,TRUE,TRUE,TRUE,TRUE
мовчання,TRUE,TRUE,TRUE,TRUE,TRUE,TRUE
шанс,TRUE,TRUE,TRUE,TRUE,TRUE,TRUE
можливість,TRUE,TRUE,TRUE,TRUE,TRUE,TRUE
сухий,TRUE,TRUE,TRUE,TRUE,TRUE,TRUE
мокрий,TRUE,TRUE,TRUE,TRUE,TRUE,TRUE
старий,TRUE,TRUE,TRUE,TRUE,TRUE,TRUE
молодий,TRUE,TRUE,TRUE,TRUE,TRUE,TRUE
старший,TRUE,TRUE,TRUE,TRUE,TRUE,TRUE
молодший,TRUE,TRUE,TRUE,TRUE,TRUE,TRUE
палиця,TRUE,TRUE,TRUE,TRUE,TRUE,TRUE
молоток,TRUE,TRUE,TRUE,TRUE,TRUE,TRUE
сиріт,TRUE,TRUE,TRUE,TRUE,TRUE,TRUE
монастир,TRUE,TRUE,TRUE,TRUE,TRUE,TRUE
храм,TRUE,TRUE,TRUE,TRUE,TRUE,TRUE
монастир,TRUE,TRUE,TRUE,TRUE,TRUE,TRUE
екран,TRUE,TRUE,TRUE,TRUE,TRUE,TRUE
монітор,TRUE,TRUE,TRUE,TRUE,TRUE,TRUE
оргазм,TRUE,TRUE,TRUE,TRUE,TRUE,TRUE
монтаж,TRUE,TRUE,TRUE,TRUE,TRUE,TRUE
аспірин,TRUE,TRUE,TRUE,TRUE,TRUE,TRUE
морфін,TRUE,TRUE,TRUE,TRUE,TRUE,TRUE
готель,TRUE,TRUE,TRUE,TRUE,TRUE,TRUE
мотель,TRUE,TRUE,TRUE,TRUE,TRUE,TRUE
страшний,TRUE,TRUE,TRUE,TRUE,TRUE,TRUE
моторошний,TRUE,TRUE,TRUE,TRUE,TRUE,TRUE
ланцюг,TRUE,TRUE,TRUE,TRUE,TRUE,TRUE
мотузка,TRUE,TRUE,TRUE,TRUE,TRUE,TRUE
кошмар,TRUE,TRUE,TRUE,TRUE,TRUE,TRUE
мрія,TRUE,TRUE,TRUE,TRUE,TRUE,TRUE
бібліотека,TRUE,TRUE,TRUE,TRUE,TRUE,TRUE
музей,TRUE,TRUE,TRUE,TRUE,TRUE,TRUE
джаз,TRUE,TRUE,TRUE,TRUE,TRUE,TRUE
музика,TRUE,TRUE,TRUE,TRUE,TRUE,TRUE
співак,TRUE,TRUE,TRUE,TRUE,TRUE,TRUE
музикант,TRUE,TRUE,TRUE,TRUE,TRUE,TRUE
бджола,TRUE,TRUE,TRUE,TRUE,TRUE,TRUE
мурашка,TRUE,TRUE,TRUE,TRUE,TRUE,TRUE
еволюція,TRUE,TRUE,TRUE,TRUE,TRUE,TRUE
мутація,TRUE,TRUE,TRUE,TRUE,TRUE,TRUE
круглий,TRUE,TRUE,TRUE,TRUE,TRUE,TRUE
навколо,TRUE,TRUE,TRUE,TRUE,TRUE,TRUE
випадково,TRUE,TRUE,TRUE,TRUE,TRUE,TRUE
навмисно,TRUE,TRUE,TRUE,TRUE,TRUE,TRUE
інший,TRUE,TRUE,TRUE,TRUE,TRUE,TRUE
навпаки,TRUE,TRUE,TRUE,TRUE,TRUE,TRUE
навчатися,TRUE,TRUE,TRUE,TRUE,TRUE,TRUE
навчати,TRUE,TRUE,TRUE,TRUE,TRUE,TRUE
бонус,TRUE,TRUE,TRUE,TRUE,TRUE,TRUE
нагорода,TRUE,TRUE,TRUE,TRUE,TRUE,TRUE
дозволяти,TRUE,TRUE,TRUE,TRUE,TRUE,TRUE
надавати,TRUE,TRUE,TRUE,TRUE,TRUE,TRUE
терміновий,TRUE,TRUE,TRUE,TRUE,TRUE,TRUE
надзвичайний,TRUE,TRUE,TRUE,TRUE,TRUE,TRUE
приносити,TRUE,TRUE,TRUE,TRUE,TRUE,TRUE
надсилати,TRUE,TRUE,TRUE,TRUE,TRUE,TRUE
вічний,TRUE,TRUE,TRUE,TRUE,TRUE,TRUE
назавжди,TRUE,TRUE,TRUE,TRUE,TRUE,TRUE
кільце,TRUE,TRUE,TRUE,TRUE,TRUE,TRUE
намисто,TRUE,TRUE,TRUE,TRUE,TRUE,TRUE
призначення,TRUE,TRUE,TRUE,TRUE,TRUE,TRUE
намір,TRUE,TRUE,TRUE,TRUE,TRUE,TRUE
читання,TRUE,TRUE,TRUE,TRUE,TRUE,TRUE
написання,TRUE,TRUE,TRUE,TRUE,TRUE,TRUE
наречений,TRUE,TRUE,TRUE,TRUE,TRUE,TRUE
наречена,TRUE,TRUE,TRUE,TRUE,TRUE,TRUE
країна,TRUE,TRUE,TRUE,TRUE,TRUE,TRUE
народ,TRUE,TRUE,TRUE,TRUE,TRUE,TRUE
ювілей,TRUE,TRUE,TRUE,TRUE,TRUE,TRUE
народження,TRUE,TRUE,TRUE,TRUE,TRUE,TRUE
фактично,TRUE,TRUE,TRUE,TRUE,TRUE,TRUE
насправді,TRUE,TRUE,TRUE,TRUE,TRUE,TRUE
надихати,TRUE,TRUE,TRUE,TRUE,TRUE,TRUE
натхнення,TRUE,TRUE,TRUE,TRUE,TRUE,TRUE
технологія,TRUE,TRUE,TRUE,TRUE,TRUE,TRUE
наука,TRUE,TRUE,TRUE,TRUE,TRUE,TRUE
ризик,TRUE,TRUE,TRUE,TRUE,TRUE,TRUE
небезпека,TRUE,TRUE,TRUE,TRUE,TRUE,TRUE
ризикований,TRUE,TRUE,TRUE,TRUE,TRUE,TRUE
небезпечний,TRUE,TRUE,TRUE,TRUE,TRUE,TRUE
небо,TRUE,TRUE,TRUE,TRUE,TRUE,TRUE
небесний,TRUE,TRUE,TRUE,TRUE,TRUE,TRUE
анонімний,TRUE,TRUE,TRUE,TRUE,TRUE,TRUE
невідомий,TRUE,TRUE,TRUE,TRUE,TRUE,TRUE
позитивний,TRUE,TRUE,TRUE,TRUE,TRUE,TRUE
негативний,TRUE,TRUE,TRUE,TRUE,TRUE,TRUE
субота,TRUE,TRUE,TRUE,TRUE,TRUE,TRUE
неділя,TRUE,TRUE,TRUE,TRUE,TRUE,TRUE
нездатність,TRUE,TRUE,TRUE,TRUE,TRUE,TRUE
нездатний,TRUE,TRUE,TRUE,TRUE,TRUE,TRUE
незручний,TRUE,TRUE,TRUE,TRUE,TRUE,TRUE
неприємний,TRUE,TRUE,TRUE,TRUE,TRUE,TRUE
стурбований,TRUE,TRUE,TRUE,TRUE,TRUE,TRUE
нервовий,TRUE,TRUE,TRUE,TRUE,TRUE,TRUE
раптом,TRUE,TRUE,TRUE,TRUE,TRUE,TRUE
несподівано,TRUE,TRUE,TRUE,TRUE,TRUE,TRUE
неправедність,TRUE,TRUE,TRUE,TRUE,TRUE,TRUE
несправедливість,TRUE,TRUE,TRUE,TRUE,TRUE,TRUE
бідність,TRUE,TRUE,TRUE,TRUE,TRUE,TRUE
нещастя,TRUE,TRUE,TRUE,TRUE,TRUE,TRUE
нещасний,TRUE,TRUE,TRUE,TRUE,TRUE,TRUE
нещастя,TRUE,TRUE,TRUE,TRUE,TRUE,TRUE
просто,TRUE,TRUE,TRUE,TRUE,TRUE,TRUE
нещодавно,TRUE,TRUE,TRUE,TRUE,TRUE,TRUE
м'який,TRUE,TRUE,TRUE,TRUE,TRUE,TRUE
ніжний,TRUE,TRUE,TRUE,TRUE,TRUE,TRUE
марний,TRUE,TRUE,TRUE,TRUE,TRUE,TRUE
нікчемний,TRUE,TRUE,TRUE,TRUE,TRUE,TRUE
канал,TRUE,TRUE,TRUE,TRUE,TRUE,TRUE
новини,TRUE,TRUE,TRUE,TRUE,TRUE,TRUE
меч,TRUE,TRUE,TRUE,TRUE,TRUE,TRUE
ніж,TRUE,TRUE,TRUE,TRUE,TRUE,TRUE
здоровий,TRUE,TRUE,TRUE,TRUE,TRUE,TRUE
нормальний,TRUE,TRUE,TRUE,TRUE,TRUE,TRUE
рот,TRUE,TRUE,TRUE,TRUE,TRUE,TRUE
нос,TRUE,TRUE,TRUE,TRUE,TRUE,TRUE
діарея,TRUE,TRUE,TRUE,TRUE,TRUE,TRUE
нудота,TRUE,TRUE,TRUE,TRUE,TRUE,TRUE
скарга,TRUE,TRUE,TRUE,TRUE,TRUE,TRUE
обвинувачення,TRUE,TRUE,TRUE,TRUE,TRUE,TRUE
розмова,TRUE,TRUE,TRUE,TRUE,TRUE,TRUE
обговорення,TRUE,TRUE,TRUE,TRUE,TRUE,TRUE
закуска,TRUE,TRUE,TRUE,TRUE,TRUE,TRUE
обід,TRUE,TRUE,TRUE,TRUE,TRUE,TRUE
поцілунок,TRUE,TRUE,TRUE,TRUE,TRUE,TRUE
обіймати,TRUE,TRUE,TRUE,TRUE,TRUE,TRUE
гарантія,TRUE,TRUE,TRUE,TRUE,TRUE,TRUE
обіцянка,TRUE,TRUE,TRUE,TRUE,TRUE,TRUE
обладнання,TRUE,TRUE,TRUE,TRUE,TRUE,TRUE
обладнувати,TRUE,TRUE,TRUE,TRUE,TRUE,TRUE
відповідальність,TRUE,TRUE,TRUE,TRUE,TRUE,TRUE
обов'язок,TRUE,TRUE,TRUE,TRUE,TRUE,TRUE
образливість,TRUE,TRUE,TRUE,TRUE,TRUE,TRUE
ображати,TRUE,TRUE,TRUE,TRUE,TRUE,TRUE
служба,TRUE,TRUE,TRUE,TRUE,TRUE,TRUE
обслуговування,TRUE,TRUE,TRUE,TRUE,TRUE,TRUE
брудний,TRUE,TRUE,TRUE,TRUE,TRUE,TRUE
огидний,TRUE,TRUE,TRUE,TRUE,TRUE,TRUE
одиночний,TRUE,TRUE,TRUE,TRUE,TRUE,TRUE
одружений,TRUE,TRUE,TRUE,TRUE,TRUE,TRUE
річка,TRUE,TRUE,TRUE,TRUE,TRUE,TRUE
озеро,TRUE,TRUE,TRUE,TRUE,TRUE,TRUE
море,TRUE,TRUE,TRUE,TRUE,TRUE,TRUE
океан,TRUE,TRUE,TRUE,TRUE,TRUE,TRUE
свіжий,TRUE,TRUE,TRUE,TRUE,TRUE,TRUE
оновити,TRUE,TRUE,TRUE,TRUE,TRUE,TRUE
профіль,TRUE,TRUE,TRUE,TRUE,TRUE,TRUE
опис,TRUE,TRUE,TRUE,TRUE,TRUE,TRUE
опівночі,TRUE,TRUE,TRUE,TRUE,TRUE,TRUE
опівдні,TRUE,TRUE,TRUE,TRUE,TRUE,TRUE
супротив,TRUE,TRUE,TRUE,TRUE,TRUE,TRUE
опір,TRUE,TRUE,TRUE,TRUE,TRUE,TRUE
ворог,TRUE,TRUE,TRUE,TRUE,TRUE,TRUE
опонент,TRUE,TRUE,TRUE,TRUE,TRUE,TRUE
планета,TRUE,TRUE,TRUE,TRUE,TRUE,TRUE
орбіта,TRUE,TRUE,TRUE,TRUE,TRUE,TRUE
сортувати,TRUE,TRUE,TRUE,TRUE,TRUE,TRUE
організувати,TRUE,TRUE,TRUE,TRUE,TRUE,TRUE
орендар,TRUE,TRUE,TRUE,TRUE,TRUE,TRUE
орендодавець,TRUE,TRUE,TRUE,TRUE,TRUE,TRUE
наймання,TRUE,TRUE,TRUE,TRUE,TRUE,TRUE
орендувати,TRUE,TRUE,TRUE,TRUE,TRUE,TRUE
здоров'я,TRUE,TRUE,TRUE,TRUE,TRUE,TRUE
освіта,TRUE,TRUE,TRUE,TRUE,TRUE,TRUE
весна,TRUE,TRUE,TRUE,TRUE,TRUE,TRUE
осінь,TRUE,TRUE,TRUE,TRUE,TRUE,TRUE
характер,TRUE,TRUE,TRUE,TRUE,TRUE,TRUE
особистість,TRUE,TRUE,TRUE,TRUE,TRUE,TRUE
спочатку,TRUE,TRUE,TRUE,TRUE,TRUE,TRUE
остання,TRUE,TRUE,TRUE,TRUE,TRUE,TRUE
останній,TRUE,TRUE,TRUE,TRUE,TRUE,TRUE
остаточний,TRUE,TRUE,TRUE,TRUE,TRUE,TRUE
тріщина,TRUE,TRUE,TRUE,TRUE,TRUE,TRUE
отворити,TRUE,TRUE,TRUE,TRUE,TRUE,TRUE
стіл,TRUE,TRUE,TRUE,TRUE,TRUE,TRUE
офіс,TRUE,TRUE,TRUE,TRUE,TRUE,TRUE
офіціант,TRUE,TRUE,TRUE,TRUE,TRUE,TRUE
офіціантка,TRUE,TRUE,TRUE,TRUE,TRUE,TRUE
офіційно,TRUE,TRUE,TRUE,TRUE,TRUE,TRUE
офіційний,TRUE,TRUE,TRUE,TRUE,TRUE,TRUE
спостереження,TRUE,TRUE,TRUE,TRUE,TRUE,TRUE
оцінка,TRUE,TRUE,TRUE,TRUE,TRUE,TRUE
захоплюватися,TRUE,TRUE,TRUE,TRUE,TRUE,TRUE
оцінювати,TRUE,TRUE,TRUE,TRUE,TRUE,TRUE
чітко,TRUE,TRUE,TRUE,TRUE,TRUE,TRUE
очевидно,TRUE,TRUE,TRUE,TRUE,TRUE,TRUE
чекати,TRUE,TRUE,TRUE,TRUE,TRUE,TRUE
очікувати,TRUE,TRUE,TRUE,TRUE,TRUE,TRUE
тверезий,TRUE,TRUE,TRUE,TRUE,TRUE,TRUE
п'яний,TRUE,TRUE,TRUE,TRUE,TRUE,TRUE
інтернет,TRUE,TRUE,TRUE,TRUE,TRUE,TRUE
павутина,TRUE,TRUE,TRUE,TRUE,TRUE,TRUE
конверт,TRUE,TRUE,TRUE,TRUE,TRUE,TRUE
пакет,TRUE,TRUE,TRUE,TRUE,TRUE,TRUE
газ,TRUE,TRUE,TRUE,TRUE,TRUE,TRUE
паливо,TRUE,TRUE,TRUE,TRUE,TRUE,TRUE
кабіна,TRUE,TRUE,TRUE,TRUE,TRUE,TRUE
палуба,TRUE,TRUE,TRUE,TRUE,TRUE,TRUE
дядько,TRUE,TRUE,TRUE,TRUE,TRUE,TRUE
папа,TRUE,TRUE,TRUE,TRUE,TRUE,TRUE
розділ,TRUE,TRUE,TRUE,TRUE,TRUE,TRUE
параграф,TRUE,TRUE,TRUE,TRUE,TRUE,TRUE
вибір,TRUE,TRUE,TRUE,TRUE,TRUE,TRUE
параметр,TRUE,TRUE,TRUE,TRUE,TRUE,TRUE
надприродливий,TRUE,TRUE,TRUE,TRUE,TRUE,TRUE
паранормальний,TRUE,TRUE,TRUE,TRUE,TRUE,TRUE
стіна,TRUE,TRUE,TRUE,TRUE,TRUE,TRUE
паркан,TRUE,TRUE,TRUE,TRUE,TRUE,TRUE
кодекс,TRUE,TRUE,TRUE,TRUE,TRUE,TRUE
пароль,TRUE,TRUE,TRUE,TRUE,TRUE,TRUE
прийом,TRUE,TRUE,TRUE,TRUE,TRUE,TRUE
партія,TRUE,TRUE,TRUE,TRUE,TRUE,TRUE
помада,TRUE,TRUE,TRUE,TRUE,TRUE,TRUE
парфуми,TRUE,TRUE,TRUE,TRUE,TRUE,TRUE
квиток,TRUE,TRUE,TRUE,TRUE,TRUE,TRUE
паспорт,TRUE,TRUE,TRUE,TRUE,TRUE,TRUE
охоронець,TRUE,TRUE,TRUE,TRUE,TRUE,TRUE
патруль,TRUE,TRUE,TRUE,TRUE,TRUE,TRUE
миша,TRUE,TRUE,TRUE,TRUE,TRUE,TRUE
пацюк,TRUE,TRUE,TRUE,TRUE,TRUE,TRUE
рай,TRUE,TRUE,TRUE,TRUE,TRUE,TRUE
пекло,TRUE,TRUE,TRUE,TRUE,TRUE,TRUE
піхва,TRUE,TRUE,TRUE,TRUE,TRUE,TRUE
пеніс,TRUE,TRUE,TRUE,TRUE,TRUE,TRUE
вторинний,TRUE,TRUE,TRUE,TRUE,TRUE,TRUE
первинний,TRUE,TRUE,TRUE,TRUE,TRUE,TRUE
недооцінювати,TRUE,TRUE,TRUE,TRUE,TRUE,TRUE
перебільшувати,TRUE,TRUE,TRUE,TRUE,TRUE,TRUE
датчик,TRUE,TRUE,TRUE,TRUE,TRUE,TRUE
передавач,TRUE,TRUE,TRUE,TRUE,TRUE,TRUE
рухатися,TRUE,TRUE,TRUE,TRUE,TRUE,TRUE
передача,TRUE,TRUE,TRUE,TRUE,TRUE,TRUE
невдаха,TRUE,TRUE,TRUE,TRUE,TRUE,TRUE
переможець,TRUE,TRUE,TRUE,TRUE,TRUE,TRUE
розбити,TRUE,TRUE,TRUE,TRUE,TRUE,TRUE
перерва,TRUE,TRUE,TRUE,TRUE,TRUE,TRUE
слідувати,TRUE,TRUE,TRUE,TRUE,TRUE,TRUE
переслідувати,TRUE,TRUE,TRUE,TRUE,TRUE,TRUE
радіус,TRUE,TRUE,TRUE,TRUE,TRUE,TRUE
периметр,TRUE,TRUE,TRUE,TRUE,TRUE,TRUE
фаза,TRUE,TRUE,TRUE,TRUE,TRUE,TRUE
період,TRUE,TRUE,TRUE,TRUE,TRUE,TRUE
погляд,TRUE,TRUE,TRUE,TRUE,TRUE,TRUE
перспективний,TRUE,TRUE,TRUE,TRUE,TRUE,TRUE
нирка,TRUE,TRUE,TRUE,TRUE,TRUE,TRUE
печінка,TRUE,TRUE,TRUE,TRUE,TRUE,TRUE
пити,TRUE,TRUE,TRUE,TRUE,TRUE,TRUE
пиво,TRUE,TRUE,TRUE,TRUE,TRUE,TRUE
зола,TRUE,TRUE,TRUE,TRUE,TRUE,TRUE
пил,TRUE,TRUE,TRUE,TRUE,TRUE,TRUE
іржавий,TRUE,TRUE,TRUE,TRUE,TRUE,TRUE
пильний,TRUE,TRUE,TRUE,TRUE,TRUE,TRUE
читати,TRUE,TRUE,TRUE,TRUE,TRUE,TRUE
писати,TRUE,TRUE,TRUE,TRUE,TRUE,TRUE
поет,TRUE,TRUE,TRUE,TRUE,TRUE,TRUE
письменник,TRUE,TRUE,TRUE,TRUE,TRUE,TRUE
південний,TRUE,TRUE,TRUE,TRUE,TRUE,TRUE
північний,TRUE,TRUE,TRUE,TRUE,TRUE,TRUE
готовий,TRUE,TRUE,TRUE,TRUE,TRUE,TRUE
підготувати,TRUE,TRUE,TRUE,TRUE,TRUE,TRUE
контакт,TRUE,TRUE,TRUE,TRUE,TRUE,TRUE
підключення,TRUE,TRUE,TRUE,TRUE,TRUE,TRUE
підлітковий,TRUE,TRUE,TRUE,TRUE,TRUE,TRUE
підліток,TRUE,TRUE,TRUE,TRUE,TRUE,TRUE
сумніватися,TRUE,TRUE,TRUE,TRUE,TRUE,TRUE
підозрювати,TRUE,TRUE,TRUE,TRUE,TRUE,TRUE
печатка,TRUE,TRUE,TRUE,TRUE,TRUE,TRUE
підпис,TRUE,TRUE,TRUE,TRUE,TRUE,TRUE
мільйонер,TRUE,TRUE,TRUE,TRUE,TRUE,TRUE
підприємець,TRUE,TRUE,TRUE,TRUE,TRUE,TRUE
відділ,TRUE,TRUE,TRUE,TRUE,TRUE,TRUE
підрозділ,TRUE,TRUE,TRUE,TRUE,TRUE,TRUE
відмовляти,TRUE,TRUE,TRUE,TRUE,TRUE,TRUE
затверджувати,TRUE,TRUE,TRUE,TRUE,TRUE,TRUE
підтвердження,TRUE,TRUE,TRUE,TRUE,TRUE,TRUE
підтверджувати,TRUE,TRUE,TRUE,TRUE,TRUE,TRUE
заповідник,TRUE,TRUE,TRUE,TRUE,TRUE,TRUE
підтримувати,TRUE,TRUE,TRUE,TRUE,TRUE,TRUE
космонавт,TRUE,TRUE,TRUE,TRUE,TRUE,TRUE
пілот,TRUE,TRUE,TRUE,TRUE,TRUE,TRUE
альбом,TRUE,TRUE,TRUE,TRUE,TRUE,TRUE
пісня,TRUE,TRUE,TRUE,TRUE,TRUE,TRUE
бруд,TRUE,TRUE,TRUE,TRUE,TRUE,TRUE
пісок,TRUE,TRUE,TRUE,TRUE,TRUE,TRUE
гвинтівка,TRUE,TRUE,TRUE,TRUE,TRUE,TRUE
пістолет,TRUE,TRUE,TRUE,TRUE,TRUE,TRUE
духовка,TRUE,TRUE,TRUE,TRUE,TRUE,TRUE
піч,TRUE,TRUE,TRUE,TRUE,TRUE,TRUE
занурений,TRUE,TRUE,TRUE,TRUE,TRUE,TRUE
плавати,TRUE,TRUE,TRUE,TRUE,TRUE,TRUE
підготовка,TRUE,TRUE,TRUE,TRUE,TRUE,TRUE
планування,TRUE,TRUE,TRUE,TRUE,TRUE,TRUE
цемент,TRUE,TRUE,TRUE,TRUE,TRUE,TRUE
пластик,TRUE,TRUE,TRUE,TRUE,TRUE,TRUE
онук,TRUE,TRUE,TRUE,TRUE,TRUE,TRUE
племінник,TRUE,TRUE,TRUE,TRUE,TRUE,TRUE
склянка,TRUE,TRUE,TRUE,TRUE,TRUE,TRUE
пляшка,TRUE,TRUE,TRUE,TRUE,TRUE,TRUE
замикання,TRUE,TRUE,TRUE,TRUE,TRUE,TRUE
повертатися,TRUE,TRUE,TRUE,TRUE,TRUE,TRUE
шар,TRUE,TRUE,TRUE,TRUE,TRUE,TRUE
поверхня,TRUE,TRUE,TRUE,TRUE,TRUE,TRUE
увага,TRUE,TRUE,TRUE,TRUE,TRUE,TRUE
повідомлення,TRUE,TRUE,TRUE,TRUE,TRUE,TRUE
доповідь,TRUE,TRUE,TRUE,TRUE,TRUE,TRUE
повідомляти,TRUE,TRUE,TRUE,TRUE,TRUE,TRUE
порожній,TRUE,TRUE,TRUE,TRUE,TRUE,TRUE
повний,TRUE,TRUE,TRUE,TRUE,TRUE,TRUE
загальний,TRUE,TRUE,TRUE,TRUE,TRUE,TRUE
повний,TRUE,TRUE,TRUE,TRUE,TRUE,TRUE
абсолютно,TRUE,TRUE,TRUE,TRUE,TRUE,TRUE
повністю,TRUE,TRUE,TRUE,TRUE,TRUE,TRUE
поворот,TRUE,TRUE,TRUE,TRUE,TRUE,TRUE
крутити,TRUE,TRUE,TRUE,TRUE,TRUE,TRUE
добрий,TRUE,TRUE,TRUE,TRUE,TRUE,TRUE
поганий,TRUE,TRUE,TRUE,TRUE,TRUE,TRUE
крадіжка,TRUE,TRUE,TRUE,TRUE,TRUE,TRUE
пограбування,TRUE,TRUE,TRUE,TRUE,TRUE,TRUE
явище,TRUE,TRUE,TRUE,TRUE,TRUE,TRUE
подія,TRUE,TRUE,TRUE,TRUE,TRUE,TRUE
гостинність,TRUE,TRUE,TRUE,TRUE,TRUE,TRUE
подяка,TRUE,TRUE,TRUE,TRUE,TRUE,TRUE
текст,TRUE,TRUE,TRUE,TRUE,TRUE,TRUE
поема,TRUE,TRUE,TRUE,TRUE,TRUE,TRUE
благодійність,TRUE,TRUE,TRUE,TRUE,TRUE,TRUE
пожертвування,TRUE,TRUE,TRUE,TRUE,TRUE,TRUE
штраф,TRUE,TRUE,TRUE,TRUE,TRUE,TRUE
позбавлення волі,TRUE,TRUE,TRUE,TRUE,TRUE,TRUE
статус,TRUE,TRUE,TRUE,TRUE,TRUE,TRUE
позиція,TRUE,TRUE,TRUE,TRUE,TRUE,TRUE
гральний,TRUE,TRUE,TRUE,TRUE,TRUE,TRUE
покер,TRUE,TRUE,TRUE,TRUE,TRUE,TRUE
вставляти,TRUE,TRUE,TRUE,TRUE,TRUE,TRUE
покладати,TRUE,TRUE,TRUE,TRUE,TRUE,TRUE
няня,TRUE,TRUE,TRUE,TRUE,TRUE,TRUE
покоївка,TRUE,TRUE,TRUE,TRUE,TRUE,TRUE
продавець,TRUE,TRUE,TRUE,TRUE,TRUE,TRUE
покупець,TRUE,TRUE,TRUE,TRUE,TRUE,TRUE
арена,TRUE,TRUE,TRUE,TRUE,TRUE,TRUE
поле бою,TRUE,TRUE,TRUE,TRUE,TRUE,TRUE
зміна,TRUE,TRUE,TRUE,TRUE,TRUE,TRUE
поліпшення,TRUE,TRUE,TRUE,TRUE,TRUE,TRUE
посадка,TRUE,TRUE,TRUE,TRUE,TRUE,TRUE
політ,TRUE,TRUE,TRUE,TRUE,TRUE,TRUE
політика,TRUE,TRUE,TRUE,TRUE,TRUE,TRUE
політик,TRUE,TRUE,TRUE,TRUE,TRUE,TRUE
журналістика,TRUE,TRUE,TRUE,TRUE,TRUE,TRUE
політика,TRUE,TRUE,TRUE,TRUE,TRUE,TRUE
критичний,TRUE,TRUE,TRUE,TRUE,TRUE,TRUE
політичний,TRUE,TRUE,TRUE,TRUE,TRUE,TRUE
загальний,TRUE,TRUE,TRUE,TRUE,TRUE,TRUE
полковник,TRUE,TRUE,TRUE,TRUE,TRUE,TRUE
пожежа,TRUE,TRUE,TRUE,TRUE,TRUE,TRUE
полум'я,TRUE,TRUE,TRUE,TRUE,TRUE,TRUE
банан,TRUE,TRUE,TRUE,TRUE,TRUE,TRUE
полуниця,TRUE,TRUE,TRUE,TRUE,TRUE,TRUE
зелений,TRUE,TRUE,TRUE,TRUE,TRUE,TRUE
помаранчевий,TRUE,TRUE,TRUE,TRUE,TRUE,TRUE
страждати,TRUE,TRUE,TRUE,TRUE,TRUE,TRUE
померти,TRUE,TRUE,TRUE,TRUE,TRUE,TRUE
похибка,TRUE,TRUE,TRUE,TRUE,TRUE,TRUE
помилка,TRUE,TRUE,TRUE,TRUE,TRUE,TRUE
підробка,TRUE,TRUE,TRUE,TRUE,TRUE,TRUE
помилковий,TRUE,TRUE,TRUE,TRUE,TRUE,TRUE
картопля,TRUE,TRUE,TRUE,TRUE,TRUE,TRUE
помідор,TRUE,TRUE,TRUE,TRUE,TRUE,TRUE
секретар,TRUE,TRUE,TRUE,TRUE,TRUE,TRUE
помічник,TRUE,TRUE,TRUE,TRUE,TRUE,TRUE
перемога,TRUE,TRUE,TRUE,TRUE,TRUE,TRUE
поразка,TRUE,TRUE,TRUE,TRUE,TRUE,TRUE
командування,TRUE,TRUE,TRUE,TRUE,TRUE,TRUE
порядок,TRUE,TRUE,TRUE,TRUE,TRUE,TRUE
завжди,TRUE,TRUE,TRUE,TRUE,TRUE,TRUE
постійно,TRUE,TRUE,TRUE,TRUE,TRUE,TRUE
жалюгідний,TRUE,TRUE,TRUE,TRUE,TRUE,TRUE
потворний,TRUE,TRUE,TRUE,TRUE,TRUE,TRUE
необхідний,TRUE,TRUE,TRUE,TRUE,TRUE,TRUE
потреба,TRUE,TRUE,TRUE,TRUE,TRUE,TRUE
подвійний,TRUE,TRUE,TRUE,TRUE,TRUE,TRUE
потрійний,TRUE,TRUE,TRUE,TRUE,TRUE,TRUE
копати,TRUE,TRUE,TRUE,TRUE,TRUE,TRUE
поховати,TRUE,TRUE,TRUE,TRUE,TRUE,TRUE
труна,TRUE,TRUE,TRUE,TRUE,TRUE,TRUE
похоронний,TRUE,TRUE,TRUE,TRUE,TRUE,TRUE
слухати,TRUE,TRUE,TRUE,TRUE,TRUE,TRUE
почути,TRUE,TRUE,TRUE,TRUE,TRUE,TRUE
пояснення,TRUE,TRUE,TRUE,TRUE,TRUE,TRUE
правдоподібний,TRUE,TRUE,TRUE,TRUE,TRUE,TRUE
неправильний,TRUE,TRUE,TRUE,TRUE,TRUE,TRUE
правильний,TRUE,TRUE,TRUE,TRUE,TRUE,TRUE
буквально,TRUE,TRUE,TRUE,TRUE,TRUE,TRUE
практично,TRUE,TRUE,TRUE,TRUE,TRUE,TRUE
об'єкт,TRUE,TRUE,TRUE,TRUE,TRUE,TRUE
предмет,TRUE,TRUE,TRUE,TRUE,TRUE,TRUE
канцлер,TRUE,TRUE,TRUE,TRUE,TRUE,TRUE
президент,TRUE,TRUE,TRUE,TRUE,TRUE,TRUE
кнопок,TRUE,TRUE,TRUE,TRUE,TRUE,TRUE
прес,TRUE,TRUE,TRUE,TRUE,TRUE,TRUE
корона,TRUE,TRUE,TRUE,TRUE,TRUE,TRUE
престол,TRUE,TRUE,TRUE,TRUE,TRUE,TRUE
вітати,TRUE,TRUE,TRUE,TRUE,TRUE,TRUE
привітати,TRUE,TRUE,TRUE,TRUE,TRUE,TRUE
зручний,TRUE,TRUE,TRUE,TRUE,TRUE,TRUE
приємний,TRUE,TRUE,TRUE,TRUE,TRUE,TRUE
нова,TRUE,TRUE,TRUE,TRUE,TRUE,TRUE
приз,TRUE,TRUE,TRUE,TRUE,TRUE,TRUE
відмовляти,TRUE,TRUE,TRUE,TRUE,TRUE,TRUE
приймати,TRUE,TRUE,TRUE,TRUE,TRUE,TRUE
попряма,TRUE,TRUE,TRUE,TRUE,TRUE,TRUE
приклад,TRUE,TRUE,TRUE,TRUE,TRUE,TRUE
чіп,TRUE,TRUE,TRUE,TRUE,TRUE,TRUE
прилад,TRUE,TRUE,TRUE,TRUE,TRUE,TRUE
пастка,TRUE,TRUE,TRUE,TRUE,TRUE,TRUE
приманка,TRUE,TRUE,TRUE,TRUE,TRUE,TRUE
висновок,TRUE,TRUE,TRUE,TRUE,TRUE,TRUE
припущення,TRUE,TRUE,TRUE,TRUE,TRUE,TRUE
ентузіазм,TRUE,TRUE,TRUE,TRUE,TRUE,TRUE
пристрасть,TRUE,TRUE,TRUE,TRUE,TRUE,TRUE
безпека,TRUE,TRUE,TRUE,TRUE,TRUE,TRUE
притулок,TRUE,TRUE,TRUE,TRUE,TRUE,TRUE
прибути,TRUE,TRUE,TRUE,TRUE,TRUE,TRUE
приходити,TRUE,TRUE,TRUE,TRUE,TRUE,TRUE
результат,TRUE,TRUE,TRUE,TRUE,TRUE,TRUE
причина,TRUE,TRUE,TRUE,TRUE,TRUE,TRUE
псевдонім,TRUE,TRUE,TRUE,TRUE,TRUE,TRUE
прізвище,TRUE,TRUE,TRUE,TRUE,TRUE,TRUE
з,TRUE,TRUE,TRUE,TRUE,TRUE,TRUE
про,TRUE,TRUE,TRUE,TRUE,TRUE,TRUE
неприємність,TRUE,TRUE,TRUE,TRUE,TRUE,TRUE
проблема,TRUE,TRUE,TRUE,TRUE,TRUE,TRUE
успіх,TRUE,TRUE,TRUE,TRUE,TRUE,TRUE
провал,TRUE,TRUE,TRUE,TRUE,TRUE,TRUE
проект,TRUE,TRUE,TRUE,TRUE,TRUE,TRUE
програма,TRUE,TRUE,TRUE,TRUE,TRUE,TRUE
дрімати,TRUE,TRUE,TRUE,TRUE,TRUE,TRUE
прогулянка,TRUE,TRUE,TRUE,TRUE,TRUE,TRUE
запустити,TRUE,TRUE,TRUE,TRUE,TRUE,TRUE
прогулянка,TRUE,TRUE,TRUE,TRUE,TRUE,TRUE
купувати,TRUE,TRUE,TRUE,TRUE,TRUE,TRUE
продавати,TRUE,TRUE,TRUE,TRUE,TRUE,TRUE
аукціон,TRUE,TRUE,TRUE,TRUE,TRUE,TRUE
продаж,TRUE,TRUE,TRUE,TRUE,TRUE,TRUE
дотепність,TRUE,TRUE,TRUE,TRUE,TRUE,TRUE
продовжувати,TRUE,TRUE,TRUE,TRUE,TRUE,TRUE
марка,TRUE,TRUE,TRUE,TRUE,TRUE,TRUE
продукт,TRUE,TRUE,TRUE,TRUE,TRUE,TRUE
показувати,TRUE,TRUE,TRUE,TRUE,TRUE,TRUE
продуктивність,TRUE,TRUE,TRUE,TRUE,TRUE,TRUE
юрист,TRUE,TRUE,TRUE,TRUE,TRUE,TRUE
прокурор,TRUE,TRUE,TRUE,TRUE,TRUE,TRUE
виступ,TRUE,TRUE,TRUE,TRUE,TRUE,TRUE
проповідь,TRUE,TRUE,TRUE,TRUE,TRUE,TRUE
рекомендувати,TRUE,TRUE,TRUE,TRUE,TRUE,TRUE
пропонувати,TRUE,TRUE,TRUE,TRUE,TRUE,TRUE
просто,TRUE,TRUE,TRUE,TRUE,TRUE,TRUE
простий,TRUE,TRUE,TRUE,TRUE,TRUE,TRUE
правила,TRUE,TRUE,TRUE,TRUE,TRUE,TRUE
протокол,TRUE,TRUE,TRUE,TRUE,TRUE,TRUE
модель,TRUE,TRUE,TRUE,TRUE,TRUE,TRUE
прототип,TRUE,TRUE,TRUE,TRUE,TRUE,TRUE
аматорський,TRUE,TRUE,TRUE,TRUE,TRUE,TRUE
професійний,TRUE,TRUE,TRUE,TRUE,TRUE,TRUE
декан,TRUE,TRUE,TRUE,TRUE,TRUE,TRUE
професор,TRUE,TRUE,TRUE,TRUE,TRUE,TRUE
теплий,TRUE,TRUE,TRUE,TRUE,TRUE,TRUE
прохолодний,TRUE,TRUE,TRUE,TRUE,TRUE,TRUE
процес,TRUE,TRUE,TRUE,TRUE,TRUE,TRUE
процедура,TRUE,TRUE,TRUE,TRUE,TRUE,TRUE
медичний,TRUE,TRUE,TRUE,TRUE,TRUE,TRUE
психологічний,TRUE,TRUE,TRUE,TRUE,TRUE,TRUE
анатомія,TRUE,TRUE,TRUE,TRUE,TRUE,TRUE
психологія,TRUE,TRUE,TRUE,TRUE,TRUE,TRUE
метелик,TRUE,TRUE,TRUE,TRUE,TRUE,TRUE
птах,TRUE,TRUE,TRUE,TRUE,TRUE,TRUE
задоволення,TRUE,TRUE,TRUE,TRUE,TRUE,TRUE
радість,TRUE,TRUE,TRUE,TRUE,TRUE,TRUE
округ,TRUE,TRUE,TRUE,TRUE,TRUE,TRUE
район,TRUE,TRUE,TRUE,TRUE,TRUE,TRUE
пухлина,TRUE,TRUE,TRUE,TRUE,TRUE,TRUE
рак,TRUE,TRUE,TRUE,TRUE,TRUE,TRUE
ракета,TRUE,TRUE,TRUE,TRUE,TRUE,TRUE
ракетний,TRUE,TRUE,TRUE,TRUE,TRUE,TRUE
туалет,TRUE,TRUE,TRUE,TRUE,TRUE,TRUE
раковина,TRUE,TRUE,TRUE,TRUE,TRUE,TRUE
пізно,TRUE,TRUE,TRUE,TRUE,TRUE,TRUE
рано,TRUE,TRUE,TRUE,TRUE,TRUE,TRUE
завтра,TRUE,TRUE,TRUE,TRUE,TRUE,TRUE
ранок,TRUE,TRUE,TRUE,TRUE,TRUE,TRUE
білка,TRUE,TRUE,TRUE,TRUE,TRUE,TRUE
раноподібний,TRUE,TRUE,TRUE,TRUE,TRUE,TRUE
генератор,TRUE,TRUE,TRUE,TRUE,TRUE,TRUE
реактор,TRUE,TRUE,TRUE,TRUE,TRUE,TRUE
оптимістичний,TRUE,TRUE,TRUE,TRUE,TRUE,TRUE
реалістичний,TRUE,TRUE,TRUE,TRUE,TRUE,TRUE
справжній,TRUE,TRUE,TRUE,TRUE,TRUE,TRUE
реальний,TRUE,TRUE,TRUE,TRUE,TRUE,TRUE
підсумок,TRUE,TRUE,TRUE,TRUE,TRUE,TRUE
результат,TRUE,TRUE,TRUE,TRUE,TRUE,TRUE
філософія,TRUE,TRUE,TRUE,TRUE,TRUE,TRUE
релігія,TRUE,TRUE,TRUE,TRUE,TRUE,TRUE
виправляти,TRUE,TRUE,TRUE,TRUE,TRUE,TRUE
ремонт,TRUE,TRUE,TRUE,TRUE,TRUE,TRUE
кар'єра,TRUE,TRUE,TRUE,TRUE,TRUE,TRUE
репутація,TRUE,TRUE,TRUE,TRUE,TRUE,TRUE
паб,TRUE,TRUE,TRUE,TRUE,TRUE,TRUE
ресторан,TRUE,TRUE,TRUE,TRUE,TRUE,TRUE
слово,TRUE,TRUE,TRUE,TRUE,TRUE,TRUE
речення,TRUE,TRUE,TRUE,TRUE,TRUE,TRUE
акула,TRUE,TRUE,TRUE,TRUE,TRUE,TRUE
риба,TRUE,TRUE,TRUE,TRUE,TRUE,TRUE
полювання,TRUE,TRUE,TRUE,TRUE,TRUE,TRUE
риболовля,TRUE,TRUE,TRUE,TRUE,TRUE,TRUE
кесар,TRUE,TRUE,TRUE,TRUE,TRUE,TRUE
рим,TRUE,TRUE,TRUE,TRUE,TRUE,TRUE
значок,TRUE,TRUE,TRUE,TRUE,TRUE,TRUE
рівномірний,TRUE,TRUE,TRUE,TRUE,TRUE,TRUE
потік,TRUE,TRUE,TRUE,TRUE,TRUE,TRUE
рідина,TRUE,TRUE,TRUE,TRUE,TRUE,TRUE
зрідка,TRUE,TRUE,TRUE,TRUE,TRUE,TRUE
рідко,TRUE,TRUE,TRUE,TRUE,TRUE,TRUE
виробляти,TRUE,TRUE,TRUE,TRUE,TRUE,TRUE
робити,TRUE,TRUE,TRUE,TRUE,TRUE,TRUE
фермер,TRUE,TRUE,TRUE,TRUE,TRUE,TRUE
робітник,TRUE,TRUE,TRUE,TRUE,TRUE,TRUE
праця,TRUE,TRUE,TRUE,TRUE,TRUE,TRUE
робота,TRUE,TRUE,TRUE,TRUE,TRUE,TRUE
падіння,TRUE,TRUE,TRUE,TRUE,TRUE,TRUE
розвал,TRUE,TRUE,TRUE,TRUE,TRUE,TRUE
прогрес,TRUE,TRUE,TRUE,TRUE,TRUE,TRUE
розвиток,TRUE,TRUE,TRUE,TRUE,TRUE,TRUE
календар,TRUE,TRUE,TRUE,TRUE,TRUE,TRUE
розклад,TRUE,TRUE,TRUE,TRUE,TRUE,TRUE
розмова,TRUE,TRUE,TRUE,TRUE,TRUE,TRUE
розмовляти,TRUE,TRUE,TRUE,TRUE,TRUE,TRUE
сказати,TRUE,TRUE,TRUE,TRUE,TRUE,TRUE
розповідати,TRUE,TRUE,TRUE,TRUE,TRUE,TRUE
рахувати,TRUE,TRUE,TRUE,TRUE,TRUE,TRUE
розраховувати,TRUE,TRUE,TRUE,TRUE,TRUE,TRUE
розрив,TRUE,TRUE,TRUE,TRUE,TRUE,TRUE
розрізати,TRUE,TRUE,TRUE,TRUE,TRUE,TRUE
вивчати,TRUE,TRUE,TRUE,TRUE,TRUE,TRUE
розслідувати,TRUE,TRUE,TRUE,TRUE,TRUE,TRUE
місце,TRUE,TRUE,TRUE,TRUE,TRUE,TRUE
розташування,TRUE,TRUE,TRUE,TRUE,TRUE,TRUE
кмітливий,TRUE,TRUE,TRUE,TRUE,TRUE,TRUE
розумний,TRUE,TRUE,TRUE,TRUE,TRUE,TRUE
ярмарок,TRUE,TRUE,TRUE,TRUE,TRUE,TRUE
розумний,TRUE,TRUE,TRUE,TRUE,TRUE,TRUE
сюрприз,TRUE,TRUE,TRUE,TRUE,TRUE,TRUE
розчарування,TRUE,TRUE,TRUE,TRUE,TRUE,TRUE
драматичний,TRUE,TRUE,TRUE,TRUE,TRUE,TRUE
романтичний,TRUE,TRUE,TRUE,TRUE,TRUE,TRUE
створення,TRUE,TRUE,TRUE,TRUE,TRUE,TRUE
руйнування,TRUE,TRUE,TRUE,TRUE,TRUE,TRUE
ручний,TRUE,TRUE,TRUE,TRUE,TRUE,TRUE
ручка,TRUE,TRUE,TRUE,TRUE,TRUE,TRUE
папір,TRUE,TRUE,TRUE,TRUE,TRUE,TRUE
ручка,TRUE,TRUE,TRUE,TRUE,TRUE,TRUE
ковдра,TRUE,TRUE,TRUE,TRUE,TRUE,TRUE
рушник,TRUE,TRUE,TRUE,TRUE,TRUE,TRUE
герой,TRUE,TRUE,TRUE,TRUE,TRUE,TRUE
рятівник,TRUE,TRUE,TRUE,TRUE,TRUE,TRUE
шпигунство,TRUE,TRUE,TRUE,TRUE,TRUE,TRUE
саботаж,TRUE,TRUE,TRUE,TRUE,TRUE,TRUE
суп,TRUE,TRUE,TRUE,TRUE,TRUE,TRUE
салат,TRUE,TRUE,TRUE,TRUE,TRUE,TRUE
єдиний,TRUE,TRUE,TRUE,TRUE,TRUE,TRUE
самотній,TRUE,TRUE,TRUE,TRUE,TRUE,TRUE
ніндзя,TRUE,TRUE,TRUE,TRUE,TRUE,TRUE
самурай,TRUE,TRUE,TRUE,TRUE,TRUE,TRUE
миля,TRUE,TRUE,TRUE,TRUE,TRUE,TRUE
сантиметр,TRUE,TRUE,TRUE,TRUE,TRUE,TRUE
корова,TRUE,TRUE,TRUE,TRUE,TRUE,TRUE
свиня,TRUE,TRUE,TRUE,TRUE,TRUE,TRUE
ріг,TRUE,TRUE,TRUE,TRUE,TRUE,TRUE
свисток,TRUE,TRUE,TRUE,TRUE,TRUE,TRUE
свідок,TRUE,TRUE,TRUE,TRUE,TRUE,TRUE
свідчення,TRUE,TRUE,TRUE,TRUE,TRUE,TRUE
міжнародний,TRUE,TRUE,TRUE,TRUE,TRUE,TRUE
світ,TRUE,TRUE,TRUE,TRUE,TRUE,TRUE
захід сонця,TRUE,TRUE,TRUE,TRUE,TRUE,TRUE
світанок,TRUE,TRUE,TRUE,TRUE,TRUE,TRUE
лампа,TRUE,TRUE,TRUE,TRUE,TRUE,TRUE
свічка,TRUE,TRUE,TRUE,TRUE,TRUE,TRUE
різдвяний,TRUE,TRUE,TRUE,TRUE,TRUE,TRUE
свято,TRUE,TRUE,TRUE,TRUE,TRUE,TRUE
монах,TRUE,TRUE,TRUE,TRUE,TRUE,TRUE
священик,TRUE,TRUE,TRUE,TRUE,TRUE,TRUE
табір,TRUE,TRUE,TRUE,TRUE,TRUE,TRUE
село,TRUE,TRUE,TRUE,TRUE,TRUE,TRUE
парламент,TRUE,TRUE,TRUE,TRUE,TRUE,TRUE
сенат,TRUE,TRUE,TRUE,TRUE,TRUE,TRUE
губернатор,TRUE,TRUE,TRUE,TRUE,TRUE,TRUE
сенатор,TRUE,TRUE,TRUE,TRUE,TRUE,TRUE
кров,TRUE,TRUE,TRUE,TRUE,TRUE,TRUE
сеча,TRUE,TRUE,TRUE,TRUE,TRUE,TRUE
дим,TRUE,TRUE,TRUE,TRUE,TRUE,TRUE
сигара,TRUE,TRUE,TRUE,TRUE,TRUE,TRUE
тютюн,TRUE,TRUE,TRUE,TRUE,TRUE,TRUE
сигарета,TRUE,TRUE,TRUE,TRUE,TRUE,TRUE
частота,TRUE,TRUE,TRUE,TRUE,TRUE,TRUE
сигнал,TRUE,TRUE,TRUE,TRUE,TRUE,TRUE
сповіщення,TRUE,TRUE,TRUE,TRUE,TRUE,TRUE
сигналізація,TRUE,TRUE,TRUE,TRUE,TRUE,TRUE
стояти,TRUE,TRUE,TRUE,TRUE,TRUE,TRUE
сидіти,TRUE,TRUE,TRUE,TRUE,TRUE,TRUE
міць,TRUE,TRUE,TRUE,TRUE,TRUE,TRUE
сила,TRUE,TRUE,TRUE,TRUE,TRUE,TRUE
міцно,TRUE,TRUE,TRUE,TRUE,TRUE,TRUE
сильно,TRUE,TRUE,TRUE,TRUE,TRUE,TRUE
важкий,TRUE,TRUE,TRUE,TRUE,TRUE,TRUE
сильно,TRUE,TRUE,TRUE,TRUE,TRUE,TRUE
прапор,TRUE,TRUE,TRUE,TRUE,TRUE,TRUE
символ,TRUE,TRUE,TRUE,TRUE,TRUE,TRUE
дочка,TRUE,TRUE,TRUE,TRUE,TRUE,TRUE
син,TRUE,TRUE,TRUE,TRUE,TRUE,TRUE
симптом,TRUE,TRUE,TRUE,TRUE,TRUE,TRUE
синдром,TRUE,TRUE,TRUE,TRUE,TRUE,TRUE
коричневий,TRUE,TRUE,TRUE,TRUE,TRUE,TRUE
синій,TRUE,TRUE,TRUE,TRUE,TRUE,TRUE
дряпати,TRUE,TRUE,TRUE,TRUE,TRUE,TRUE
синяк,TRUE,TRUE,TRUE,TRUE,TRUE,TRUE
хліб,TRUE,TRUE,TRUE,TRUE,TRUE,TRUE
сир,TRUE,TRUE,TRUE,TRUE,TRUE,TRUE
мережа,TRUE,TRUE,TRUE,TRUE,TRUE,TRUE
система,TRUE,TRUE,TRUE,TRUE,TRUE,TRUE
молочний,TRUE,TRUE,TRUE,TRUE,TRUE,TRUE
сік,TRUE,TRUE,TRUE,TRUE,TRUE,TRUE
клан,TRUE,TRUE,TRUE,TRUE,TRUE,TRUE
сім'я,TRUE,TRUE,TRUE,TRUE,TRUE,TRUE
плітки,TRUE,TRUE,TRUE,TRUE,TRUE,TRUE
скандал,TRUE,TRUE,TRUE,TRUE,TRUE,TRUE
збільшити,TRUE,TRUE,TRUE,TRUE,TRUE,TRUE
скорочувати,TRUE,TRUE,TRUE,TRUE,TRUE,TRUE
стриманий,TRUE,TRUE,TRUE,TRUE,TRUE,TRUE
скромний,TRUE,TRUE,TRUE,TRUE,TRUE,TRUE
сильний,TRUE,TRUE,TRUE,TRUE,TRUE,TRUE
слабкий,TRUE,TRUE,TRUE,TRUE,TRUE,TRUE
славний,TRUE,TRUE,TRUE,TRUE,TRUE,TRUE
слава,TRUE,TRUE,TRUE,TRUE,TRUE,TRUE
раб,TRUE,TRUE,TRUE,TRUE,TRUE,TRUE
слуга,TRUE,TRUE,TRUE,TRUE,TRUE,TRUE
апетитний,TRUE,TRUE,TRUE,TRUE,TRUE,TRUE
смачний,TRUE,TRUE,TRUE,TRUE,TRUE,TRUE
кошик,TRUE,TRUE,TRUE,TRUE,TRUE,TRUE
сміття,TRUE,TRUE,TRUE,TRUE,TRUE,TRUE
усмішка,TRUE,TRUE,TRUE,TRUE,TRUE,TRUE
сміятися,TRUE,TRUE,TRUE,TRUE,TRUE,TRUE
шутер,TRUE,TRUE,TRUE,TRUE,TRUE,TRUE
снайпер,TRUE,TRUE,TRUE,TRUE,TRUE,TRUE
дощ,TRUE,TRUE,TRUE,TRUE,TRUE,TRUE
сніг,TRUE,TRUE,TRUE,TRUE,TRUE,TRUE
обід,TRUE,TRUE,TRUE,TRUE,TRUE,TRUE
сніданок,TRUE,TRUE,TRUE,TRUE,TRUE,TRUE
лимонад,TRUE,TRUE,TRUE,TRUE,TRUE,TRUE
сода,TRUE,TRUE,TRUE,TRUE,TRUE,TRUE
місяць,TRUE,TRUE,TRUE,TRUE,TRUE,TRUE
сонце,TRUE,TRUE,TRUE,TRUE,TRUE,TRUE
місячний,TRUE,TRUE,TRUE,TRUE,TRUE,TRUE
сонячний,TRUE,TRUE,TRUE,TRUE,TRUE,TRUE
крем,TRUE,TRUE,TRUE,TRUE,TRUE,TRUE
соус,TRUE,TRUE,TRUE,TRUE,TRUE,TRUE
лазанья,TRUE,TRUE,TRUE,TRUE,TRUE,TRUE
спагетті,TRUE,TRUE,TRUE,TRUE,TRUE,TRUE
кімната,TRUE,TRUE,TRUE,TRUE,TRUE,TRUE
спальня,TRUE,TRUE,TRUE,TRUE,TRUE,TRUE
хаос,TRUE,TRUE,TRUE,TRUE,TRUE,TRUE
спантеличеність,TRUE,TRUE,TRUE,TRUE,TRUE,TRUE
вдячний,TRUE,TRUE,TRUE,TRUE,TRUE,TRUE
спасибі,TRUE,TRUE,TRUE,TRUE,TRUE,TRUE
спокійний,TRUE,TRUE,TRUE,TRUE,TRUE,TRUE
спати,TRUE,TRUE,TRUE,TRUE,TRUE,TRUE
експерт,TRUE,TRUE,TRUE,TRUE,TRUE,TRUE
спеціаліст,TRUE,TRUE,TRUE,TRUE,TRUE,TRUE
терпіння,TRUE,TRUE,TRUE,TRUE,TRUE,TRUE
співчуття,TRUE,TRUE,TRUE,TRUE,TRUE,TRUE
навігація,TRUE,TRUE,TRUE,TRUE,TRUE,TRUE
спілкування,TRUE,TRUE,TRUE,TRUE,TRUE,TRUE
суспільство,TRUE,TRUE,TRUE,TRUE,TRUE,TRUE
спільнота,TRUE,TRUE,TRUE,TRUE,TRUE,TRUE
спокійно,TRUE,TRUE,TRUE,TRUE,TRUE,TRUE
спокійний,TRUE,TRUE,TRUE,TRUE,TRUE,TRUE
хобі,TRUE,TRUE,TRUE,TRUE,TRUE,TRUE
спорт,TRUE,TRUE,TRUE,TRUE,TRUE,TRUE
помститися,TRUE,TRUE,TRUE,TRUE,TRUE,TRUE
справедливість,TRUE,TRUE,TRUE,TRUE,TRUE,TRUE
голод,TRUE,TRUE,TRUE,TRUE,TRUE,TRUE
спрага,TRUE,TRUE,TRUE,TRUE,TRUE,TRUE
спробувати,TRUE,TRUE,TRUE,TRUE,TRUE,TRUE
спроба,TRUE,TRUE,TRUE,TRUE,TRUE,TRUE
золотий,TRUE,TRUE,TRUE,TRUE,TRUE,TRUE
срібло,TRUE,TRUE,TRUE,TRUE,TRUE,TRUE
думка,TRUE,TRUE,TRUE,TRUE,TRUE,TRUE
ставлення,TRUE,TRUE,TRUE,TRUE,TRUE,TRUE
бетон,TRUE,TRUE,TRUE,TRUE,TRUE,TRUE
сталь,TRUE,TRUE,TRUE,TRUE,TRUE,TRUE
платформа,TRUE,TRUE,TRUE,TRUE,TRUE,TRUE
станція,TRUE,TRUE,TRUE,TRUE,TRUE,TRUE
виникнути,TRUE,TRUE,TRUE,TRUE,TRUE,TRUE
статися,TRUE,TRUE,TRUE,TRUE,TRUE,TRUE
пам'ятник,TRUE,TRUE,TRUE,TRUE,TRUE,TRUE
статуя,TRUE,TRUE,TRUE,TRUE,TRUE,TRUE
монстр,TRUE,TRUE,TRUE,TRUE,TRUE,TRUE
створіння,TRUE,TRUE,TRUE,TRUE,TRUE,TRUE
ритм,TRUE,TRUE,TRUE,TRUE,TRUE,TRUE
стиль,TRUE,TRUE,TRUE,TRUE,TRUE,TRUE
тисяча,TRUE,TRUE,TRUE,TRUE,TRUE,TRUE
сто,TRUE,TRUE,TRUE,TRUE,TRUE,TRUE
заважати,TRUE,TRUE,TRUE,TRUE,TRUE,TRUE
стоп,TRUE,TRUE,TRUE,TRUE,TRUE,TRUE
ударити,TRUE,TRUE,TRUE,TRUE,TRUE,TRUE
страйк,TRUE,TRUE,TRUE,TRUE,TRUE,TRUE
планувати,TRUE,TRUE,TRUE,TRUE,TRUE,TRUE
стратегія,TRUE,TRUE,TRUE,TRUE,TRUE,TRUE
жах,TRUE,TRUE,TRUE,TRUE,TRUE,TRUE
страх,TRUE,TRUE,TRUE,TRUE,TRUE,TRUE
підйом,TRUE,TRUE,TRUE,TRUE,TRUE,TRUE
стрибок,TRUE,TRUE,TRUE,TRUE,TRUE,TRUE
піраміда,TRUE,TRUE,TRUE,TRUE,TRUE,TRUE
структура,TRUE,TRUE,TRUE,TRUE,TRUE,TRUE
судовий,TRUE,TRUE,TRUE,TRUE,TRUE,TRUE
судити,TRUE,TRUE,TRUE,TRUE,TRUE,TRUE
екіпаж,TRUE,TRUE,TRUE,TRUE,TRUE,TRUE
судно,TRUE,TRUE,TRUE,TRUE,TRUE,TRUE
слух,TRUE,TRUE,TRUE,TRUE,TRUE,TRUE
судовий процес,TRUE,TRUE,TRUE,TRUE,TRUE,TRUE
спідниця,TRUE,TRUE,TRUE,TRUE,TRUE,TRUE
сукня,TRUE,TRUE,TRUE,TRUE,TRUE,TRUE
число,TRUE,TRUE,TRUE,TRUE,TRUE,TRUE
сума,TRUE,TRUE,TRUE,TRUE,TRUE,TRUE
поєднання,TRUE,TRUE,TRUE,TRUE,TRUE,TRUE
суміш,TRUE,TRUE,TRUE,TRUE,TRUE,TRUE
конфлікт,TRUE,TRUE,TRUE,TRUE,TRUE,TRUE
суперечка,TRUE,TRUE,TRUE,TRUE,TRUE,TRUE
ескорт,TRUE,TRUE,TRUE,TRUE,TRUE,TRUE
супроводжувати,TRUE,TRUE,TRUE,TRUE,TRUE,TRUE
радар,TRUE,TRUE,TRUE,TRUE,TRUE,TRUE
супутник,TRUE,TRUE,TRUE,TRUE,TRUE,TRUE
західний,TRUE,TRUE,TRUE,TRUE,TRUE,TRUE
східний,TRUE,TRUE,TRUE,TRUE,TRUE,TRUE
покривати,TRUE,TRUE,TRUE,TRUE,TRUE,TRUE
сховатися,TRUE,TRUE,TRUE,TRUE,TRUE,TRUE
капсула,TRUE,TRUE,TRUE,TRUE,TRUE,TRUE
таблетка,TRUE,TRUE,TRUE,TRUE,TRUE,TRUE
секретний,TRUE,TRUE,TRUE,TRUE,TRUE,TRUE
таємниця,TRUE,TRUE,TRUE,TRUE,TRUE,TRUE
детонатор,TRUE,TRUE,TRUE,TRUE,TRUE,TRUE
таймер,TRUE,TRUE,TRUE,TRUE,TRUE,TRUE
гаразд,TRUE,TRUE,TRUE,TRUE,TRUE,TRUE
так,TRUE,TRUE,TRUE,TRUE,TRUE,TRUE
потенціал,TRUE,TRUE,TRUE,TRUE,TRUE,TRUE
талант,TRUE,TRUE,TRUE,TRUE,TRUE,TRUE
тут,TRUE,TRUE,TRUE,TRUE,TRUE,TRUE
там,TRUE,TRUE,TRUE,TRUE,TRUE,TRUE
танцівниця,TRUE,TRUE,TRUE,TRUE,TRUE,TRUE
танцювати,TRUE,TRUE,TRUE,TRUE,TRUE,TRUE
чаша,TRUE,TRUE,TRUE,TRUE,TRUE,TRUE
тарілка,TRUE,TRUE,TRUE,TRUE,TRUE,TRUE
звір,TRUE,TRUE,TRUE,TRUE,TRUE,TRUE
тварина,TRUE,TRUE,TRUE,TRUE,TRUE,TRUE
уява,TRUE,TRUE,TRUE,TRUE,TRUE,TRUE
творчість,TRUE,TRUE,TRUE,TRUE,TRUE,TRUE
кінотеатр,TRUE,TRUE,TRUE,TRUE,TRUE,TRUE
театр,TRUE,TRUE,TRUE,TRUE,TRUE,TRUE
радіо,TRUE,TRUE,TRUE,TRUE,TRUE,TRUE
телебачення,TRUE,TRUE,TRUE,TRUE,TRUE,TRUE
зателефонувати,TRUE,TRUE,TRUE,TRUE,TRUE,TRUE
телефон,TRUE,TRUE,TRUE,TRUE,TRUE,TRUE
тінь,TRUE,TRUE,TRUE,TRUE,TRUE,TRUE
темний,TRUE,TRUE,TRUE,TRUE,TRUE,TRUE
тепло,TRUE,TRUE,TRUE,TRUE,TRUE,TRUE
температура,TRUE,TRUE,TRUE,TRUE,TRUE,TRUE
гольф,TRUE,TRUE,TRUE,TRUE,TRUE,TRUE
теніс,TRUE,TRUE,TRUE,TRUE,TRUE,TRUE
ідея,TRUE,TRUE,TRUE,TRUE,TRUE,TRUE
теорія,TRUE,TRUE,TRUE,TRUE,TRUE,TRUE
експеримент,TRUE,TRUE,TRUE,TRUE,TRUE,TRUE
тестування,TRUE,TRUE,TRUE,TRUE,TRUE,TRUE
метод,TRUE,TRUE,TRUE,TRUE,TRUE,TRUE
техніка,TRUE,TRUE,TRUE,TRUE,TRUE,TRUE
місяць,TRUE,TRUE,TRUE,TRUE,TRUE,TRUE
тиждень,TRUE,TRUE,TRUE,TRUE,TRUE,TRUE
пульс,TRUE,TRUE,TRUE,TRUE,TRUE,TRUE
тиск,TRUE,TRUE,TRUE,TRUE,TRUE,TRUE
шкіра,TRUE,TRUE,TRUE,TRUE,TRUE,TRUE
тканина,TRUE,TRUE,TRUE,TRUE,TRUE,TRUE
тонкий,TRUE,TRUE,TRUE,TRUE,TRUE,TRUE
товстий,TRUE,TRUE,TRUE,TRUE,TRUE,TRUE
комерційний,TRUE,TRUE,TRUE,TRUE,TRUE,TRUE
торговець,TRUE,TRUE,TRUE,TRUE,TRUE,TRUE
ураган,TRUE,TRUE,TRUE,TRUE,TRUE,TRUE
торнадо,TRUE,TRUE,TRUE,TRUE,TRUE,TRUE
десерт,TRUE,TRUE,TRUE,TRUE,TRUE,TRUE
торт,TRUE,TRUE,TRUE,TRUE,TRUE,TRUE
рана,TRUE,TRUE,TRUE,TRUE,TRUE,TRUE
травма,TRUE,TRUE,TRUE,TRUE,TRUE,TRUE
сумний,TRUE,TRUE,TRUE,TRUE,TRUE,TRUE
трагічний,TRUE,TRUE,TRUE,TRUE,TRUE,TRUE
сучасний,TRUE,TRUE,TRUE,TRUE,TRUE,TRUE
традиційний,TRUE,TRUE,TRUE,TRUE,TRUE,TRUE
кола,TRUE,TRUE,TRUE,TRUE,TRUE,TRUE
трикутник,TRUE,TRUE,TRUE,TRUE,TRUE,TRUE
тіло,TRUE,TRUE,TRUE,TRUE,TRUE,TRUE
труп,TRUE,TRUE,TRUE,TRUE,TRUE,TRUE
один,TRUE,TRUE,TRUE,TRUE,TRUE,TRUE
три,TRUE,TRUE,TRUE,TRUE,TRUE,TRUE
хмара,TRUE,TRUE,TRUE,TRUE,TRUE,TRUE
туман,TRUE,TRUE,TRUE,TRUE,TRUE,TRUE
міст,TRUE,TRUE,TRUE,TRUE,TRUE,TRUE
тунель,TRUE,TRUE,TRUE,TRUE,TRUE,TRUE
занепокоєння,TRUE,TRUE,TRUE,TRUE,TRUE,TRUE
турбота,TRUE,TRUE,TRUE,TRUE,TRUE,TRUE
переривати,TRUE,TRUE,TRUE,TRUE,TRUE,TRUE
турбувати,TRUE,TRUE,TRUE,TRUE,TRUE,TRUE
штовхати,TRUE,TRUE,TRUE,TRUE,TRUE,TRUE
тягнути,TRUE,TRUE,TRUE,TRUE,TRUE,TRUE
отрута,TRUE,TRUE,TRUE,TRUE,TRUE,TRUE
убити,TRUE,TRUE,TRUE,TRUE,TRUE,TRUE
заручниця,TRUE,TRUE,TRUE,TRUE,TRUE,TRUE
ув'язнений,TRUE,TRUE,TRUE,TRUE,TRUE,TRUE
договір,TRUE,TRUE,TRUE,TRUE,TRUE,TRUE
угоду,TRUE,TRUE,TRUE,TRUE,TRUE,TRUE
пляжний,TRUE,TRUE,TRUE,TRUE,TRUE,TRUE
узбережжі,TRUE,TRUE,TRUE,TRUE,TRUE,TRUE
коледж,TRUE,TRUE,TRUE,TRUE,TRUE,TRUE
університет,TRUE,TRUE,TRUE,TRUE,TRUE,TRUE
особливий,TRUE,TRUE,TRUE,TRUE,TRUE,TRUE
унікальний,TRUE,TRUE,TRUE,TRUE,TRUE,TRUE
адміністрація,TRUE,TRUE,TRUE,TRUE,TRUE,TRUE
уряд,TRUE,TRUE,TRUE,TRUE,TRUE,TRUE
порятунок,TRUE,TRUE,TRUE,TRUE,TRUE,TRUE
урятувати,TRUE,TRUE,TRUE,TRUE,TRUE,TRUE
спадщина,TRUE,TRUE,TRUE,TRUE,TRUE,TRUE
успадковувати,TRUE,TRUE,TRUE,TRUE,TRUE,TRUE
зберігати,TRUE,TRUE,TRUE,TRUE,TRUE,TRUE
утримувати,TRUE,TRUE,TRUE,TRUE,TRUE,TRUE
пошта,TRUE,TRUE,TRUE,TRUE,TRUE,TRUE
факс,TRUE,TRUE,TRUE,TRUE,TRUE,TRUE
реальність,TRUE,TRUE,TRUE,TRUE,TRUE,TRUE
фантазія,TRUE,TRUE,TRUE,TRUE,TRUE,TRUE
чудовий,TRUE,TRUE,TRUE,TRUE,TRUE,TRUE
фантастичний,TRUE,TRUE,TRUE,TRUE,TRUE,TRUE
смертельний,TRUE,TRUE,TRUE,TRUE,TRUE,TRUE
фатальний,TRUE,TRUE,TRUE,TRUE,TRUE,TRUE
колонія,TRUE,TRUE,TRUE,TRUE,TRUE,TRUE
федерація,TRUE,TRUE,TRUE,TRUE,TRUE,TRUE
карнавал,TRUE,TRUE,TRUE,TRUE,TRUE,TRUE
фестиваль,TRUE,TRUE,TRUE,TRUE,TRUE,TRUE
сексуальний,TRUE,TRUE,TRUE,TRUE,TRUE,TRUE
фізичний,TRUE,TRUE,TRUE,TRUE,TRUE,TRUE
порно,TRUE,TRUE,TRUE,TRUE,TRUE,TRUE
фільм,TRUE,TRUE,TRUE,TRUE,TRUE,TRUE
банківський,TRUE,TRUE,TRUE,TRUE,TRUE,TRUE
фінансовий,TRUE,TRUE,TRUE,TRUE,TRUE,TRUE
бюджет,TRUE,TRUE,TRUE,TRUE,TRUE,TRUE
фінансування,TRUE,TRUE,TRUE,TRUE,TRUE,TRUE
фінансово,TRUE,TRUE,TRUE,TRUE,TRUE,TRUE
фінансування,TRUE,TRUE,TRUE,TRUE,TRUE,TRUE
морський,TRUE,TRUE,TRUE,TRUE,TRUE,TRUE
флот,TRUE,TRUE,TRUE,TRUE,TRUE,TRUE
корабель,TRUE,TRUE,TRUE,TRUE,TRUE,TRUE
флот,TRUE,TRUE,TRUE,TRUE,TRUE,TRUE
автограф,TRUE,TRUE,TRUE,TRUE,TRUE,TRUE
фотограф,TRUE,TRUE,TRUE,TRUE,TRUE,TRUE
картина,TRUE,TRUE,TRUE,TRUE,TRUE,TRUE
фотографія,TRUE,TRUE,TRUE,TRUE,TRUE,TRUE
словник,TRUE,TRUE,TRUE,TRUE,TRUE,TRUE
фраза,TRUE,TRUE,TRUE,TRUE,TRUE,TRUE
англійська мова,TRUE,TRUE,TRUE,TRUE,TRUE,TRUE
французький,TRUE,TRUE,TRUE,TRUE,TRUE,TRUE
яблучний,TRUE,TRUE,TRUE,TRUE,TRUE,TRUE
фрукти,TRUE,TRUE,TRUE,TRUE,TRUE,TRUE
оперативний,TRUE,TRUE,TRUE,TRUE,TRUE,TRUE
функціональний,TRUE,TRUE,TRUE,TRUE,TRUE,TRUE
баскетбол,TRUE,TRUE,TRUE,TRUE,TRUE,TRUE
футбол,TRUE,TRUE,TRUE,TRUE,TRUE,TRUE
другий,TRUE,TRUE,TRUE,TRUE,TRUE,TRUE
хвилина,TRUE,TRUE,TRUE,TRUE,TRUE,TRUE
нездоровий,TRUE,TRUE,TRUE,TRUE,TRUE,TRUE
хворий,TRUE,TRUE,TRUE,TRUE,TRUE,TRUE
здобич,TRUE,TRUE,TRUE,TRUE,TRUE,TRUE
хижак,TRUE,TRUE,TRUE,TRUE,TRUE,TRUE
працювати,TRUE,TRUE,TRUE,TRUE,TRUE,TRUE
хірургія,TRUE,TRUE,TRUE,TRUE,TRUE,TRUE
дівчина,TRUE,TRUE,TRUE,TRUE,TRUE,TRUE
хлопчик,TRUE,TRUE,TRUE,TRUE,TRUE,TRUE
гарячий,TRUE,TRUE,TRUE,TRUE,TRUE,TRUE
холодний,TRUE,TRUE,TRUE,TRUE,TRUE,TRUE
благородний,TRUE,TRUE,TRUE,TRUE,TRUE,TRUE
хоробрий,TRUE,TRUE,TRUE,TRUE,TRUE,TRUE
католицький,TRUE,TRUE,TRUE,TRUE,TRUE,TRUE
християнин,TRUE,TRUE,TRUE,TRUE,TRUE,TRUE
тканина,TRUE,TRUE,TRUE,TRUE,TRUE,TRUE
хустка,TRUE,TRUE,TRUE,TRUE,TRUE,TRUE
могила,TRUE,TRUE,TRUE,TRUE,TRUE,TRUE
цвинтар,TRUE,TRUE,TRUE,TRUE,TRUE,TRUE
мозок,TRUE,TRUE,TRUE,TRUE,TRUE,TRUE
церебральний,TRUE,TRUE,TRUE,TRUE,TRUE,TRUE
ритуальний,TRUE,TRUE,TRUE,TRUE,TRUE,TRUE
церемонія,TRUE,TRUE,TRUE,TRUE,TRUE,TRUE
часник,TRUE,TRUE,TRUE,TRUE,TRUE,TRUE
цибуля,TRUE,TRUE,TRUE,TRUE,TRUE,TRUE
культура,TRUE,TRUE,TRUE,TRUE,TRUE,TRUE
цивілізація,TRUE,TRUE,TRUE,TRUE,TRUE,TRUE
наївний,TRUE,TRUE,TRUE,TRUE,TRUE,TRUE
цинічний,TRUE,TRUE,TRUE,TRUE,TRUE,TRUE
зоопарк,TRUE,TRUE,TRUE,TRUE,TRUE,TRUE
цирк,TRUE,TRUE,TRUE,TRUE,TRUE,TRUE
захоплюючий,TRUE,TRUE,TRUE,TRUE,TRUE,TRUE
цікавий,TRUE,TRUE,TRUE,TRUE,TRUE,TRUE
вартість,TRUE,TRUE,TRUE,TRUE,TRUE,TRUE
ціна,TRUE,TRUE,TRUE,TRUE,TRUE,TRUE
привабливий,TRUE,TRUE,TRUE,TRUE,TRUE,TRUE
чарівний,TRUE,TRUE,TRUE,TRUE,TRUE,TRUE
магія,TRUE,TRUE,TRUE,TRUE,TRUE,TRUE
чарівник,TRUE,TRUE,TRUE,TRUE,TRUE,TRUE
матерія,TRUE,TRUE,TRUE,TRUE,TRUE,TRUE
частка,TRUE,TRUE,TRUE,TRUE,TRUE,TRUE
іноді,TRUE,TRUE,TRUE,TRUE,TRUE,TRUE
часто,TRUE,TRUE,TRUE,TRUE,TRUE,TRUE
конкуренція,TRUE,TRUE,TRUE,TRUE,TRUE,TRUE
чемпіонат,TRUE,TRUE,TRUE,TRUE,TRUE,TRUE
хребетний,TRUE,TRUE,TRUE,TRUE,TRUE,TRUE
черевний,TRUE,TRUE,TRUE,TRUE,TRUE,TRUE
кістка,TRUE,TRUE,TRUE,TRUE,TRUE,TRUE
череп,TRUE,TRUE,TRUE,TRUE,TRUE,TRUE
равлик,TRUE,TRUE,TRUE,TRUE,TRUE,TRUE
черепаха,TRUE,TRUE,TRUE,TRUE,TRUE,TRUE
пристойний,TRUE,TRUE,TRUE,TRUE,TRUE,TRUE
чесний,TRUE,TRUE,TRUE,TRUE,TRUE,TRUE
лояльність,TRUE,TRUE,TRUE,TRUE,TRUE,TRUE
чесність,TRUE,TRUE,TRUE,TRUE,TRUE,TRUE
привілей,TRUE,TRUE,TRUE,TRUE,TRUE,TRUE
честь,TRUE,TRUE,TRUE,TRUE,TRUE,TRUE
третій,TRUE,TRUE,TRUE,TRUE,TRUE,TRUE
четвертий,TRUE,TRUE,TRUE,TRUE,TRUE,TRUE
підводний човен,TRUE,TRUE,TRUE,TRUE,TRUE,TRUE
човен,TRUE,TRUE,TRUE,TRUE,TRUE,TRUE
білий,TRUE,TRUE,TRUE,TRUE,TRUE,TRUE
чорний,TRUE,TRUE,TRUE,TRUE,TRUE,TRUE
два,TRUE,TRUE,TRUE,TRUE,TRUE,TRUE
чотири,TRUE,TRUE,TRUE,TRUE,TRUE,TRUE
винятковий,TRUE,TRUE,TRUE,TRUE,TRUE,TRUE
чудовий,TRUE,TRUE,TRUE,TRUE,TRUE,TRUE
приємний,TRUE,TRUE,TRUE,TRUE,TRUE,TRUE
чудовий,TRUE,TRUE,TRUE,TRUE,TRUE,TRUE
нло,TRUE,TRUE,TRUE,TRUE,TRUE,TRUE
чужий,TRUE,TRUE,TRUE,TRUE,TRUE,TRUE
делікатний,TRUE,TRUE,TRUE,TRUE,TRUE,TRUE
чутливий,TRUE,TRUE,TRUE,TRUE,TRUE,TRUE
виноробство,TRUE,TRUE,TRUE,TRUE,TRUE,TRUE
шампанське,TRUE,TRUE,TRUE,TRUE,TRUE,TRUE
хабар,TRUE,TRUE,TRUE,TRUE,TRUE,TRUE
шантаж,TRUE,TRUE,TRUE,TRUE,TRUE,TRUE
кабінет,TRUE,TRUE,TRUE,TRUE,TRUE,TRUE
шафа,TRUE,TRUE,TRUE,TRUE,TRUE,TRUE
змагання,TRUE,TRUE,TRUE,TRUE,TRUE,TRUE
шахрайство,TRUE,TRUE,TRUE,TRUE,TRUE,TRUE
повільний,TRUE,TRUE,TRUE,TRUE,TRUE,TRUE
швидкий,TRUE,TRUE,TRUE,TRUE,TRUE,TRUE
відстань,TRUE,TRUE,TRUE,TRUE,TRUE,TRUE
швидкість,TRUE,TRUE,TRUE,TRUE,TRUE,TRUE
повільно,TRUE,TRUE,TRUE,TRUE,TRUE,TRUE
швидко,TRUE,TRUE,TRUE,TRUE,TRUE,TRUE
готувати,TRUE,TRUE,TRUE,TRUE,TRUE,TRUE
шеф-кухар,TRUE,TRUE,TRUE,TRUE,TRUE,TRUE
горло,TRUE,TRUE,TRUE,TRUE,TRUE,TRUE
шийка,TRUE,TRUE,TRUE,TRUE,TRUE,TRUE
вузький,TRUE,TRUE,TRUE,TRUE,TRUE,TRUE
широкий,TRUE,TRUE,TRUE,TRUE,TRUE,TRUE
клас,TRUE,TRUE,TRUE,TRUE,TRUE,TRUE
школу,TRUE,TRUE,TRUE,TRUE,TRUE,TRUE
насос,TRUE,TRUE,TRUE,TRUE,TRUE,TRUE
шланг,TRUE,TRUE,TRUE,TRUE,TRUE,TRUE
розлучення,TRUE,TRUE,TRUE,TRUE,TRUE,TRUE
шлюб,TRUE,TRUE,TRUE,TRUE,TRUE,TRUE
фрагмент,TRUE,TRUE,TRUE,TRUE,TRUE,TRUE
шматок,TRUE,TRUE,TRUE,TRUE,TRUE,TRUE
цукор,TRUE,TRUE,TRUE,TRUE,TRUE,TRUE
шоколад,TRUE,TRUE,TRUE,TRUE,TRUE,TRUE
дорога,TRUE,TRUE,TRUE,TRUE,TRUE,TRUE
шосе,TRUE,TRUE,TRUE,TRUE,TRUE,TRUE
голка,TRUE,TRUE,TRUE,TRUE,TRUE,TRUE
шприц,TRUE,TRUE,TRUE,TRUE,TRUE,TRUE
татуювання,TRUE,TRUE,TRUE,TRUE,TRUE,TRUE
шрам,TRUE,TRUE,TRUE,TRUE,TRUE,TRUE
база,TRUE,TRUE,TRUE,TRUE,TRUE,TRUE
штаб-квартира,TRUE,TRUE,TRUE,TRUE,TRUE,TRUE
вітер,TRUE,TRUE,TRUE,TRUE,TRUE,TRUE
штурм,TRUE,TRUE,TRUE,TRUE,TRUE,TRUE
природний,TRUE,TRUE,TRUE,TRUE,TRUE,TRUE
штучний,TRUE,TRUE,TRUE,TRUE,TRUE,TRUE
задоволений,TRUE,TRUE,TRUE,TRUE,TRUE,TRUE
щасливий,TRUE,TRUE,TRUE,TRUE,TRUE,TRUE
вже,TRUE,TRUE,TRUE,TRUE,TRUE,TRUE
ще,TRUE,TRUE,TRUE,TRUE,TRUE,TRUE
співчувати,TRUE,TRUE,TRUE,TRUE,TRUE,TRUE
щедрий,TRUE,TRUE,TRUE,TRUE,TRUE,TRUE
що саме,TRUE,TRUE,TRUE,TRUE,TRUE,TRUE
що,TRUE,TRUE,TRUE,TRUE,TRUE,TRUE
губа,TRUE,TRUE,TRUE,TRUE,TRUE,TRUE
щока,TRUE,TRUE,TRUE,TRUE,TRUE,TRUE
ніщо,TRUE,TRUE,TRUE,TRUE,TRUE,TRUE
щось,TRUE,TRUE,TRUE,TRUE,TRUE,TRUE
щодня,TRUE,TRUE,TRUE,TRUE,TRUE,TRUE
щотижня,TRUE,TRUE,TRUE,TRUE,TRUE,TRUE
атомний,TRUE,TRUE,TRUE,TRUE,TRUE,TRUE
ядерний,TRUE,TRUE,TRUE,TRUE,TRUE,TRUE
гніздо,TRUE,TRUE,TRUE,TRUE,TRUE,TRUE
яйце,TRUE,TRUE,TRUE,TRUE,TRUE,TRUE
кількість,TRUE,TRUE,TRUE,TRUE,TRUE,TRUE
якість,TRUE,TRUE,TRUE,TRUE,TRUE,TRUE
блиск,TRUE,TRUE,TRUE,TRUE,TRUE,TRUE
яскравий,TRUE,TRUE,TRUE,TRUE,TRUE,TRUE
жаба,TRUE,TRUE,TRUE,TRUE,TRUE,TRUE
ящірка,TRUE,TRUE,TRUE,TRUE,TRUE,TRUE
