en_cue,en_target,ukr_cue,ukr_target,needs_review,suggested_ukr_cue,final_ukr_cue
leave,abandon,піти,залишити,False,,піти
spinal,abdominal,спинальний,живота,False,,спинальний
kidnap,abduct,викрасти,викрадення,False,,викрасти
capacity,ability,потужність,здатність,False,,потужність
out,about,вийшов,про,False,,вийшов
presence,absence,присутність,відсутність,False,,присутність
ridiculous,absurd,нелепо,абсурдно,False,,нелепо
voice,accent,голос,акцент,False,,голос
refuse,accept,відмовитись,прийняти,False,,відмовитись
incident,accident,інцидент,аварія,False,,інцидент
escort,accompany,ескорт,супроводжувати,False,,ескорт
complaint,accusation,скарга,звинувачення,False,,скарга
gesture,act,жест,акт,False,,жест
trigger,activate,спусковий механізм,активувати,False,,спусковий механізм
active,activity,активний,діяльність,False,,активний
author,actor,автор,актор,False,,автор
extra,additional,додатково,додаткові,False,,додатково
number,address,номер,адреса,False,,номер
management,administrative,управління,адміністративний,False,,управління
hormone,adrenaline,гормон,адреналін,False,,гормон
advice,advise,поради,порадити,False,,поради
firm,agency,тверда,агентство,False,,тверда
contract,agreement,контракт,угода,False,,контракт
terminal,airport,термінал,аеропорт,False,,термінал
alert,alarm,попередження,тривожна сигналізація,False,,попередження
motive,alibi,мотив,алібі,False,,мотив
ufo,alien,ufo,інопланетянин,False,,ufo
corner,alley,кут,алея,False,,кут
bravo,alpha,добре,альфа,False,,добре
impressive,amazing,вражаюче,дивовижно,False,,вражаюче
africa,america,африка,америка,False,,африка
sum,amount,сума,сума,True,підсумок,підсумок
autopsy,analysis,аутопсія,аналіз,False,,аутопсія
jealous,angry,ревнивий,злість,False,,ревнивий
beast,animal,звір,тварина,False,,звір
bee,ant,бджола,мурашка,False,,бджола
house,apartment,будинок,квартира,False,,будинок
admire,appreciate,захоплюватися,дякую,False,,захоплюватися
permission,approval,дозвіл,схвалення,False,,дозвіл
engineer,architect,інженер,архітектор,False,,інженер
hand,arm,рука,рука,True,почерк,почерк
shield,armor,щит,броня,False,,щит
arsenal,armory,арсенал,збройна складова,False,,арсенал
legion,army,легіон,армія,False,,легіон
round,around,круглий,навколо,False,,круглий
punish,arrest,покарати,арешт,False,,покарати
ignorance,arrogance,неосвіченість,надмірність,False,,неосвіченість
vein,artery,вена,артерія,False,,вена
natural,artificial,природний,штучний,False,,природний
cavalry,artillery,кавалерія,артилерія,False,,кавалерія
question,ask,питання,запитай,False,,питання
mercenary,assassin,найманник,вбивця,False,,найманник
help,assist,допомога,допомогти,False,,допомога
support,assistance,підтримка,допомога,False,,підтримка
secretary,assistant,секретар,помічник,False,,секретар
conclusion,assumption,висновок,припущення,False,,висновок
pacific,atlantic,тихоокеанський,атлантичний,False,,тихоокеанський
environment,atmosphere,навколишнє середовище,атмосфера,False,,навколишнє середовище
invasion,attack,вторгнення,атака,False,,вторгнення
victim,attacker,жертва,нападник,False,,жертва
try,attempt,спробуй,спроба,False,,спробуй
opinion,attitude,думка,ставлення,False,,думка
attention,attract,увага,приваблювати,False,,увага
crowd,audience,натовп,аудиторія,False,,натовп
jurisdiction,authority,юрисдикція,влада,False,,юрисдикція
spring,autumn,весна,осінь,False,,весна
toast,bacon,тост,бекон,False,,тост
good,bad,добре,погано,False,,добре
box,bag,коробка,мішок,False,,коробка
trap,bait,пастка,приманка,False,,пастка
orchestra,band,оркестр,група,False,,оркестр
club,bar,клуб,бар,False,,клуб
stadium,baseball,стадіон,бейсбол,False,,стадіон
shower,bathroom,душ,ванна кімната,False,,душ
superman,batman,супермен,бетмен,False,,супермен
regiment,battalion,полк,батальйон,False,,полк
war,battle,війна,битва,False,,війна
arena,battlefield,арена,поле бою,False,,арена
hair,beard,волосся,борода,False,,волосся
pretty,beautiful,гарна,прекрасна,False,,гарна
charm,beauty,чарівність,краса,False,,чарівність
sofa,bed,диван,ліжко,False,,диван
room,bedroom,кімната,спальня,False,,кімната
drink,beer,пити,пиво,False,,пити
trust,believe,довіра,вірити,False,,довіра
million,billion,мільйон,мільярди,False,,мільйон
chemical,biological,хімічні,біологічний,False,,хімічні
chemistry,biology,хімія,біологія,False,,хімія
butterfly,bird,метелик,пташка,False,,метелик
anniversary,birthday,річниця,день народження,False,,річниця
white,black,білий,чорний,False,,білий
bribe,blackmail,хабар,шантаж,False,,хабар
brown,blue,коричневий,синій,False,,коричневий
submarine,boat,підводний човен,човен,False,,підводний човен
bible,book,біблія,книга,False,,біблія
manager,boss,менеджер,бос,False,,менеджер
washington,boston,вашингтон,бостон,False,,вашингтон
glass,bottle,скляне,пляшка,False,,скляне
top,bottom,верхній,дно,False,,верхній
girl,boy,дівчина,хлопчик,False,,дівчина
noble,brave,благородний,сміливий,False,,благородний
smash,break,розбиття,перерва,False,,розбиття
dinner,breakfast,вечеря,сніданок,False,,вечеря
groom,bride,наречений,наречена,False,,наречений
shine,bright,сяйво,яскравий,False,,сяйво
dude,bro,хлопче,брат,False,,хлопче
sister,brother,сестра,брат,False,,сестра
scratch,bruise,подряпка,синяк,False,,подряпка
construction,build,будівництво,побудувати,False,,будівництво
tower,building,вежа,будівля,False,,вежа
caliber,bullet,калібр,куля,False,,калібр
dig,bury,копати,поховати,False,,копати
train,bus,поїзд,автобус,False,,поїзд
industry,business,промисловість,бізнес,False,,промисловість
ass,butt,задишка,задниця,False,,задишка
honey,butter,мед,масло,False,,мед
seller,buyer,продавець,покупця,False,,продавець
hello,bye,привіт,до побачення,False,,привіт
dessert,cake,десерт,торт,False,,десерт
count,calculate,рахунок,розрахувати,False,,рахунок
quiet,calm,тихо,спокійно,False,,тихо
picnic,camping,пікнік,кемпінг,False,,пікнік
tumor,cancer,пухлина,рак,False,,пухлина
lamp,candle,лампа,свічка,False,,лампа
glasses,cap,окуляри,капелюх,False,,окуляри
anarchy,capitalism,анархія,капіталізм,False,,анархія
commander,captain,командир,капітан,False,,командир
vehicle,car,транспортне засіб,автомобіль,False,,транспортне засіб
bishop,cardinal,єпископ,кардинал,False,,єпископ
load,cargo,навантаження,вантаж,False,,навантаження
floor,carpet,підлога,килим,False,,підлога
mafia,cartel,мафія,картель,False,,мафія
palace,castle,палац,замок,False,,палац
dog,cat,собака,кішка,False,,собака
grab,catch,схопи,улов,False,,схопи
reason,cause,причина,причина,True,сперечатися,сперечатися
grave,cemetery,могила,кладовище,False,,могила
mile,centimeter,миля,сантиметри,False,,миля
brain,cerebral,мозок,мозковий,False,,мозок
ritual,ceremony,ритуал,церемонія,False,,ритуал
table,chair,таблиця,стілець,False,,таблиця
obstacle,challenge,перешкода,виклик,False,,перешкода
wine,champagne,вино,шампанське,False,,вино
competition,championship,конкуренція,чемпіонат,False,,конкуренція
church,chapel,церква,каплиця,False,,церква
attractive,charming,привабливий,чарівний,False,,привабливий
follow,chase,слідувати,переслідування,False,,слідувати
expensive,cheap,дорого,дешево,False,,дорого
lip,cheek,губа,щелепа,False,,губа
bread,cheese,хліб,сир,False,,хліб
cook,chef,кухар,шефкухар,False,,кухар
stomach,chest,шлунок,груди,False,,шлунок
swallow,chew,проковтнути,жувати,False,,проковтнути
baby,child,дитина,дитя,False,,дитина
youth,childhood,молодіжність,дитинство,False,,молодіжність
sugar,chocolate,цукор,шоколад,False,,цукор
catholic,christian,католицький,християнський,False,,католицький
smoke,cigar,дим,сигара,False,,дим
tobacco,cigarette,тютюн,сигарета,False,,тютюн
zoo,circus,зоопарк,цирк,False,,зоопарк
capital,city,столиця,місто,False,,столиця
culture,civilization,культура,цивілізація,False,,культура
typical,classic,типовий,класичний,False,,типовий
patient,client,пацієнт,клієнт,False,,пацієнт
hospital,clinic,лікарня,клініка,False,,лікарня
open,close,відкритий,закрити,False,,відкритий
locked,closed,закрито,закритий,False,,закрито
cabinet,closet,кабінет,шафа,False,,кабінет
opening,closure,відкриття,закриття,False,,відкриття
beach,coast,пляж,узбережжя,False,,пляж
cup,coffee,чашка,кава,False,,чашка
rum,cognac,ром,коньяк,False,,ром
hot,cold,гаряче,холодно,False,,гаряче
fall,collapse,падіння,колапс,False,,падіння
general,colonel,загальний,полковник,False,,загальний
arrive,come,прийшов,прийди,False,,прийшов
drama,comedy,драма,комедія,False,,драма
inspector,commissioner,інспектор,комісар,False,,інспектор
commission,committee,комісія,комітет,False,,комісія
navigation,communication,навігація,комунікація,False,,навігація
racist,communist,расист,комуністичний,False,,расист
society,community,суспільство,громада,False,,суспільство
patience,compassion,терпіння,співчуття,False,,терпіння
total,complete,загалом,повний,False,,загалом
absolutely,completely,абсолютно,повністю,False,,абсолютно
software,computer,програмне забезпечення,компютер,False,,програмне забезпечення
focus,concentrate,фокус,концентрат,False,,фокус
tour,concert,тур,концерт,False,,тур
admit,confess,признай,зізнатися,False,,признай
respect,confidence,повага,довіра,False,,повага
confirmation,confirm,підтвердження,підтвердити,False,,підтвердження
chaos,confusion,хаос,плутанина,False,,хаос
contact,connection,контакт,зєднання,False,,контакт
always,constantly,завжди,постійно,False,,завжди
law,constitution,закон,конституція,False,,закон
contain,content,містить,зміст,False,,містить
proceed,continue,продовжуйте,продовжуйте,True,продовжуй,відбуватися
opposite,contrary,навпроти,навпаки,False,,навпроти
orphanage,convent,дитячий будинок,монастир,False,,дитячий будинок
warm,cool,тепле,прохолодно,False,,тепле
original,copy,оригінал,копія,False,,оригінал
company,corporation,компанія,корпорація,False,,компанія
body,corpse,тіло,труп,False,,тіло
wrong,correct,неправильно,правильно,False,,неправильно
silk,cotton,шовк,бавовна,False,,шовк
baron,countess,барон,графиня,False,,барон
relative,cousin,відносна,двоюрідний брат,False,,відносна
rodeo,cowboy,родео,ковбой,False,,родео
paranoid,crazy,параноїд,божевільний,False,,параноїд
imagination,creativity,уява,творчість,False,,уява
monster,creature,монстр,тварина,False,,монстр
scary,creepy,страшно,жахливо,False,,страшно
sin,crime,гріх,злочин,False,,гріх
thief,criminal,злодій,злочинний,False,,злодій
situation,crisis,ситуація,криза,False,,ситуація
brutal,cruel,жорстокий,жорстокий,True,дика,дика
evil,cruelty,злий,жорстокість,False,,злий
tear,cut,сльоза,розрізані,False,,сльоза
sweet,cute,солодке,милий,False,,солодке
naive,cynical,наївна,цинічний,False,,наївна
uncle,dad,дядько,тато,False,,дядько
dancer,dance,танцюрист,танець,False,,танцюрист
risk,danger,ризик,небезпека,False,,ризик
risky,dangerous,ризиковано,небезпечно,False,,ризиковано
shadow,dark,тінь,темний,False,,тінь
sunset,dawn,захід сонця,світанку,False,,захід сонця
alive,dead,живий,мертвий,False,,живий
blind,deaf,сліпий,глухі,False,,сліпий
century,decade,століття,десятиліття,False,,століття
november,december,листопад,грудень,False,,листопад
cabin,deck,каюта,палуба,False,,каюта
victory,defeat,перемога,поразка,False,,перемога
protect,defend,захистити,захищати,False,,захистити
concept,definition,концепція,визначення,False,,концепція
tasty,delicious,смачно,смачний,True,,вишуканий
freedom,democracy,свобода,демократія,False,,свобода
protest,demonstration,протест,демонстрація,False,,протест
arrival,departure,прибуття,відїзд,False,,прибуття
stress,depression,стрес,депресія,False,,стрес
profile,description,профіль,опис,False,,профіль
fate,destiny,доля,доля,True,частина,частина
creation,destruction,створення,знищення,False,,створення
agent,detective,агент,детектив,False,,агент
courage,determination,мужність,визначення,False,,мужність
progress,development,прогрес,розвиток,False,,прогрес
chip,device,чип,пристрій,False,,чип
angel,devil,ангел,диявол,False,,ангел
fidelity,devotion,вірність,відданість,False,,вірність
suffer,die,страждають,померти,False,,страждають
similar,different,подібний,різні,False,,подібний
pride,dignity,гордість,гідність,False,,гордість
ping,ding,пінг,дінг,False,,пінг
direct,directly,безпосередньо,безпосередньо,True,каналізувати,каналізувати
producer,director,виробник,директор,False,,виробник
death,disappearance,смерть,зникнення,False,,смерть
surprise,disappointment,сюрприз,розчарування,False,,сюрприз
conversation,discussion,розмова,обговорення,False,,розмова
flu,disease,грип,хвороба,False,,грип
dirty,disgusting,брудний,огидно,False,,брудний
resignation,dismissal,відставка,звільнення,False,,відставка
conflict,dispute,конфлікт,суперечка,False,,конфлікт
county,district,графство,район,False,,графство
interrupt,disturb,перерву,заважати,False,,перерву
god,divine,боже,божественний,False,,боже
unit,division,одиниця,відділ,False,,одиниця
make,do,зробити,робити,False,,зробити
surgeon,doctor,хірург,лікар,False,,хірург
file,document,файл,документ,False,,файл
pound,dollar,фунт,долар,False,,фунт
charity,donation,благодійність,пожертвування,False,,благодійність
window,door,вікно,двері,False,,вікно
paint,draw,фарба,розіграш,False,,фарба
nightmare,dream,кошмар,мрія,False,,кошмар
skirt,dress,спідниця,одяг,False,,спідниця
passenger,driver,пасажир,водій,False,,пасажир
alcohol,drug,алкоголь,наркотики,False,,алкоголь
sober,drunk,трезвий,пяний,False,,трезвий
goose,duck,гусь,качка,False,,гусь
ash,dust,попел,пил,False,,попел
rusty,dusty,ржавий,пильна,False,,ржавий
responsibility,duty,відповідальність,обовязок,False,,відповідальність
gunpowder,dynamite,порох,динаміт,False,,порох
eye,ear,око,вухо,False,,око
late,early,запізно,рано,False,,запізно
west,east,захід,схід,False,,захід
impossible,easy,неможливо,легко,False,,неможливо
feed,eat,корми,їсти,False,,корми
health,education,здоровя,освіта,False,,здоровя
influence,effect,вплив,ефект,False,,вплив
useful,effective,корисне,ефективний,False,,корисне
nest,egg,гніздо,яйце,False,,гніздо
campaign,election,кампанія,вибори,False,,кампанія
magnetic,electric,магнітні,електричний,False,,магнітні
current,electricity,поточний,електрика,False,,поточний
fashionable,elegant,модна,елегантно,False,,модна
factor,element,фактор,елемент,False,,фактор
urgent,emergency,невідкладно,надзвичайний,False,,невідкладно
mental,emotional,психічний,емоційні,False,,психічний
imperial,emperor,імперська,імператор,False,,імперська
dynasty,empire,династія,імперія,False,,династія
power,energy,потужність,енергія,False,,потужність
tank,engine,резервуар,двигун,False,,резервуар
exit,entrance,вихід,вхід,False,,вихід
millionaire,entrepreneur,мільйонер,підприємець,False,,мільйонер
plague,epidemic,чума,епідемія,False,,чума
series,episode,серія,епізод,False,,серія
equipment,equip,обладнання,оснастити,False,,обладнання
orgasm,erection,оргазм,ерекція,False,,оргазм
flee,escape,втекти,втеча,False,,втекти
observation,evaluation,спостереження,оцінка,False,,спостереження
night,evening,ніч,вечір,False,,ніч
phenomenon,event,феномен,подія,False,,феномен
finally,eventually,нарешті,зрештою,False,,нарешті
never,ever,ніколи,ніколи,True,,аніскільки
underestimate,exaggerate,недооцінювати,перебільшувати,False,,недооцінювати
proud,excited,пишаюся,збуджений,False,,пишаюся
forgive,excuse,прости,виправдання,False,,прости
hanging,execution,висить,виконання,False,,висить
practice,exercise,практика,вправи,False,,практика
gallery,exhibition,галерея,виставка,False,,галерея
wait,expect,зачекайте,очікувати,False,,зачекайте
burst,explode,розрив,вибухнути,False,,розрив
earthquake,explosion,землетрус,вибух,False,,землетрус
bomb,explosive,бомба,вибухові,False,,бомба
describe,express,описати,експрес,False,,описати
internal,external,внутрішня,зовнішній,False,,внутрішня
success,failure,успіх,невдача,False,,успіх
hope,faith,надія,віра,False,,надія
loyal,faithful,вірний,вірний,True,швидко,швидко
fake,FALSE,фальшивий,фальшиве,False,,фальшивий
clan,family,клан,сімя,False,,клан
popular,famous,популярний,відомий,False,,популярний
wonderful,fantastic,чудово,фантастично,False,,чудово
reality,fantasy,реальність,фантазія,False,,реальність
near,far,поблизу,далеко,False,,поблизу
slow,fast,повільно,швидко,False,,повільно
deadly,fatal,смертельний,смертельний,True,вірулентний,вірулентний
mother,father,мати,батько,False,,мати
mail,fax,пошта,факс,False,,пошта
horror,fear,жах,страх,False,,жах
colony,federation,колонія,федерація,False,,колонія
impression,feeling,враження,відчуття,False,,враження
male,female,чоловічий,жіноча,False,,чоловічий
wall,fence,стіна,огорожа,False,,стіна
carnival,festival,карнавал,фестиваль,False,,карнавал
cough,fever,кашель,лихоманка,False,,кашель
combat,fight,бойові дії,бій,False,,бойові дії
champion,fighter,чемпіон,бойовик,False,,чемпіон
nasty,filthy,неприємно,брудний,False,,неприємно
banking,financial,банківські послуги,фінансові,False,,банківські послуги
financially,financing,фінансово,фінансування,False,,фінансово
search,find,пошук,знайти,False,,пошук
dna,fingerprint,днк,відбиток пальця,False,,днк
end,finish,кінець,закінчити,False,,кінець
shark,fish,акула,риба,False,,акула
hunting,fishing,полювання,рибальство,False,,полювання
fire,flame,вогонь,полумя,False,,вогонь
naval,fleet,військовоморський,флот,False,,військовоморський
landing,flight,висадка,польоту,False,,висадка
grain,flour,зерно,борошно,False,,зерно
plant,flower,рослина,квітка,False,,рослина
liquid,fluid,рідина,рідина,True,розплавлені,розплавлені
land,fly,земля,летіть,False,,земля
cloud,fog,хмара,туман,False,,хмара
basketball,football,баскетбол,футбол,False,,баскетбол
strength,force,сила,сила,True,спеціальність,спеціальність
jungle,forest,джунглі,ліс,False,,джунглі
eternal,forever,вічна,назавжди,False,,вічна
spoon,fork,ложка,вилка,False,,ложка
two,four,двоє,четверо,False,,двоє
third,fourth,третій,четвертий,False,,третій
conspiracy,fraud,змови,шахрайство,False,,змови
freely,free,вільно,вільно,True,,виметний
melt,freeze,розплавлення,заморозити,False,,розплавлення
english,french,англійська,французький,False,,англійська
colleague,friend,колега,друг,False,,колега
polite,friendly,ввічливий,дружній,False,,ввічливий
relationship,friendship,звязок,дружба,False,,звязок
scare,frighten,налякати,налякати,True,паніка,паніка
apple,fruit,яблуко,фрукти,False,,яблуко
gas,fuel,газ,паливо,False,,газ
refugee,fugitive,біженця,втікач,False,,біженця
empty,full,порожній,повний,False,,порожній
operational,functional,операційний,функціональний,False,,операційний
budget,funding,бюджет,фінансування,False,,бюджет
coffin,funeral,труна,похорон,False,,труна
witty,funny,дотепний,смішно,False,,дотепний
universe,galaxy,всесвіт,галактика,False,,всесвіт
play,game,грати,гра,False,,грати
workshop,garage,семінар,гараж,False,,семінар
trash,garbage,сміття,сміття,True,переможець,переможець
portal,gate,портал,ворота,False,,портал
collect,gather,збирати,зібрати,False,,збирати
lesbian,gay,лесбіянка,гей,False,,лесбіянка
naturally,generally,природно,загалом,False,,природно
compassionate,generous,співчутливий,щедрий,False,,співчутливий
soft,gentle,мякий,нежно,False,,мякий
compliment,gift,комплімент,подарунок,False,,комплімент
boys,girls,хлопчики,дівчата,False,,хлопчики
offer,give,пропозиція,дати,False,,пропозиція
national,global,національний,глобальний,False,,національний
glorious,glory,славний,слава,False,,славний
enter,go,ввійти,іди,False,,ввійти
monkey,gorilla,мавпа,горилла,False,,мавпа
administration,government,адміністрація,уряд,False,,адміністрація
diploma,graduate,диплом,випускник,False,,диплом
kilo,gram,кіло,грам,False,,кіло
grandfather,grandmother,дідусь,бабуся,False,,дідусь
hospitality,gratitude,гостинність,вдячність,False,,гостинність
excellent,great,відмінно,чудово,False,,відмінно
roman,greek,римський,грецька,False,,римський
congratulate,greet,вітаю,привітання,False,,вітаю
gang,group,банда,група,False,,банда
innocent,guilty,невинний,винний,False,,невинний
piano,guitar,фортепіано,гітара,False,,фортепіано
rifle,gun,гвинтівка,пістолет,False,,гвинтівка
illusion,hallucination,ілюзія,галюцинації,False,,ілюзія
sandwich,hamburger,бутерброд,гамбургер,False,,бутерброд
stick,hammer,палиця,молоток,False,,палиця
cloth,handkerchief,тканина,хустка,False,,тканина
occur,happen,відбуваються,сталося,False,,відбуваються
satisfied,happy,задоволений,щасливий,False,,задоволений
bay,harbor,бухта,гавань,False,,бухта
tough,hard,жорсткий,важко,False,,жорсткий
balance,harmony,баланс,гармонія,False,,баланс
helmet,hat,шлем,капелюх,False,,шлем
base,headquarters,основа,штабквартира,False,,основа
recover,heal,відновити,зцілити,False,,відновити
listen,hear,слухайте,слухайте,True,прислухатися,прислухатися
sky,heavenly,небо,небесне,False,,небо
heavy,heavily,важкий,сильно,False,,важкий
weight,height,вага,висота,False,,вага
ambulance,helicopter,швидка допомога,вертоліт,False,,швидка допомога
paradise,hell,рай,пекло,False,,рай
cocaine,heroin,кокаїн,героїн,False,,кокаїн
cover,hide,обкладинка,приховати,False,,обкладинка
low,high,низький,високий,False,,низький
majesty,highness,ваше величність,ваше високість,False,,ваше величність
road,highway,дорога,шосе,False,,дорога
aids,hiv,допоміг,віл,False,,допоміг
crack,hole,тріщина,діра,False,,тріщина
christmas,holiday,різдво,відпустка,False,,різдво
decent,honest,пристойний,чесний,False,,пристойний
loyalty,honesty,лояльність,чесність,False,,лояльність
privilege,honor,привілей,честь,False,,привілей
terrible,horrible,жахливо,жахливо,True,неописуемо,неописуемо
donkey,horse,ослик,кінь,False,,ослик
pump,hose,насос,шланг,False,,насос
kiss,hug,поцілунок,обійми,False,,поцілунок
big,huge,великий,величезний,False,,великий
man,human,чоловік,людські,False,,чоловік
thousand,hundred,тисячі,сотня,False,,тисячі
tired,hungry,втомився,голодний,False,,втомився
carbon,hydrogen,вуглець,водню,False,,вуглець
fool,idiot,дурниця,ідіот,False,,дурниця
meaning,importance,значення,важливість,False,,значення
valuable,important,цінні,важливе,False,,цінні
flatter,impress,плоскіший,вразити,False,,плоскіший
penalty,imprisonment,штраф,увязнення,False,,штраф
change,improvement,зміна,поліпшення,False,,зміна
profit,income,прибуток,дохід,False,,прибуток
point,indicate,точка,вказувати,False,,точка
person,individual,особа,індивідуальний,False,,особа
virus,infection,вірус,інфекція,False,,вірус
report,inform,звіт,інформувати,False,,звіт
source,informant,джерело,інформатор,False,,джерело
data,information,дані,інформація,False,,дані
heritage,inherit,спадщина,успадкувати,False,,спадщина
dose,injection,доза,інєкція,False,,доза
wound,injury,рана,травма,False,,рана
spider,insect,павук,комах,False,,павук
outside,inside,зовні,всередині,False,,зовні
examination,inspection,огляд,інспекція,False,,огляд
inspire,inspiration,натхнення,натхнення,True,підбадьорюйся,підбадьорюйся
tool,instrument,інструмент,інструмент,True,пекер,пекер
smart,intelligent,розумний,розумні,False,,розумний
purpose,intention,мета,наміри,False,,мета
accidentally,intentionally,випадково,навмисно,False,,випадково
exciting,interesting,захоплююче,цікаво,False,,захоплююче
personal,intimate,особистий,інтимний,False,,особистий
instinct,intuition,інстинкт,інтуїція,False,,інстинкт
finance,invest,фінанси,інвестувати,False,,фінанси
examine,investigate,оглянути,розслідувати,False,,оглянути
analyst,investigator,аналітик,дослідник,False,,аналітик
banker,investor,банкір,інвестор,False,,банкір
irony,ironic,іронія,іронія,True,сатира,сатира
unreasonable,irresponsible,нерозумний,безвідповідально,False,,нерозумний
shirt,jacket,сорочка,куртка,False,,сорочка
diamond,jewel,діамант,ювелірний,False,,діамант
trick,joke,трюк,жарт,False,,трюк
reporter,journalist,репортер,журналіст,False,,репортер
pleasure,joy,задоволення,радість,False,,задоволення
court,judge,суд,суддя,False,,суд
milk,juice,молоко,сок,False,,молоко
romeo,juliet,ромео,джульєтта,False,,ромео
june,july,червень,липня,False,,червень
climb,jump,підніматися,стрибати,False,,підніматися
senior,junior,старший,молодший,False,,старший
revenge,justice,помста,правосуддя,False,,помста
hold,keep,тримати,тримати,True,книга,книга
poison,kill,отрута,вбити,False,,отрута
queen,king,королева,король,False,,королева
royal,kingdom,королівська,королівство,False,,королівська
shoulder,knee,плече,коліно,False,,плече
recognize,knew,розпізнати,знав,False,,розпізнати
sword,knife,меч,нож,False,,меч
now,know,тепер,знаю,False,,тепер
experience,knowledge,досвід,знання,False,,досвід
lord,lady,господи,леді,False,,господи
river,lake,річка,озеро,False,,річка
tenant,landlord,орендатор,власник будинку,False,,орендатор
first,last,спочатку,останній,False,,спочатку
smile,laugh,посмішка,смійся,False,,посмішка
member,leader,член,лідер,False,,член
seminar,lecture,семінар,лекція,False,,семінар
right,left,правильно,ліворуч,False,,правильно
illegal,legal,незаконно,юридичний,False,,незаконно
myth,legend,міф,легенда,False,,міф
size,length,розмір,довжина,False,,розмір
allow,let,дозволити,дозвольте,False,,дозволити
telegram,letter,телеграма,лист,False,,телеграма
lie,liar,брехня,брехня,True,лежить,лежить
conservative,liberal,консервативний,ліберальний,False,,консервативний
suck,lick,сосать,лизати,False,,сосать
sergeant,lieutenant,сержант,лейтенант,False,,сержант
darkness,light,темрява,світло,False,,темрява
probability,likely,ймовірність,ймовірно,False,,ймовірність
taxi,limousine,таксі,лімузин,False,,таксі
ming,ling,мінг,лінг,False,,мінг
dragon,lion,дракон,лев,False,,дракон
art,literature,мистецтво,література,False,,мистецтво
kidney,liver,нирки,печінка,False,,нирки
frog,lizard,жаба,ящірка,False,,жаба
credit,loan,кредит,позика,False,,кредит
tuna,lobster,тунец,лобстер,False,,тунец
regional,local,регіональні,місцевий,False,,регіональні
place,location,місце,місце розташування,False,,місце
key,lock,ключ,замк,False,,ключ
alone,lonely,один,самотній,False,,один
short,long,короткий,довгий,False,,короткий
hate,love,ненависть,кохання,False,,ненависть
nice,lovely,приємно,прекрасно,False,,приємно
mistress,lover,коханка,коханий,False,,коханка
snack,lunch,закуска,обід,False,,закуска
robot,machine,робот,машина,False,,робот
playboy,magazine,плейбой,журнал,False,,плейбой
nanny,maid,няня,служниця,False,,няня
preserve,maintain,зберегти,підтримувати,False,,зберегти
service,maintenance,послуга,технічне обслуговування,False,,послуга
control,manipulate,контроль,маніпулювати,False,,контроль
compass,map,компас,карта,False,,компас
advertising,marketing,реклама,маркетинг,False,,реклама
divorce,marriage,розлучення,шлюб,False,,розлучення
single,married,одинокий,одружений,False,,одинокий
yoga,massage,йога,масаж,False,,йога
tournament,match,турнір,збіг,False,,турнір
physics,mathematics,фізика,математика,False,,фізика
minimum,maximum,мінімальний,максимальна,False,,мінімальний
ketchup,mayonnaise,кетчуп,майонез,False,,кетчуп
sheriff,mayor,шериф,мер,False,,шериф
food,meal,їжа,їжа,True,поживна речовина,поживна речовина
pork,meat,свиняча,мясо,False,,свиняча
technical,mechanical,технічні,механічні,False,,технічні
trophy,medal,трофей,медаль,False,,трофей
artifact,medallion,артефакт,медальйон,False,,артефакт
see,meet,дивіться,зустрітися,False,,дивіться
conference,meeting,конференція,зустріч,False,,конференція
commercial,merchant,комерційний,купець,False,,комерційний
forgiveness,mercy,прощення,милосердя,False,,прощення
warning,message,попередження,повідомлення,False,,попередження
iron,metal,залізо,метал,False,,залізо
kilometer,meter,кілометр,метр,False,,кілометр
camera,microphone,камера,мікрофон,False,,камера
telescope,microscope,телескоп,мікроскоп,False,,телескоп
civil,military,цивільне,військові,False,,цивільне
ambassador,minister,посол,міністр,False,,посол
embassy,ministry,посольство,міністерство,False,,посольство
plus,minus,плюс,мінус,False,,плюс
second,minute,другий,хвилина,False,,другий
reflection,mirror,відбиття,дзеркало,False,,відбиття
poverty,misery,бідність,нещастя,False,,бідність
unfortunate,misfortune,нещасний,нещастя,False,,нещасний
rocket,missile,ракета,ракета,True,ругула,ругула
task,mission,завдання,місія,False,,завдання
error,mistake,помилка,помилка,True,правопорушення,правопорушення
combination,mixture,комбінація,суміш,False,,комбінація
humble,modest,скромний,скромний,True,базовий,базовий
temple,monastery,храм,монастир,False,,храм
cash,money,готівка,гроші,False,,готівка
screen,monitor,екран,монітор,False,,екран
tomorrow,morning,завтра,ранку,False,,завтра
aspirin,morphine,аспірин,морфін,False,,аспірин
hotel,motel,готель,мотель,False,,готель
hill,mountain,пагорб,гора,False,,пагорб
porn,movie,порно,фільм,False,,порно
daddy,mum,тато,мама,False,,тато
suicide,murder,самогубство,вбивство,False,,самогубство
killer,murderer,вбивця,вбивця,True,морський вовк,морський вовк
nerve,muscle,нерв,мязи,False,,нерв
library,museum,бібліотека,музей,False,,бібліотека
jazz,music,джаз,музика,False,,джаз
singer,musician,співак,музикант,False,,співак
evolution,mutation,еволюція,мутація,False,,еволюція
secret,mystery,таємниця,таємниця,True,закрита книга,закрита книга
nude,naked,голий,голий,True,обнажена скульптура,обнажена скульптура
country,nation,країна,нація,False,,країна
diarrhea,nausea,діарея,нудота,False,,діарея
marine,navy,морські,військовоморський флот,False,,морські
throat,neck,горло,шия,False,,горло
ring,necklace,кільце,ожерелье,False,,кільце
necessary,need,необхідно,потреба,False,,необхідно
positive,negative,позитивний,негативний,False,,позитивний
grandson,nephew,онук,племінник,False,,онук
worried,nervous,турбується,нервовий,False,,турбується
channel,news,канал,новини,False,,канал
article,newspaper,стаття,газета,False,,стаття
midnight,noon,опівночі,полудня,False,,опівночі
healthy,normal,здоровий,нормально,False,,здоровий
south,north,південь,північ,False,,південь
mouth,nose,рот,ніс,False,,рот
atomic,nuclear,атомний,ядерна,False,,атомний
swear,oath,клянуся,присяга,False,,клянуся
clearly,obviously,ясно,очевидно,False,,ясно
sea,ocean,море,океан,False,,море
september,october,вересень,жовтень,False,,вересень
insult,offend,образа,образити,False,,образа
desk,office,стіл,офіс,False,,стіл
officially,official,офіційно,офіційний,False,,офіційно
sometimes,often,іноді,часто,False,,іноді
coal,oil,вугілля,олія,False,,вугілля
garlic,onion,часник,цибуля,False,,часник
enemy,opponent,ворог,опонент,False,,ворог
choice,option,вибір,варіант,False,,вибір
green,orange,зелений,помаранчевий,False,,зелений
planet,orbit,планета,орбіта,False,,планета
command,order,команда,порядок,False,,команда
arrange,organize,влаштувати,організувати,False,,влаштувати
result,outcome,результат,результат,True,свинцю,свинцю
property,owner,власність,власник,False,,власність
air,oxygen,повітря,кисень,False,,повітря
envelope,package,конверт,пакет,False,,конверт
suffering,pain,страждання,біль,False,,страждання
artist,painter,художник,художник,True,творча людина,творча людина
section,paragraph,розділ,параграф,False,,розділ
supernatural,paranormal,надприродні,паранормальні,False,,надприродні
adult,parent,дорослий,батько,False,,дорослий
matter,particle,матерія,частинка,False,,матерія
reception,party,прийом,вечірка,False,,прийом
enthusiasm,passion,ентузіазм,пристрасть,False,,ентузіазм
ticket,passport,квиток,паспорт,False,,квиток
code,password,код,пароль,False,,код
future,past,майбутнє,минуле,False,,майбутнє
route,path,маршрут,шлях,False,,маршрут
miserable,pathetic,нещасний,жалюгідний,False,,нещасний
guard,patrol,охоронець,патруль,False,,охоронець
paper,pen,папір,ручка,False,,папір
vagina,penis,вагіна,пеніс,False,,вагіна
population,people,населення,люди,False,,населення
ideal,perfect,ідеальний,ідеально,False,,ідеальний
show,performance,шоу,продуктивність,False,,шоу
lipstick,perfume,помада,парфюмерия,False,,помада
radius,perimeter,радіус,периметр,False,,радіус
phase,period,фаза,період,False,,фаза
character,personality,характер,особистість,False,,характер
view,perspective,вигляд,перспектива,False,,вигляд
picture,photo,фотографія,фотографія,True,дивіться,дивіться
autograph,photographer,автограф,фотограф,False,,автограф
dictionary,phrase,словник,фраза,False,,словник
sexual,physical,сексуальний,фізична,False,,сексуальний
fragment,piece,фрагмент,шматок,False,,фрагмент
cow,pig,корова,свиня,False,,корова
tablet,pill,планшети,таблетки,False,,планшети
astronaut,pilot,астронавт,пілот,False,,астронавт
preparation,planning,підготовка,планування,False,,підготовка
cement,plastic,цемент,пластик,False,,цемент
bowl,plate,чаша,пластина,False,,чаша
explanation,plausible,пояснення,правдоподібний,False,,пояснення
coach,player,тренер,гравець,False,,тренер
comfortable,pleasant,комфортно,приємно,False,,комфортно
text,poem,текст,поема,False,,текст
gambling,poker,азартні ігри,покер,False,,азартні ігри
critical,political,критичний,політичні,False,,критичний
policy,politician,політика,політик,False,,політика
journalism,politics,журналістика,політика,False,,журналістика
status,position,статус,позиція,False,,статус
chance,possibility,шанс,можливість,False,,шанс
helpless,powerless,безпорадний,безсильний,False,,безпорадний
literally,practically,буквально,практично,False,,буквально
prey,predator,здобич,хижак,False,,здобич
birth,pregnancy,народження,вагітність,False,,народження
ready,prepare,готовий,підготуйте,False,,готовий
chancellor,president,канцлер,президент,False,,канцлер
button,press,кнопка,преса,False,,кнопка
pulse,pressure,імпульс,тиск,False,,імпульс
value,price,вартість,ціна,False,,вартість
monk,priest,монах,священик,False,,монах
secondary,primary,вторинний,первинний,False,,вторинний
princess,prince,принцеса,принц,False,,принцеса
cell,prison,клітина,вязниця,False,,клітина
hostage,prisoner,заручники,увязнений,False,,заручники
private,privacy,приватний,конфіденційність,False,,приватний
nobel,prize,нобель,премія,False,,нобель
maybe,probably,можливо,ймовірно,False,,можливо
capsule,probe,капсула,зонд,False,,капсула
trouble,problem,проблема,проблема,True,карк,карк
process,procedure,процес,процедура,False,,процес
create,produce,створити,продукція,False,,створити
brand,product,марка,продукт,False,,марка
factory,production,фабрика,виробництво,False,,фабрика
amateur,professional,аматор,професіонал,False,,аматор
dean,professor,декан,професор,False,,декан
project,program,проект,програма,False,,проект
forbidden,prohibit,заборонено,заборонити,False,,заборонено
guarantee,promise,гарантія,обіцянка,False,,гарантія
evidence,proof,докази,доказ,False,,докази
lawyer,prosecutor,адвокат,прокурор,False,,адвокат
rule,protocol,правило,протокол,False,,правило
model,prototype,модель,прототип,False,,модель
enable,provide,включити,забезпечити,False,,включити
medical,psychological,медичний,психологічна,False,,медичний
anatomy,psychology,анатомія,психологія,False,,анатомія
push,pull,натискати,витягувати,False,,натискати
insert,put,вставити,покласти,False,,вставити
quantity,quality,кількість,якість,False,,кількість
half,quarter,половина,квартал,False,,половина
slowly,quickly,повільно,швидко,False,,повільно
fox,rabbit,лиса,кролик,False,,лиса
squirrel,raccoon,білка,енота,False,,білка
marathon,race,марафон,раса,False,,марафон
contamination,radiation,забруднення,випромінювання,False,,забруднення
anger,rage,гнів,гнів,True,червоний,червоний
kidnapper,ransom,викрадач,викуп,False,,викрадач
occasionally,rarely,іноді,рідко,False,,іноді
mouse,rat,миша,щур,False,,миша
generator,reactor,генератор,реактор,False,,генератор
TRUE,real,правда,реальний,False,,правда
optimistic,realistic,оптимістичний,реалістичний,False,,оптимістичний
actually,really,насправді,дійсно,False,,насправді
front,rear,передній,задній,False,,передній
fair,reasonable,справедливий,розумний,False,,справедливий
just,recently,просто,нещодавно,False,,просто
record,recording,запис,запис,True,реєстр,реєстр
increase,reduce,збільшення,зменшити,False,,збільшення
fresh,refresh,свіжий,оновлення,False,,свіжий
philosophy,religion,філософія,релігія,False,,філософія
stay,remain,залишитись,залишаються,False,,залишитись
exceptional,remarkable,виняткові,дивовижний,False,,виняткові
forget,remember,забути,памятай,False,,забути
eliminate,remove,усунути,видалити,False,,усунути
hire,rent,оренду,оренду,True,візьміть,візьміть
fix,repair,виправити,ремонт,False,,виправити
answer,reply,відповідь,відповідь,True,резолюція,резолюція
career,reputation,карєра,репутація,False,,карєра
demand,request,попит,запит,False,,попит
resistance,resist,опору,протистояти,False,,опору
pub,restaurant,паб,ресторан,False,,паб
back,return,назад,повернення,False,,назад
bonus,reward,бонус,винагорода,False,,бонус
poor,rich,бідний,багатий,False,,бідний
drive,ride,привід,їздити,False,,привід
steal,rob,вкрасти,роб,False,,вкрасти
theft,robbery,крадіжка,пограбування,False,,крадіжка
dramatic,romantic,драматичний,романтична,False,,драматичний
caesar,rome,цезарь,рим,False,,цезарь
chain,rope,ланцюг,мотузка,False,,ланцюг
turn,rotate,поворот,обертати,False,,поворот
espionage,sabotage,шпигунство,саботаж,False,,шпигунство
security,safety,безпека,безпека,True,сертифікат,сертифікат
anchor,sail,якорь,вітрило,False,,якорь
pirate,sailor,пірат,моряк,False,,пірат
soup,salad,суп,салат,False,,суп
pension,salary,пенсія,зарплата,False,,пенсія
auction,sale,аукціон,продаж,False,,аукціон
ninja,samurai,я,самураї,False,,я
mud,sand,брудь,пісок,False,,брудь
radar,satellite,радар,супутник,False,,радар
cream,sauce,крем,соус,False,,крем
rescue,save,порятунок,зберегти,False,,порятунок
hero,savior,герой,спаситель,False,,герой
gossip,scandal,плітки,скандал,False,,плітки
tattoo,scar,татуювання,шрам,False,,татуювання
calendar,schedule,календар,розклад,False,,календар
class,school,клас,школа,False,,клас
technology,science,технологія,наука,False,,технологія
genius,scientist,геній,вчений,False,,геній
safe,secure,безпечно,безпечно,True,гума,гума
choose,select,вибрати,вибрати,True,віддаю перевагу,віддаю перевагу
stubborn,selfish,впертий,егоїстичний,False,,впертий
buy,sell,купити,продати,False,,купити
parliament,senate,парламент,сенат,False,,парламент
governor,senator,губернатор,сенатор,False,,губернатор
bring,send,принесіть,відправити,False,,принесіть
delicate,sensitive,делікатний,чутливий,False,,делікатний
word,sentence,слово,речення,False,,слово
speech,sermon,промова,проповідь,False,,промова
slave,servant,раб,слуга,False,,раб
refuge,shelter,притулок,притулок,True,святилище,святилище
crew,ship,екіпаж,корабель,False,,екіпаж
boot,shoe,завантаження,взуття,False,,завантаження
shot,shoot,стрілянину,стріляти,False,,стрілянину
ill,sick,хворий,хворий,True,зловісний,зловісний
form,sign,форма,знак,False,,форма
frequency,signal,частота,сигнал,False,,частота
stamp,signature,штамп,підпис,False,,штамп
silent,silence,тихо,тиша,False,,тихо
golden,silver,золотий,срібло,False,,золотий
simply,simple,просто,просто,True,але,але
toilet,sink,туалет,раковина,False,,туалет
drop,sip,падіння,глоток,False,,падіння
stand,sit,стоянка,сидіти,False,,стоянка
bone,skull,кістка,череп,False,,кістка
rest,sleep,відпочинок,спати,False,,відпочинок
little,small,невеликий,невеликі,False,,невеликий
taste,smell,смак,запах,False,,смак
worm,snake,червяк,змія,False,,червяк
shooter,sniper,стрільця,снайпер,False,,стрільця
rain,snow,дощ,сніг,False,,дощ
lemonade,soda,лимонад,сода,False,,лимонад
lunar,solar,місячний,сонячна,False,,місячний
nothing,something,нічого,щось,False,,нічого
elsewhere,somewhere,в іншому місці,десь,False,,в іншому місці
daughter,son,дочка,син,False,,дочка
album,song,альбом,пісня,False,,альбом
noise,sound,шум,звук,False,,шум
lasagna,spaghetti,лазанья,спагеті,False,,лазанья
talk,speak,розмова,говоріть,False,,розмова
expert,specialist,експерт,спеціаліст,False,,експерт
sensational,spectacular,сенсаційний,вражаюче,False,,сенсаційний
distance,speed,відстань,швидкість,False,,відстань
waste,spend,відходи,витратити,False,,відходи
soul,spirit,душа,дух,False,,душа
hobby,sport,хобі,спорт,False,,хобі
celebrity,star,знаменитість,зірка,False,,знаменитість
federal,state,федеральний,держава,False,,федеральний
comment,statement,коментар,заява,False,,коментар
platform,station,платформа,станція,False,,платформа
monument,statue,памятник,статуя,False,,памятник
concrete,steel,бетон,сталь,False,,бетон
already,still,вже,ще не,False,,вже
rock,stone,камінь,камінь,True,карін,карін
prevent,stop,запобігти,зупинитися,False,,запобігти
shop,store,магазин,магазин,True,олен,олен
wind,storm,вітер,шторм,False,,вітер
oven,stove,печ,печ,True,,духовка
unusual,strange,незвично,дивно,False,,незвично
plan,strategy,план,стратегія,False,,план
banana,strawberry,банани,полуниця,False,,банани
avenue,street,проспект,вулиця,False,,проспект
hit,strike,ударив,страйк,False,,ударив
nap,stroll,дрімати,прогулянка,False,,дрімати
firmly,strongly,твердо,сильно,False,,твердо
pyramid,structure,піраміда,структура,False,,піраміда
research,study,дослідження,дослідження,True,досліджувати,досліджувати
naïve,stupid,наївна,дурний,False,,наївна
madness,stupidity,божевілля,дурість,False,,божевілля
rhythm,style,ритм,стиль,False,,ритм
object,subject,обєкт,предмет,False,,обєкт
replace,substitute,замінити,замінник,False,,замінити
manage,succeed,керувати,успіх,False,,керувати
enough,sufficient,досить,достатньо,False,,досить
propose,suggest,запропонувати,запропонувати,True,запитання зявилося,запитання зявилося
briefcase,suitcase,портфель,валіз,False,,портфель
moon,sun,місяць,сонце,False,,місяць
saturday,sunday,субота,неділя,False,,субота
layer,surface,шар,поверхня,False,,шар
operate,surgery,працювати,хірургія,False,,працювати
nickname,surname,прізвище,прізвище,True,дуб,дуб
live,survive,живий,вижити,False,,живий
doubt,suspect,сумніви,підозрюваний,False,,сумніви
drown,swim,утонув,плавати,False,,утонув
flag,symbol,прапор,символ,False,,прапор
symptom,syndrome,симптом,синдром,False,,симптом
needle,syringe,ігла,шприц,False,,ігла
network,system,мережа,система,False,,мережа
potential,talent,потенціал,талант,False,,потенціал
learn,teach,навчитися,навчати,False,,навчитися
student,teacher,студент,вчитель,False,,студент
league,team,ліга,команда,False,,ліга
method,technique,метод,техніка,False,,метод
teenage,teenager,підліток,підліток,True,,нелітній
call,telephone,дзвонити,телефон,False,,дзвонити
radio,television,радіо,телебачення,False,,радіо
say,tell,скажіть,розкажіть,False,,скажіть
heat,temperature,тепло,температура,False,,тепло
golf,tennis,гольф,теніс,False,,гольф
experiment,test,експеримент,випробування,False,,експеримент
witness,testimony,свідка,свідчення,False,,свідка
grateful,thank,вдячний,дякую,False,,вдячний
what,that,що це,що,False,,що це
cinema,theater,кінотеатр,театр,False,,кінотеатр
idea,theory,ідея,теорія,False,,ідея
here,there,тут,там,False,,тут
thin,thick,тонкий,товстий,False,,тонкий
consider,think,розглянути,подумайте,False,,розглянути
hunger,thirst,голод,спрага,False,,голод
one,three,один,три,False,,один
crown,throne,корона,трон,False,,корона
finger,thumb,палець,палець,True,цифри,цифри
lightning,thunder,блискавка,гром,False,,блискавка
bind,tie,звязувати,краватка,False,,звязувати
detonator,timer,детонатор,таймер,False,,детонатор
skin,tissue,шкіра,тканини,False,,шкіра
name,title,імя,назва,False,,імя
potato,tomato,картопля,помідор,False,,картопля
nail,tooth,нігтя,зуб,False,,нігтя
hurricane,tornado,ураган,торнадо,False,,ураган
torment,torture,муки,тортури,False,,муки
blanket,towel,ковдру,рушник,False,,ковдру
doll,toy,лялька,іграшка,False,,лялька
modern,traditional,сучасні,традиційні,False,,сучасні
sad,tragic,сумно,трагічний,False,,сумно
spy,traitor,шпигун,зрадник,False,,шпигун
move,transfer,переміститися,перенесення,False,,переміститися
sensor,transmitter,сенсор,передавач,False,,сенсор
therapy,treatment,терапія,лікування,False,,терапія
bush,tree,кущ,дерево,False,,кущ
hearing,trial,слух,судовий розгляд,False,,слух
circle,triangle,круг,трикутник,False,,круг
double,triple,подвійне,тройний,False,,подвійне
jeep,truck,джип,вантажівка,False,,джип
monday,tuesday,понеділок,вівторок,False,,понеділок
bridge,tunnel,міст,тунель,False,,міст
chicken,turkey,курка,индюка,False,,курка
snail,turtle,улитка,черепаха,False,,улитка
disgusting,ugly,огидно,потворний,False,,огидно
final,ultimate,остаточний,остаточний,True,нетто,нетто
inability,unable,нездатність,не в змозі,False,,нездатність
realize,understand,усвідомити,розумію,False,,усвідомити
suddenly,unexpectedly,раптом,несподівано,False,,раптом
injustice,unfair,несправедливість,несправедливо,False,,несправедливість
badge,uniform,значок,однорідна,False,,значок
special,unique,спеціальний,унікальний,False,,спеціальний
college,university,коледж,університет,False,,коледж
anonymous,unknown,анонімний,невідоме,False,,анонімний
uncomfortable,unpleasant,незручно,неприємно,False,,незручно
down,up,вниз,вгору,False,,вниз
lower,upper,нижче,верхній,False,,нижче
blood,urine,кров,сеча,False,,кров
apply,use,застосовувати,використання,False,,застосовувати
ordinary,usual,звичайний,зазвичай,False,,звичайний
normally,usually,зазвичай,зазвичай,True,не помітно,не помітно
antidote,vaccine,антидот,вакцинація,False,,антидот
desert,valley,пустеля,долина,False,,пустеля
zombie,vampire,зомбі,вампір,False,,зомбі
trailer,van,причеп,фургон,False,,причеп
cinnamon,vanilla,кориця,ваніль,False,,кориця
valve,ventilation,клапан,вентиляція,False,,клапан
mars,venus,марс,венера,False,,марс
check,verify,перевірка,перевірка,True,обґрунтування,обґрунтування
extremely,very,надзвичайно,дуже,False,,надзвичайно
dvd,video,dvd,відео,False,,dvd
camp,village,табір,село,False,,табір
revelation,vision,відкриття,бачення,False,,відкриття
protein,vitamin,білки,вітамін,False,,білки
whiskey,vodka,віскі,горілка,False,,віскі
volunteer,voluntarily,волонтер,добровільно,False,,волонтер
majority,vote,більшість,голосування,False,,більшість
candidate,voter,кандидат,виборця,False,,кандидат
waiter,waitress,офіціант,офіціантка,False,,офіціант
run,walk,бігти,ходити,False,,бігти
pocket,wallet,кишеню,гаманець,False,,кишеню
soldier,warrior,солдат,воїн,False,,солдат
clean,wash,чистий,мити,False,,чистий
look,watch,дивіться,годинник,False,,дивіться
sherlock,watson,шерлок,уотсон,False,,шерлок
strong,weak,сильний,слабкий,False,,сильний
treasure,wealth,скарб,багатство,False,,скарб
pistol,weapon,пістолет,зброя,False,пістолет,пістолет
internet,web,інтернет,вебсайт,False,,інтернет
engagement,wedding,заручення,весілля,False,,заручення
month,week,місяць,тиждень,False,,місяць
daily,weekly,щодня,щотижнево,False,,щодня
southern,western,південний,західний,False,,південний
dry,wet,сухий,мокро,False,,сухий
horn,whistle,рог,свисток,False,,рог
narrow,wide,вузький,широкий,False,,вузький
husband,wife,чоловік,дружина,False,,чоловік
gain,win,прибуток,перемога,False,,прибуток
loser,winner,програвець,переможець,False,,програвець
summer,winter,літо,зима,False,,літо
cable,wire,кабель,дріт,False,,кабель
desire,wish,бажання,бажання,True,надія,надія
curse,witch,прокляття,відьма,False,,прокляття
magic,wizard,магія,чарівник,False,,магія
bear,wolf,ведмедь,вовк,False,,ведмедь
widow,woman,вдова,жінка,False,,вдова
job,work,робота,робота,True,галузь роботи,галузь роботи
farmer,worker,фермер,робітник,False,,фермер
international,world,міжнародний,світ,False,,міжнародний
concern,worry,занепокоєння,турбуватися,False,,занепокоєння
useless,worthless,безкорисливий,безцінний,False,,безкорисливий
deserve,worthy,заслуговують,гідний,False,,заслуговують
read,write,прочитати,писати,False,,прочитати
poet,writer,поет,письменник,False,,поет
reading,writing,читання,письмо,False,,читання
okay,yeah,гаразд,так,False,,гаразд
red,yellow,червоний,жовтий,False,,червоний
today,yesterday,сьогодні,вчора,False,,сьогодні
old,young,старий,молодий,False,,старий
area,zone,площа,зона,False,,площа
