word_english,aoa_s_N,aoa_s_M,aoa_s_SD,rt_M,rt_SD
ace,32,4.4,1.1,2509.9,2817.5
ache,32,4.2,1.1,1691.2,789.7
act,31,3.4,0.9,3085.3,4174.7
ad,32,4.1,1.2,2789.1,2146.4
add,30,2.7,0.6,1864.6,1521.4
aft,32,6.4,1,1950.7,1851.4
age,32,2.9,1,1923.7,1777.9
aid,31,3.7,0.9,2303.1,2000.1
aide,32,5.3,1.2,2101.7,1172.6
ail,31,5.7,1.2,2274.5,2297.3
aim,32,3.6,0.8,3153.6,4012.5
air,32,2.8,1,1937.5,1971.9
aisle,32,4.4,1.3,2202,1596.2
ale,31,5.4,1.2,1878.8,1290.4
all,32,2.5,0.8,1650,1270
alms,32,6.6,0.8,1853,1386.7
alp,32,5.8,1.4,2490.5,4229.5
am,32,2.3,0.9,1661.4,1031
an,31,3,1.3,2195.9,1845.9
and,32,2.3,0.7,1544.4,978.4
ant,32,2.3,0.5,1763,1553.8
ape,32,3.4,0.9,1851,1374.9
apse,31,6.6,0.9,1407.8,1101
apt,32,6,1,2342.8,1882.6
arc,31,5,1.4,2419.3,2526.9
arch,32,4.4,1.2,2057.1,1961.4
are,32,2.7,0.8,1641.7,1088.7
ark,32,3.4,1.4,1899.9,1302
arm,32,2.3,0.8,1307.9,607.2
art,29,3,0.7,2011.6,1485
arts,32,3.6,1.1,2175.3,1392.6
as,32,2.7,1.1,1702.3,1247.2
ash,32,3.9,1,2288.2,1893.7
ask,30,2.5,0.8,1583.3,1151.2
ass,32,4.5,1.4,3306,3175.9
at,32,2.5,0.9,1827.9,1100.6
ate,31,2.9,1.1,1847.4,1265
aunt,31,2.4,0.6,2151.5,1468.1
awe,32,4.5,1.4,1953.9,1362.6
ax,32,3.5,1.4,1845.4,1443.6
axe,32,3.8,1.5,1893.8,1544.5
aye,32,5.9,1.4,1750.5,1833.8
babe,32,3.9,1.3,2400.5,1712.9
back,31,2.6,0.9,1384.7,705.9
bad,32,1.8,0.7,1663.2,1156.9
badge,32,3.8,0.8,2259.8,2210.2
bag,32,2.8,0.8,1897.1,2010.5
bail,31,5,1,2471.4,2473.4
bait,31,3.7,1,2536.8,3604.8
bake,32,3.2,1.2,1354.9,811.1
bald,31,3.8,0.9,1787,947.5
bale,31,5.4,1.5,1798.6,1178.4
balk,32,6.1,1.2,1984.5,1580.9
ball,31,2.2,0.8,1331.1,802.7
balm,32,5.2,1.2,2560.2,3660.7
ban,30,4.8,1,2305.9,1749.2
band,32,3.7,0.9,3256.2,5397.3
bane,31,6.4,1.1,1732.8,1391.4
bang,31,2.8,0.8,2139.9,2439
bank,32,3.5,1.1,1754.8,1847.4
bar,32,3.7,1.1,2465,2168.5
barb,32,5.4,1.4,1563.6,812.2
bare,31,3.9,1,1788,1493.9
barge,31,4.9,1.3,1915,1090
bark,31,2.6,0.8,2172.4,1588.6
barn,30,2.7,0.6,1971.5,1963.1
base,31,3.5,1,2972.6,3005.9
bash,32,4.4,1.3,2190.4,1788.1
bask,32,5.6,1,1647.9,900.7
bass,32,4.3,1.2,2714.9,1953.2
baste,31,5.7,1.1,2142.2,1739.5
bat,31,2.9,0.7,1610.4,905.9
batch,32,4.3,0.8,1743.9,962.7
bath,32,2.2,0.6,1807.1,1923.4
bathe,32,3.4,1.3,2657.1,4411.5
bawl,31,5.4,1.3,2107.5,1358.5
bay,32,4.2,1.3,2448.1,2780.3
be,30,2.3,0.7,1429.6,1076
beach,32,2.8,0.8,1742,984.5
bead,31,3.5,1,1931.8,1584.1
beak,32,3.6,1.6,2173,1385.7
beam,32,4,1,1980.9,1178.7
bean,32,2.8,0.8,1974.5,1111.4
bear,32,2.7,0.8,1777.6,1492.6
beard,32,3.3,1.2,2512.3,1898.4
beast,32,3.4,0.8,1631.5,830.3
beat,31,3.2,0.8,2909.3,2941.2
beau,32,6,1,1855.6,1242.8
beck,31,5.9,1.2,2059.4,1344.2
bed,31,2,0.5,1468,766.4
bee,32,2.4,0.7,1868.1,2065.1
beech,30,5.8,1.4,2544.2,2031.5
beef,32,3.4,0.7,1575.8,799.7
been,32,3.2,1,2256.4,2225.9
beer,32,4.9,1.4,2001.2,1135.7
beet,32,4.4,1.3,2132.3,1440.5
beg,32,3.3,1,1736,1224
beige,32,5.1,1.1,2143.5,2093.3
belch,30,4.7,1.4,1918.8,1274
bell,32,2.8,0.9,1586.8,1059.1
belle,32,6,1.1,1822.7,1169.2
belt,32,3.3,1.1,1886.5,1048.5
bench,32,3.4,0.9,2201.6,1835
bend,32,3.4,1,1609.4,795.9
bent,32,3.4,1,1966.6,1511.8
berth,32,6.3,0.9,1891.6,1596.4
best,32,3,0.9,2047.3,1592.2
bet,31,3.5,0.9,1753.6,942.2
bib,32,2.8,1.2,1800.5,1040.7
bid,31,4.6,1,1754.4,1267.8
bide,32,6,0.9,1974.3,1564.5
big,32,2.2,0.4,1771.3,1144.2
bike,31,2.6,0.8,1603,1058.7
bile,32,5.8,1.3,1945.7,1538.9
bilge,32,6.5,0.9,2014.8,1902.3
bill,32,4.3,1,2053.3,1837.6
bin,32,3.8,1.1,1673.4,1092.2
bind,32,4.8,1,2083.6,1338
binge,31,6,0.9,2199.1,1519.3
birch,29,5.7,1.3,2369,1455.4
bird,31,2.3,1,1414.4,798.5
birth,31,3.3,1.1,2008.7,1740.4
bit,32,3,1.1,1907.6,1570.3
bitch,31,5.5,1,3171.5,2015.8
bite,32,2.8,0.8,1590.2,1076
blab,31,4.5,1.4,1705,1020
black,31,2.6,0.8,1709.6,1060
blade,32,4.2,1,2353.2,2073.4
blah,32,4.2,1.7,2206.3,1770.9
blame,32,3.7,0.8,1843.2,1562
blanch,32,6.3,1,1546.1,724.8
bland,32,5,1,2397.1,3354.9
blank,31,3.9,0.9,2041,1794.3
blare,32,5.1,1.1,3184.4,4996.7
blast,31,3.9,1,2113,1567.3
blaze,32,4.9,1.3,2257.7,1958.6
bleach,32,4.4,0.9,1827.9,1135.9
bleak,32,5.8,1.1,1837,1543.1
bleat,32,6.1,1.2,1569.4,908
bled,32,3.8,1,1956.9,1506.3
bleed,32,3.4,1.1,1703.3,1054
blend,31,4,0.9,2183.1,1790.9
bless,32,3.4,1.2,2255.7,2182.5
blew,31,3.8,1,2380.8,3411.5
blight,32,6.5,0.9,2063.3,2208.6
blimp,32,4.3,1.2,1935.3,1019.5
blind,32,3.7,0.9,2302.3,2118.6
blinds,31,4,0.8,3393.7,3723.8
blink,32,3.5,1,2259.5,1762.4
bliss,32,5.3,1.1,2029.5,1720.2
blithe,31,6.4,0.8,1998.5,2690.3
blitz,31,5.7,1.1,1741.9,1351.1
bloat,32,5.3,1.4,2179.5,1418.5
blob,31,3.9,1.2,2491.5,2271.1
block,29,3,1.1,2699.7,3018.6
bloke,32,6.3,1,1733,1657.8
blonde,32,3.4,1.1,2170.2,1654.7
blood,32,3,1,2561.5,2345.8
bloom,31,3.9,0.8,1841.5,964
blot,32,4.7,1.3,1659.2,1224.2
blotch,32,5.3,1.3,1588.6,1146.7
blouse,32,4.3,1.3,2337.5,2222.6
blow,32,3.1,1,2066.6,1181
blown,32,3.9,0.9,2225.6,1823.3
blue,31,2.1,0.6,1691.7,1001.3
bluff,32,5.2,1,2343.3,1610.4
blunt,31,5.3,1.2,3683.4,7390.4
blur,30,4.2,0.7,2693.2,3893.4
blurt,32,4.8,1.3,1954,1356.7
blush,31,4,1,1871.8,1252.3
boar,32,4.8,1.2,1995.3,1302.6
board,32,3.6,0.9,2261.6,2385.6
boast,31,5,0.9,2112.5,1821.1
boat,31,2.5,0.9,1569.7,763.3
bob,31,4,1.4,2764.5,2022.7
bode,31,6.4,0.8,1667.4,845.5
bog,32,5.3,1.4,2046.5,2195.6
boil,32,3.9,1,1784,1262.6
bold,32,4.6,1,2623.7,3187.8
bolt,32,4.4,1.2,1952.1,1324.9
bomb,30,3.8,0.8,1848.8,1171.1
bond,31,4.5,0.9,2236.3,1510.6
bone,32,3.1,1,2334.4,2380.5
book,32,2.8,1,1802.2,1443.1
boom,31,3.1,1.3,2929.4,4906.7
boon,31,6.2,1.1,1979.8,1313.1
boost,32,4.3,1.1,2103.1,2473.8
boot,30,2.7,0.9,2023.8,1277.9
booth,32,4.2,1,2794.7,3496.5
booze,32,5.7,1.2,1871.6,1208.9
bore,31,4.3,1.2,2030.6,1789.9
bored,32,3.5,1.1,1824.5,1475.3
borne,32,5.5,1.5,2215.8,1233.1
bosh,31,6.7,0.7,3513.2,7722.7
boss,32,3.8,0.9,2604.3,2939
botch,31,6,1.1,1424.3,901.6
both,32,2.7,0.9,3233.1,8933.6
bough,32,5.7,1.5,2863.6,3912
bought,31,3.7,0.9,2250.6,2546.7
bounce,32,3.1,0.7,2075.4,2267.7
bound,32,4.6,1.1,2791.5,6096.6
bout,31,5.9,1,1927.1,1210.5
bowl,32,3.1,1.3,2851.1,6203.7
box,30,2.5,0.8,1774,1798.4
boy,32,2.1,0.6,1389.1,636.3
bra,31,4.6,1.1,2653.2,1498.8
brace,31,4.1,1,2396.9,2153.4
brag,32,3.9,0.9,1976,1209.8
braid,30,3.3,1,1773.4,1120.7
brain,32,3.5,1,1947.6,1426.6
braise,32,6.3,0.9,1646.4,930.8
brake,31,3.7,1,2402.7,2410.2
bran,31,4.7,1.5,2236,2023.5
branch,31,3.5,0.8,1662.8,1029.3
brand,32,4.1,0.9,2124.3,1671.1
brash,32,6.3,0.9,3928.7,8585.4
brass,31,4.6,1.2,2212.3,2048.7
brat,31,3.5,1.1,1824.7,862.1
brave,29,3.4,0.7,1668.1,1176.8
brawl,30,5,1.1,1804.6,1312.3
braze,32,6,1.1,2230.6,2762.7
breach,32,6,1,2383.8,2599.9
bread,31,2.5,0.8,1976.1,1534.4
breadth,31,6.4,0.8,2649.6,2019.9
break,31,3.3,1,2212.8,1333.8
breast,31,4.5,1.4,2167.4,1038.2
breath,32,3.3,1.2,2580.1,3417.2
breathe,32,3.3,1.1,2164,1518.6
bred,32,5.4,1.1,2804.6,3445.7
breech,32,5.9,1.1,2371.6,1936.9
breed,31,4.6,1,2052.3,1372.7
breeze,32,3.5,1,1861,1473.9
brew,31,4.8,1,2523.1,2096.1
bribe,32,4.6,1,2063.6,1346
brick,31,3.3,0.9,1660,941.8
bride,32,3.7,1.1,1918.2,1117.8
bridge,32,3.2,1.1,2792.5,4888.9
brief,31,4.5,1.1,2379,1727.4
brig,30,6.3,1.2,2026.2,1395.1
bright,32,3.1,0.8,2857.8,4949.2
brim,32,5.1,1.4,1588.2,820.5
bring,32,2.8,0.8,2675.3,3232.6
brink,32,5.6,1,3824.2,5918.2
brisk,30,5.2,1,2572.4,2389.7
broach,32,5.9,1,1679.9,1073
broad,32,4.7,0.9,1877.4,1686.3
broil,31,4.8,1,2857.4,4191.1
broke,30,3.4,1.1,2400.7,2584.5
bronze,32,4.6,1,2210.9,1565.5
brooch,32,5.9,1.3,2579.3,5170.8
brood,32,5.8,1.1,1628.9,1119.7
brook,32,4.8,1.3,2046.9,1368.9
broom,32,3.2,0.9,2460.7,3264.6
broth,32,4.7,1.1,2429.9,1785.3
brought,32,4.2,1.1,1788.2,1307.9
brow,32,4.3,1.3,2478,1838.1
brown,31,2.4,0.7,2220,2124
browse,32,4.9,1.1,2070.3,1906.7
bruise,32,3.8,1,1820,1365.4
brunch,32,4.5,1.1,1902.4,953.4
brunt,29,6.1,1.2,1867.1,1122
brush,32,2.9,1,1981.4,1307.8
brute,32,5.6,1.1,1678.2,939.7
buck,32,4,1,1833.6,1236
bud,30,4,1.2,2147.1,1335
budge,31,4.3,1.1,2306.1,1872
buff,32,5.3,1.1,2383,1615.8
bug,32,2.4,0.7,1605.2,1169.6
build,31,2.9,0.9,2191.9,2501.5
built,32,3.5,0.9,1812.1,946.6
bulb,32,3.9,1,1938.2,1797.7
bulge,31,4.8,1,2044.8,1862
bulk,31,4.9,1,1690.6,911.7
bull,32,3,0.9,1628.6,1454.2
bum,32,3.8,1.3,1839.3,1118.2
bump,30,3.2,1.1,1583.5,838.1
bun,31,3.6,1.3,2262,1982.6
bunch,31,3.5,0.8,1965.2,1320.4
bunk,30,4.4,1.2,2932.7,4302.3
bunt,31,4.1,1.4,2800.4,3221.9
burl,31,6.4,1.1,2044.7,1723.7
burn,32,2.9,0.6,2603.8,4234.9
burp,30,3.1,1.1,2221.4,1734.5
burr,32,4.7,1.8,2248.5,1512.7
burst,32,4.1,1.1,2709.1,3616
bus,31,2.7,0.8,2142,1422.4
bush,32,3.1,0.8,2161.7,1649.9
buss,31,5.6,1.6,2601.8,1662.8
bust,31,4.5,1.1,2017.2,1110.1
but,32,2.5,0.9,1632.4,1051.9
butch,32,5.7,1.3,2188.8,1251.6
butt,32,2.9,1,3068.7,4208.3
buy,31,3.1,1,2085.7,2614.9
buzz,32,2.8,1.2,2464.2,4220.6
by,32,2.7,0.9,2025.7,1834.6
bye,32,2,1.2,2009.6,1715.9
cab,32,3.8,1.1,2068.6,1927.6
cache,32,6.5,1,1704.3,894.1
cage,31,3.2,0.9,1724.4,1271.1
cake,32,2.6,0.9,1761,934.2
calf,32,3.7,1.2,2597.8,2383.8
call,32,2.8,0.8,1722.4,1229.1
calm,32,3.4,1,3301.8,4782.2
calve,31,5.5,1.5,2310.2,1666.6
cam,31,5.7,1.3,2639.5,2082.6
came,31,3.1,1,2174.7,1906.2
camp,32,3.2,0.8,1955.1,1362.6
can,31,2.5,0.6,1953.5,1512.6
cane,32,3.8,1.2,1970,1402.1
cap,32,2.9,0.9,2371.4,2414.6
cape,32,3.6,1.2,1971.8,1646.5
car,32,2.4,0.7,1680.7,885.9
card,31,3.2,1,2623.7,4570.9
care,31,3.2,1.2,2153.1,1946
carp,31,5.8,1.3,2115,2308.5
cart,32,3.4,1.2,1987.8,1637.4
carve,32,4.3,0.9,2279.5,2585.8
case,32,3.6,1,1961.4,1387.6
cash,31,3.6,0.9,1802.4,1268
cask,32,6.1,1.1,2101.2,1326.5
cast,32,4.1,1,2685,4106.5
caste,31,6.2,1.3,1943.3,1033.6
cat,29,1.9,0.5,1743.8,1322.2
catch,32,3.4,1.1,2544.1,5019.2
caught,32,3.5,0.8,2581.1,3650.5
caulk,31,5.9,1.3,1763.5,1117.2
cause,32,3.5,1,1911.7,1104.8
cave,32,3.5,0.8,2445.9,3807.7
cease,32,5.2,1.1,1784.6,1024.1
cell,32,4.8,1.2,2209.6,1343.9
cent,30,3.3,0.8,2034.6,1856.7
chafe,32,6.2,1,2183.9,4023.3
chaff,32,6.3,0.9,1777,1300.3
chain,31,3.5,0.9,1955.8,1170
chair,30,2.7,1.1,1940.2,2445
chaise,31,6.2,1.2,2254.4,2345.9
chalk,32,2.9,0.8,1862.5,1250.9
champ,32,4.2,0.9,2263.7,2373.9
chance,31,3.8,1,1784.2,2007.7
change,32,3.3,1.1,2014,1411.3
chant,32,4.8,1.2,1937.6,1423.9
chap,31,5.5,1.3,2123.2,1489.6
char,32,6,1.1,1942.4,1563.4
chard,32,6.1,1.2,1600.8,872.4
charge,30,3.7,1,2053.8,1695
charm,32,4.1,1.1,1965.2,1827.7
chart,32,4,0.9,2159.9,2050.4
chase,31,3.1,1.1,3242.8,5186.1
chasm,31,6.4,1.1,1854.3,1237.5
chaste,31,6.5,0.6,2066.4,1656
chat,30,4.3,1.1,1922.9,1195.8
cheap,31,3.8,1,1870.1,1412.6
cheat,30,4.1,0.8,1966.6,1766.5
check,32,3.7,0.9,2051.2,1341.5
cheek,30,2.9,0.9,2152.1,1719.2
cheep,31,4.7,1.7,2844.7,1817.7
cheer,31,3.5,1,2366.4,2333.2
cheese,32,2.7,0.9,1551.6,1040.5
chef,32,3.9,0.9,2097.6,1228.3
chess,31,4.2,0.8,1752.8,1452.5
chest,29,3.4,1.1,1860.6,1248.5
chew,32,2.7,0.9,2994.9,4528.1
chic,32,5.3,1.2,2028.5,1298
chick,32,3.3,1.2,1829.6,1284.4
chide,32,6.4,1,1778.7,1909.7
chief,30,3.8,1.2,3424.8,4740.2
child,32,2.8,1,1602,597
chill,32,3.9,0.9,2142.1,1667.1
chime,32,4.4,1.1,2432.2,2632.7
chimp,32,3.6,1.1,1958.8,1466.7
chin,32,2.6,0.7,1916.1,1913.9
chip,31,3.1,1.1,2698.5,4230.1
chirp,31,3.5,1.3,2423.3,2432.4
chive,32,5.6,1,1944.9,1510.7
chock,31,5.8,1.3,3017.1,3218.6
choice,32,3.7,0.9,1889.1,2341.6
choir,32,3.9,1,1968.3,1101.9
choke,32,3.8,1.1,2135.1,1513.2
choose,31,3.3,1,1871.1,1167.6
chop,31,3.9,1.1,2131.4,2333.8
chord,30,4.9,1.3,2093.3,1850
chore,31,3.5,1,2042.8,1599.3
chose,32,3.8,1.2,2596,2075.1
chow,32,4.4,1.1,2898.2,4041.6
chrome,32,5.5,1.2,2129.1,2375.3
chuck,32,4.6,1.4,2838.6,2369.3
chug,32,4.8,1.2,1835,1002.6
chum,32,5.3,1.2,2918.9,4778.8
chump,32,5,1.3,1777.7,1536.8
chunk,31,3.7,0.9,2807,3347.6
church,31,2.7,0.8,1774.4,1148.4
churn,31,4.9,1.1,1945.8,1451.8
chute,31,5.4,1.2,1941.1,1350.8
cinch,31,5.6,1.2,1914.2,1189.4
cite,32,5.9,1,2079.3,1856.9
clack,31,5,1.6,2111.2,1536.1
clad,32,6.1,1,3005.5,4400.1
claim,32,4.4,0.9,1989.4,1383.2
clam,32,3.7,1.1,2843.9,3221.8
clamp,31,4.9,1.1,2888.5,4672.1
clan,32,5.1,1.4,5992.6,19752.9
clang,31,4.6,1.5,1891.3,1239
clank,31,4.7,1.5,2777.2,3408.5
clap,31,2.6,0.9,1868.5,1785
clash,30,4.9,1.1,3112.8,4431.8
clasp,31,5,1.1,2256.1,1799.9
class,32,3.1,0.8,2833.8,3128.9
clause,32,5.5,1.3,2180.7,1836.1
claw,32,3.3,1.2,2051.2,1372.5
clay,30,3.2,0.8,1883.1,1167.4
clean,32,3,0.8,2072,1454.3
cleanse,32,4.7,1.4,2584.3,2845.9
clear,30,3.3,1.1,1866.9,1624.3
cleat,32,5.1,1.5,2115.1,1787.2
cleave,32,6.1,1.2,1867,1148.4
clef,31,6,1.2,1812.2,1248.9
cleft,31,6.4,0.8,1791.2,995.1
clench,29,4.8,1.1,1849.1,1292.2
clerk,31,4.6,1.1,2197.3,1654.5
click,32,3.7,1,2192.1,2640.2
cliff,32,3.9,1.1,3097.3,6128
climb,32,3.3,0.9,2484.7,2594.7
clinch,31,5.2,1.3,2730.6,4720.4
cling,32,4,1.2,2653.5,3510.5
clink,32,4.8,1.6,2235.7,2113.7
clip,31,3.8,0.7,3038.7,3200
clique,32,5.7,1.2,2010.1,1216.1
cloak,32,4.8,1.1,2361.8,2901.8
clock,32,2.9,1,1612,1552.6
clod,31,5.5,1.3,1772.7,1289.4
clog,31,4.5,1,2115.4,1822.3
clone,32,5.5,1.1,2751.7,2776.8
clop,32,5.3,1.5,2170.9,1753.9
close,32,3.1,1.3,2813.3,5309.7
clot,31,5.1,1.2,2023.9,1895
cloth,32,3.3,1.1,2708.4,4144
clothe,31,4,1.3,3186.1,3315.6
clothes,32,2.7,0.8,1455.5,581.4
cloud,30,2.8,0.9,1863.1,1544.1
clout,32,6.4,0.9,2499,5435.8
clove,31,5.1,1.2,1760.4,897.3
clown,31,2.5,0.8,1598.9,1040
club,32,3.6,0.8,2394.6,2067.1
cluck,32,3.5,1.6,1884.2,1315.6
clue,32,3.7,0.8,1883.6,1250.2
clump,32,4.7,1.1,2014.6,1636.7
clung,32,4.8,1.1,2574,2620.5
clutch,30,5.1,1.1,1852.3,1064.9
coach,32,3.4,1,2001.1,1126.8
coal,32,3.8,1.1,2394.3,2454.3
coarse,32,5.2,1,2082.6,1431.7
coast,31,4.2,1,2398.3,2348.9
coat,30,2.7,0.9,2453.4,2746.3
coax,31,5.7,1.1,1922.3,1429.8
cob,31,4.1,1.3,1519.8,754.9
cock,31,5.2,1.4,3090.1,2370.7
cod,32,5.2,1.4,1692.6,831.5
code,32,4,0.8,2470.7,2338.5
coin,32,3.1,0.8,2248,1881.1
coke,31,3.5,1.2,2378.4,2546.1
cold,30,2.5,0.8,1663.6,1258.8
colt,32,4.5,1.3,1747.5,1201.2
comb,32,3.2,1.2,2319,2796.1
come,32,2.8,1,2368.2,2437.1
con,31,5.1,1.4,2244.3,2844.4
cone,30,3.5,1,2289.9,1863.7
conk,32,5.2,1.5,2626.3,2411
cook,30,3.1,0.8,1816.5,1457.8
cool,32,3.3,1,1823.4,899.2
coon,30,5.3,1.5,2140.1,1586.8
coop,32,5.5,1.2,2836.2,3197.4
coot,32,6,1.4,1830.6,1080.7
cop,32,3.3,0.9,1645.1,875
cope,31,5.2,1,2318,1749.4
cord,32,3.9,1.2,2094.2,1872
core,32,4.2,1,2070.8,1452.8
cork,30,4.3,1.2,2259.9,1808.3
corn,32,2.8,0.8,2772.9,4694.6
corps,30,5.6,0.9,2339.3,1574.2
corpse,31,5.2,1,2230.3,1429.5
cost,32,3.7,0.9,2218.4,2127.7
cot,32,4.6,1.4,2504.3,2748.5
couch,29,3,0.8,2255.6,1981.7
cough,31,2.8,0.9,1603.3,898.3
could,31,3.3,1,3292,5473.9
count,32,2.9,0.8,1832.3,1071.3
coup,32,6.2,1.1,1843.3,1191.6
course,32,4.5,1.1,2706.2,2478.1
court,31,4.3,0.8,2884.7,5253.6
cove,31,5.2,1.2,2185.7,2261.2
cow,31,2.4,0.6,1977.6,2373.7
coy,31,5.7,1.2,1680.3,1173.5
crab,32,3.1,1.1,2495.4,3817.1
crack,31,3.4,1.1,2382.8,2496.4
craft,31,3.7,1,2514.2,3443.1
cram,31,4.6,1,2399.6,2415.7
cramp,31,4.5,1.3,2450.7,1996.7
crane,30,4.7,1.4,2257.4,2035.3
crank,32,4.7,1.3,3431.2,6451.6
craps,32,5.5,1.4,3261,2274.8
crash,32,3.1,1,2352.7,2836.7
crate,32,4.7,1.2,2057.1,1473.2
crave,31,4.7,1,1951.2,1306.6
crawl,31,2.8,1,2883.1,3664.2
craze,30,5.2,1.3,2756.4,3337
creak,31,4.5,1.3,2213.8,1635.7
cream,31,3.5,1.2,2523.7,2375.6
crease,31,4.9,1.2,2084.3,1440.3
creed,31,5.4,1.3,2056.6,1423
creek,31,3.7,1.1,2110.1,2361.6
creep,31,4.3,0.9,1999.6,1484.7
crepe,30,5.9,1.4,1576.3,751.7
crept,31,4.5,1.2,2774.7,4888.4
crest,31,5,1.1,2298.4,2056.1
crew,32,4.4,1.1,2093.2,2329.1
crib,32,2.7,0.9,1791.9,1023.3
crick,32,5.3,1.2,2192.2,1811.8
crime,32,3.9,0.9,1966.3,1593.5
cringe,31,5.1,1.2,1536.9,792.6
crisp,31,4.1,1.2,4304.6,10738.2
croak,32,4.9,1.4,1785,985.9
crock,31,5.3,1.2,3033.8,3732.4
crook,31,4.5,1.2,2458.5,2543
croon,30,6.3,0.7,1465.2,580.4
crop,31,4.3,1.1,2447.7,2091.2
cross,31,3.3,0.8,2589.8,3208
crotch,32,4.9,1.2,2937.9,2318.2
crouch,32,4.4,0.9,2037.9,972.6
crow,31,3.5,1,3313.8,8241.6
crowd,31,3.8,1,2512.2,1984.6
crown,32,3.2,0.9,2883.2,6307
crude,32,5.4,1,2149.4,2594.5
cruise,32,4.5,1,1882.4,1471.3
crumb,32,3.3,1.1,1765.1,1285.8
crunch,31,3.7,1.2,1976.9,1427.3
crush,32,3.8,1,1962.3,1341.8
crust,32,3.4,1.2,1560.6,731.3
crutch,31,4.2,1.2,2126.3,1701
cry,31,2.2,0.6,1860,1344.4
crypt,31,5.5,1.3,1831,1446.7
cub,30,3.8,1.5,2396.5,2403.5
cube,32,3.7,0.9,2130.3,2022.6
cud,32,6,1.4,1993,1740.3
cue,31,4.9,1.3,1651.7,895.3
cuff,31,4.7,1,1910.2,1549.3
cult,30,5.4,0.9,2147.7,1327.7
cup,31,2.3,0.9,1584.4,786.3
curb,32,3.9,1,2114.6,1637.5
curd,30,5.5,1.6,1618.6,1041.1
cure,31,4,1,2164.8,1906.5
curl,32,3.4,0.9,1947.8,1303.8
curse,31,4.2,1.1,2072.5,1249.5
curt,31,5.9,1.3,1613.8,1211.9
curve,31,4.1,1,1616.9,825.7
cusp,32,6.2,0.9,1936.4,1697.7
cut,31,2.8,0.9,1522.8,949.4
cute,30,2.9,0.9,1572.4,722.6
cyst,32,6.3,0.8,1728.6,989.8
czar,31,6.3,1,1894.5,1335.1
dab,32,4.3,1.4,1870.5,1265.3
dad,30,1.5,0.7,1646.1,893.2
daft,31,6.5,1,2092.2,1615.1
dale,30,6.2,1.1,1937.8,1563.6
dam,32,4.3,1,2678.9,2834.6
dame,32,5.4,1.2,2097.9,1740.7
damn,32,4.8,1.2,3913.4,3479.7
damp,32,4.2,0.8,1811.1,1052.5
dance,32,2.9,0.8,1652.9,919.7
dank,31,6.2,1.3,2024.8,1510.7
dare,30,3.6,0.9,1737.1,1245.8
dark,32,2.5,0.8,2147.1,1694.5
darn,32,4.1,1.2,2210.2,1703.1
dart,32,4.2,0.9,2101.1,1754.1
dash,31,3.9,1.2,2083.5,1915
date,29,3.8,1.2,2281,1893.9
daunt,32,6.1,1.2,1699.4,1360.3
dawn,32,3.9,1,2290.7,1537.6
day,31,2.5,0.6,2324.9,2373.8
days,32,2.9,0.8,2126.1,2125.9
daze,31,4.7,1.2,3104.2,3631.9
dead,32,3.1,0.7,2225.9,1393.5
deaf,32,3.8,0.9,2177.7,2794.7
deal,31,3.7,0.9,2092.5,1503.1
dealt,31,4.6,0.8,2616,2134.4
dean,32,5.5,1.2,2095.9,1156.9
dear,31,3.5,1,2052.8,1266
dearth,32,6.7,0.8,1299,562.8
death,31,3.5,1,1910.4,1287.6
debt,32,5.2,1.1,2799.7,4041.8
deck,32,3.5,1,1984.4,1992.6
deed,31,4.8,1,1925.5,1729.8
deem,32,5.9,0.8,2241.7,2551.8
deep,31,3.2,0.6,1897.4,1120.1
deer,30,2.9,0.8,1788.5,1330.5
dell,30,5.9,1.4,2023.2,1026.3
den,31,3.4,0.9,2099.3,1340
dense,31,5.3,1,4099.2,10832.1
dent,32,4.1,1,1864.2,992.1
depth,31,4.8,0.7,2370.1,1783.4
desk,31,2.9,0.8,2241,2902.2
deuce,32,5.9,1.2,1859.3,1575.2
dew,32,4,1.1,2525.4,3600.7
dice,32,3.8,1.2,3425,7274.4
did,30,2.5,1,1600.8,927.1
die,31,3.3,0.9,1788.4,1140.4
dig,31,2.7,0.8,2239,2064.1
dike,32,5.8,1,1763.5,1055.9
dill,31,4.7,1.3,2172,1663.1
dim,32,4.3,1,2216.7,2285.8
dime,32,3.2,1,1966.1,1355.7
din,31,5.4,1.8,2945.7,2811
dine,32,4.3,1.1,2076.2,1332.4
dip,31,3.4,0.9,2852.8,4432.6
dire,31,6.3,0.8,1694.6,1011
dirge,32,6.8,0.7,1865.5,2467.5
dirt,31,2.5,0.9,1344.5,765
dish,32,2.9,0.9,2358,3433.2
ditch,30,4,1,1812.6,1702
dive,31,3.4,1.1,3009.6,3393.4
do,32,2.3,0.8,1253.2,685.3
dock,32,3.7,0.9,2239.4,2133.1
dodge,32,4,1.2,2746.8,5298.5
doe,32,4.3,1.5,1749.2,895.9
does,31,3.1,0.9,1771.2,1560.2
dog,32,2.2,0.9,1774.7,2250.2
dole,32,6.1,1,2235.1,1771.8
doll,32,2.4,1.2,1819.5,1866.6
dolt,31,6.3,1.1,1983.6,2685.5
dome,32,4.6,0.9,1798.8,1551.1
don,31,6.2,1.2,1869.6,1693.5
done,30,2.8,0.9,1776.6,1192.7
doom,32,4.6,1.1,2108.1,2343.1
dope,32,5.2,1.4,2178,1366.3
dorm,32,5.5,1.2,2338.6,1700.2
dose,32,4.4,1.2,2098.3,1496.1
dot,30,2.8,0.8,1786.1,1083.6
dote,32,6.1,1.1,1812.1,1230.5
doubt,31,4.2,1,2674.1,2464.2
douche,32,6.5,0.8,2249.7,1841.5
dough,32,4,1.4,2175.8,1546.4
dour,31,6.6,0.9,1709,1369.3
douse,32,5.7,1.1,1533.7,608.8
dove,31,3.6,1.2,2109.2,1089.9
down,31,2.4,0.8,1786.7,1297
dowse,31,6,1.2,1627.9,1078.3
doze,31,4.3,1.2,1991.9,1465.3
drab,32,5.7,1.1,2410.2,2614.3
draft,30,4.7,1,2224.7,1829.3
drag,32,3.7,0.9,2891.9,4859.3
drain,31,3.8,0.9,2244.4,1758.4
drake,30,6.5,0.8,2028.7,1555.9
drank,30,3.5,1.1,2195.6,1886.2
drape,30,4.6,1,1815.8,1131
draught,32,6,1,2432.8,1890.8
draw,30,2.6,0.8,2053.2,1573.5
drawer,32,3.5,1.2,3023.3,5394.6
drawl,32,5.6,1.2,2035.3,1224.6
dread,32,4.8,1.1,2145.9,2624.9
dream,32,3.1,0.7,1790.4,1359
dreamt,32,4.5,1.3,2301.4,2446
dredge,31,6.2,1,1880.4,1491.8
drench,32,4.9,1.1,3628,8912.2
dress,29,2.6,0.9,1772.3,1188.6
drew,32,3.6,1,2275,2770.1
drift,31,4.5,1,2604.3,2223.8
drill,32,3.8,1,1864.8,2651.6
drink,32,2.4,0.7,3115.5,7809.6
drip,31,3.8,1.2,1492.2,789
drive,32,3.3,1,2517.4,3292.4
droll,32,6.2,1.1,1778.4,1197.5
drone,31,6.1,0.9,2068.3,1957.2
drool,31,3.3,1.3,1884.2,947.2
droop,32,4.9,1.2,2246.3,2081.7
drop,32,3.3,1.2,2144.9,2764.9
drought,32,5.3,1.1,2180.9,1880.3
drove,32,4.2,1.1,2398.5,2662.5
drown,32,4.1,1.2,2251,2281.5
drowse,30,5.6,1.3,2511.5,2847.9
drug,31,4.3,1,2546.4,2370.7
drum,31,3.1,0.9,2514.7,2434.4
drunk,31,5.4,1,2513,3165.1
dry,32,2.9,1,1589.3,1228.2
dub,30,5.8,1.3,1909.9,1609.5
duck,31,2.4,0.8,1435.8,539
duct,30,5.2,1.3,1986.8,1258.6
dud,32,4.9,1.3,1929.7,1051.2
dude,31,4.3,0.7,1938.3,984.2
due,32,4.3,1.1,1929.3,1390.6
dug,32,3.5,1.1,2350.9,1917.9
duke,32,5,1.3,2266.9,1392.9
dull,32,4.1,1.2,2194.4,1568.6
dumb,31,3.1,1,1983,1357.6
dump,31,4,1.1,2737,4335.2
dunce,32,5.3,1.2,1865,1042.1
dune,30,4.7,1.5,2898.3,2623
dung,32,5.3,1,1986.4,998.8
dunk,31,4,0.9,2218.1,1656.5
dupe,31,5.9,1.2,1587.6,1608.3
dusk,31,4.5,0.9,1831,1164.8
dust,31,3.4,0.9,2472.1,2728.1
dwarf,31,4,1.2,2237.6,1852
dwell,31,5.4,0.9,1975,1741.5
dye,32,4.3,1.2,2213.5,1110.6
each,32,3.2,0.7,1505.3,863.6
ear,30,2.3,0.7,1650.5,1146.7
earl,31,6.1,1.2,2236.1,1672
earn,32,4,1,2211.2,1519.8
earth,30,2.9,0.7,1540.3,746.9
ease,32,4.4,1.3,2567.8,3635.4
east,31,3.6,0.8,2677,3642.2
eat,32,2.2,0.8,1655.8,989.3
ebb,32,6.5,1,1478.5,847.4
edge,31,3.7,1.1,2403.6,2057.5
eel,31,3.8,1.3,1525,885.8
eight,31,2.4,1,1628,965.4
eke,31,6,1.7,1364.9,595.9
elf,30,3.3,1.2,2149.9,1284.9
elk,31,4.4,1.3,1727.9,1196.1
elm,32,5.2,1.1,1587.7,1057.5
else,32,3.7,1.1,1805.1,946.9
elves,32,3.2,1,1838.3,873.3
end,32,2.6,0.8,2263.8,1969.4
etch,32,5.3,1.3,2088,1772.6
eve,32,3.9,1.4,2034.5,1177.9
ewe,31,5.6,1.7,2263.2,1306.6
eye,30,2.2,0.8,1244.9,387.3
face,31,2.5,0.7,1536.4,1114.3
fact,30,3.6,0.9,2808.8,2972.7
fad,32,5.2,1,1475.3,551.5
fade,30,4.6,1,2090.7,1229.4
fag,32,5.7,1,2629,2728.5
fail,32,3.8,0.9,2733.4,4343.6
faint,32,4.2,1,2348.3,3499.2
fair,32,3.5,1,2836.5,3484.8
faith,32,3.9,0.9,2096.8,2056.5
fake,32,3.8,0.9,1685.5,1175.4
fall,32,2.8,1,1730.3,1799.8
false ,32,3.7,0.9,2039.7,1602.4
fame,31,4.3,1.1,2147.4,1944.3
fan,32,2.9,0.8,2069.2,1903
fang,31,3.8,1,2035.1,1402.6
far,32,2.7,0.6,2581.1,2886
farce,31,6.3,1.2,1859.1,1664
fare,32,5.1,1.3,2260.4,2074.7
farm,32,3.1,1.1,1778.1,1224.6
fast,30,2.8,0.8,1920.1,1347.4
fat,31,2.8,0.9,1600.5,1461.9
fate,32,4.8,0.8,2066.2,1222.2
fault,30,3.5,1,2374.1,2617.6
fawn,32,4.8,1.2,2239.4,1938.3
faze,31,5.3,1.1,2146.7,1635.5
fear,32,3.2,0.9,1736,1331.2
feast,32,3.9,1.2,2246.2,2133.7
feat,31,5.6,1.3,3530.5,6390.8
fed,30,3.1,0.9,2079.2,1176.4
fee,31,4.3,0.9,2260.4,1399.4
feed,31,3.1,1.1,2527.7,3379
feel,32,3,0.8,2880.8,5177.7
feet,32,2.3,0.9,1903.4,1816.5
feign,31,6.6,0.6,1823.7,1673.8
fell,32,2.8,0.8,1965.8,1879.8
felt,32,3.6,1,2312.2,1966.2
fence,29,3.1,0.7,2809.1,4635.2
fend,31,5.1,1.3,2491,3410.7
fern,32,4.4,1,2512.9,2679.7
fetch,31,4.1,1.1,2040.4,1492.1
feud,32,5.3,1,2343.2,3366.2
few,31,3.5,0.9,2510.5,4931.2
fib,30,3.8,1.4,1693.8,952.1
field,31,3.3,1,2070.4,1373.7
fiend,32,5.7,1.3,2086.8,1402.6
fierce,32,4.9,1,1666.9,992
fife,32,6.6,0.8,1764.3,1200.6
fifth,32,3.4,0.9,2268.3,1442.2
fig,32,4.6,1.3,3067,6505.8
fight,32,3.1,1,2129,2149.7
file,32,4.3,0.9,2511.6,1460.9
fill,30,3.1,0.8,2317.4,1911.5
film,32,3.6,1,2395.7,2563.3
filth,32,4.8,1,1589.1,694
fin,32,4.1,1.7,1781.1,1032
finch,32,5.6,1.3,2069.8,1232.9
find,32,2.8,0.8,1734.8,1421.4
fine,32,3.5,1,1843.1,1000.2
fir,32,5.3,1.7,2063.3,1133.1
fire,31,2.9,0.7,1590.4,933.7
firm,31,4.3,1,2626.3,3824.8
first,29,2.6,0.8,2106.9,1640
fish,29,2.5,0.9,1652.7,1521.7
fist,32,3.1,1.1,2109.6,1156
fit,31,3.2,0.8,3586.4,4330.9
five,31,2.3,0.8,1521.6,793
fix,32,3.1,0.9,1786.7,1325.6
fizz,31,4,1.3,3509.2,6772.1
flag,32,3.4,0.9,1517.8,840.6
flail,32,5.4,1.4,1905.4,2656.7
flair,32,5.3,1.2,2639.4,2426.8
flak,31,6.2,1.4,1666.2,1046.3
flake,32,4.3,1.2,2074.8,1366.5
flame,32,3.8,1,1758.4,1433.4
flank,32,5.8,1.1,2185.2,1787.3
flap,32,3.6,1,1618.6,1255.8
flare,32,4.9,1.1,2575.7,4277.8
flash,32,3.9,0.8,2343.6,1605.7
flask,32,5.8,1.1,1955.3,1112.2
flat,31,3.3,1.1,1781.2,1282.2
flaunt,32,5.3,1.1,1868,1263.1
flaw,32,4.7,0.9,1789.8,941.9
flax,31,6.4,1,1803,2016.3
flea,32,3.8,1,1888.2,1047.6
fleck,31,5.6,1.2,2187.3,2254.8
fled,31,4.5,1,2517.3,2507.6
flee,32,4.1,1.1,2218.8,2190.1
fleece,32,4.8,0.9,2282.7,1690.2
fleet,31,5.1,1.1,2250.5,2951.2
flesh,32,4.3,1.1,1825.1,1546.4
flew,31,3.5,0.9,2537.2,2692.9
flex,32,4.6,1.3,2796.3,2511
flick,32,4.3,0.8,1988,1306.5
flight,32,4.1,0.9,3529.9,4783
flinch,31,4.8,0.9,1758.8,931.9
fling,32,4.8,1.2,1624.5,896
flint,31,5.6,1.1,2393.2,3059.1
flip,32,3.3,1,1853.5,1305.1
flirt,31,4.8,1.1,2451.4,1971.2
float,31,3.3,1.1,2145.9,1269.9
flock,31,4.3,1.2,2176.3,2006.5
flog,32,6,1.1,1846.5,1128.7
flood,32,3.7,0.7,2355.3,4553.5
flop,31,4.1,1.2,3324.7,4688.2
floss,32,3.6,0.8,1926.2,1780.5
flounce,32,6.3,1.2,2093.2,1876.4
flour,31,3.6,0.8,1778.5,1196.5
flow,31,3.9,0.9,2296.2,1923.8
flown,32,4.4,1.1,2329,1736.7
flu,32,3.8,1,1613.4,780.5
flub,32,5.8,1.4,2178.5,1577.7
fluff,31,4.1,1.1,3295.7,5819
fluke,28,5.3,1.3,2111.5,1854.2
flume,30,6.4,1.1,1808.1,1033.7
flung,30,5,1.3,2141,1265.7
flunk,32,5,1,2651,2038.4
flush,32,3.4,1.2,2006.9,2277.8
flute,32,4,1.1,2463.3,3451.2
flux,32,6.1,1.2,1642.8,803.6
fly,32,2.7,0.7,1884.3,3080
foal,32,5.3,1.5,2218.4,2012.4
foam,32,3.5,0.9,1879.1,1150.1
foe,32,5.5,1,1559.7,730.6
fog,32,3.5,1,1975.9,1882.1
fold,32,3.4,0.9,1948.4,1719.5
folk,32,4.4,1.1,2207.5,2269
fond,30,4.8,1.2,1911.1,1048.5
font,31,4.8,1.1,2670.1,2166.4
food,31,2.1,0.7,1815.7,1067.3
fool,31,4,1.2,2004.1,1349.6
foot,32,2.1,0.5,1397.1,817.2
for,32,2.3,0.9,2026.2,1572.3
force,30,4.2,1,2057.1,1451.7
ford,30,5.1,1.4,2431.5,1650.7
fore,32,5.8,1.2,1812.5,1098.7
forge,30,5.7,1.2,2022.8,1341.9
fork,32,2.5,0.8,1836.8,2010.6
form,30,4.2,1.1,2401.6,2407.7
fort,32,3.6,1.3,1964,1550.4
forth,31,4,1.4,2268.7,1515.9
fought,32,4.2,1.2,1863.9,1190.2
foul,32,4.6,1,2148.9,1663.6
found,31,3.2,0.9,2101.8,1734.1
four,31,2.3,0.8,1721.9,1650.9
fowl,32,5.1,1.1,2821.1,3222.1
fox,32,2.6,0.7,1633.2,1070.8
frail,32,4.8,1,1706.1,872.2
frame,31,4.1,1,2743.1,3096.1
franc,32,6.2,1.1,2077.7,1342.7
frank,32,5,1.4,2281.6,1452.9
fraud,31,5.4,0.8,1729.2,1392.6
fraught,31,6.1,1,1841.8,1133.8
fray,31,5.4,1.2,2375.6,2627.1
frays,31,5.6,1.1,2861.5,3178.4
freak,31,4.4,0.9,2313.5,1729.4
free,31,3.4,0.8,2112.4,1734.1
freeze,32,3.5,1,1826.1,1854.1
freight,32,5.1,1.2,2435.3,1823.4
fresh,32,3.7,1,1841.7,1284.3
fret,32,5.3,1.1,1878.4,1614.8
friend,31,2.5,0.8,1613.3,949.6
fright,31,4.2,1.2,2081.6,1647.3
frill,31,5.5,1.2,1920.3,1853.9
fringe,30,5.2,1.2,2473.2,4383.1
frisk,32,5.1,1,1667.3,982.5
fritz,32,6,1.1,1747.6,989.1
frizz,32,4.8,1.2,2051.9,1394.9
frock,32,5.6,1.5,2067.1,2316.8
frog,31,2.4,0.7,1437.4,716.4
from,32,3,1.1,2595,5829.5
front,30,3,1.1,2515.4,3365.2
frost,32,3.7,1,2115.7,1770.5
froth,32,5.9,1.2,1729.9,1238.2
frown,31,3.1,1,1660.2,1456.1
froze,30,3.8,0.9,1759.3,839.4
fruit,30,2.7,0.8,1839.8,1111.2
fry,32,3.5,0.9,1651.6,774.9
fudge,32,3.3,1.1,1927.8,1364.5
fugue,31,6.6,0.8,1716.4,991.7
full,32,2.9,0.8,2622,2880.7
fume,31,5,1,1852.8,1083.6
fun,32,2.4,0.7,1535.4,1014.7
fund,31,4.7,1,2823.4,5089
funk,32,4.9,1.2,1732.5,827.4
fur,31,3.2,0.9,2004.5,1175.4
fuse,31,5.3,1.1,2943.5,2307.6
fuss,31,3.5,1.2,1947.9,1463
fuzz,31,3.6,1.2,2154.3,1486.3
gab,32,5.5,1.4,2140.6,2538
gag,31,4.3,1.3,1647.8,1386.7
gain,30,3.9,0.8,2710.1,2313.9
gait,32,5.7,1.5,1771.3,1093.5
gale,31,5.6,1.3,1383.3,715
gall,32,5.8,1.4,1502.7,786.8
game,31,2.6,0.8,1433.8,782.3
gang,32,4.4,1,3461,5412.6
gap,32,3.7,1.1,1841.2,1862
gape,32,5.6,1.5,2001.5,1657.6
garb,32,6,1.1,1781,1078.9
gas,32,3.3,0.9,2937.1,5230.5
gash,32,4.9,1,2289.8,2171
gasp,32,4.5,1.3,2346.3,2049
gate,32,3.3,1,2027.9,1624.9
gauche,32,6.8,0.6,1580.4,1105.9
gauge,32,5.6,1.2,1971.5,2201
gaunt,31,6,1.2,1680.6,1094.1
gauze,31,5.1,1.3,1833.7,1588
gave,32,3,1.1,1684.8,865
gawk,31,5.2,1.1,2220.4,2423.3
gay,32,5.5,0.8,3022.8,2521.5
gays,31,5.4,1.1,2746.6,1542.8
gaze,31,4.6,1,2068.7,2021.3
gear,32,4.2,0.9,2424.4,3911.2
geese,32,3.6,1.2,1661.2,760.2
gem,32,3.9,1,1848.5,1021.5
gene,32,5.6,1.1,3065.9,3583.4
gent,32,5.7,1.4,2718.2,3148.5
germ,31,3.9,1.1,2604.8,3814.2
get,32,2.5,0.8,1660.7,1304.4
ghost,32,3,0.8,1923.4,1362.6
ghoul,32,5.3,1.6,1631.9,760.3
gift,31,2.9,0.7,2137.8,2785.9
gig,32,5.2,1.1,1925.2,1314.2
gill,31,4.2,1.3,2715.7,3507.8
gilt,32,6,1.3,2437.4,2185.7
gin,32,6,0.8,1862.1,1230.6
girl,31,2.2,0.7,1373.1,652.4
girth,32,5.8,1.1,1886.2,1142.8
gist,31,5.9,1.1,1649.7,1225.4
give,32,2.4,0.7,1976.7,1256.4
glad,30,3.1,0.8,1715.6,1501.9
glade,32,6.2,1.1,2493,2708.3
glance,32,4.3,1.1,1999.2,1270.6
gland,32,5.5,1.3,1714,851.7
glare,32,4.5,1,2252,1622.2
glass,31,3.2,0.9,2260.7,1904.6
glaze,32,4.8,1,2215.6,2040.6
gleam,32,5.2,1.2,4043.2,10216.2
glee,32,4.6,1.3,1582.2,745.7
glen,32,5.7,1.4,1823.7,1144.8
glib,31,6.7,0.9,1527.8,816.5
glide,31,4.3,0.9,2403.6,1649.1
glimpse,32,5.4,1,1953,1578.6
glint,32,5.7,1.3,1780.6,1836.1
gloat,32,5.3,1,1773.2,1085.5
glob,32,4.1,1.4,1554.9,836.2
globe,32,3.6,1,2633,4316.2
gloom,32,4.6,1,1798.7,1272.9
gloss,32,4.5,1,2209.7,1515
glove,32,3.2,0.9,2616.2,2405.6
glow,32,3.5,1,1619.9,1038
glue,32,2.8,0.8,2095.7,1832
glum,32,4.9,1.2,1705.9,1000.5
glut,32,6.1,1.2,1854.1,1841.6
gnash,32,6.1,1.1,2591.4,3494
gnat,32,4.3,1.2,2065,1340.9
gnaw,32,4.6,1.2,2114.6,2478.5
gnome,32,5,1.3,1681,723.9
go,31,2.1,0.6,1627.6,1304.9
goal,31,3.5,0.9,1926.8,1316.6
goat,31,2.6,0.7,1709.8,826.1
gob,30,5.2,1.5,2092.2,1842
god,32,2.4,0.8,2350.7,1382.3
gold,31,3.1,1,2334.4,3045.1
golf,31,3.8,0.9,1626,839.6
gone,32,3,0.9,1771.8,1144.6
gong,31,5.3,1.4,2128.6,1870.2
goo,32,3.1,1.7,1919.7,1076.3
good,31,2.2,0.6,1620.2,1214.5
goof,32,3.9,1.3,1761,1124.8
goose,31,2.8,0.8,2036.4,2648.3
gore,32,5.3,1.2,2303.2,3103.8
gorge,30,5.6,1,3111.9,4985.4
gosh,32,3.6,0.9,2708.4,3266.7
got,31,2.8,1,2008,2088.7
gouge,30,5.7,1.1,2245.9,1654.8
gourd,31,5.8,1.3,1960.6,1257.8
gown,32,4.3,1.3,1959.9,1140.6
grab,31,3.3,1.1,1461,741.1
grace,32,3.8,1.1,2077.5,1104.1
grade,32,3.2,0.9,2155.4,1736.5
graft,32,6.4,0.9,2392,2509.7
grail,31,5.9,1.3,2239.8,1573.9
grain,32,4.1,1,2195.3,2271.4
grand,31,4.3,1.1,2206.2,2116.3
grant,32,5,1.1,2249.5,2329.2
grape,32,2.7,0.9,1672.9,1110.1
graph,32,4.3,1.1,1917.1,989.8
grasp,32,4.3,1.1,2239.4,3285.2
grass,31,2.6,0.7,1397.4,819
grate,31,4.8,1.3,2236.2,2337.4
grave,31,3.9,1,2083.7,1407.4
gray,32,2.8,0.9,2244.5,1565.3
graze,31,4.3,1.2,2627.8,2149.7
grease,31,3.8,1.2,3036.2,4275.7
great,31,3.1,0.9,2446.4,2115
greed,32,4.5,1,2001.4,2015.2
green,32,2.2,0.6,1835.7,1632.6
greet,32,3.9,1.2,1819.4,1016.5
grew,32,3.3,1,1758.4,782.9
grid,31,5,1.1,2470.9,2432.4
grief,32,4.9,1.1,1811.8,1042.8
grieve,31,5.2,0.8,2708.1,2909.9
grill,32,3.9,1.2,2559.8,2902.7
grim,32,5.3,1.1,2029.5,1830.3
grime,32,5,1.1,1825,1290.9
grin,32,3.3,1,1615.7,923.1
grind,30,4.4,1.2,3069.9,4308.4
grip,31,3.9,1,4888.2,14698.3
gripe,32,5.3,1.3,2567.7,4375
grit,32,4.3,1.4,2011.3,1083.4
grits,32,4.2,1.6,2362.2,1798.3
groan,32,4.2,1,1770.2,1465.4
groin,32,5.4,1.1,1963.1,1274.6
groom,31,4.3,1.1,2068.8,1352.3
groove,31,4.5,1.2,2668.5,3511.2
grope,30,6.2,0.7,2678.6,2924.4
gross,32,3.5,0.9,2136.6,1342.7
grouch,32,4.2,1.2,1950.1,1476.5
ground,32,2.8,1,1766,1337.3
group,31,3.6,1,1933.1,1139.5
grouse,32,6.5,0.9,1497.3,607.8
grove,32,4.8,1.1,2801,2069.4
grow,31,3,0.8,1507.8,639.5
growl,31,3.2,1.2,2314.6,1792.9
grub,32,4.7,1,1748.3,902.4
grudge,32,5.2,1,2055.9,1621.9
gruff,31,5.5,1.5,1911.9,1677.9
grunt,31,4,1,3493.8,7695.1
guard,31,4.1,0.8,1729.4,1113.5
guess,32,3.3,1,2042.9,1331
guest,31,3.9,1,2373.1,1615.3
guide,32,4.3,1.1,2383.2,2391.5
guild,31,6,0.9,1737.5,1095.9
guile,30,6.7,0.6,3188.3,6348
guilt,30,4.4,1.1,1868.9,1376.1
guise,32,6.6,0.6,1904.3,2126.5
gulf,31,4.8,1.2,2198,1117.6
gull,32,4.8,1.6,2093.9,1613.6
gulp,32,3.8,1.1,1673.5,847
gum,32,2.8,0.8,1472.6,624
gun,31,3.4,0.8,1940.5,1400.6
gush,31,4.4,1.1,2416.6,2722.1
gust,32,4.5,1.1,1785.2,968.9
gut,31,4.3,1,2527.9,2603.3
guy,32,3.2,1.3,1751.4,974.6
gym,31,3.8,1,1951.8,1447.4
gyp,32,6.5,0.9,1880.8,2071
hack,32,4.8,1,2201.4,1426.6
had,31,2.8,1,1941.6,1840.1
hag,32,5.2,1.3,1856.8,1506.9
hail,31,4.9,1,3034.8,3409.2
hair,32,2.4,1,1540.9,1016.3
hale,32,5.5,1.4,2006.7,2037.8
half,31,3,0.7,2244.8,1765.7
hall,32,3.4,0.9,2566,2926.8
halt,32,4.6,1.2,2216,1815.8
halve,30,5,1.5,2903.5,3864.1
ham,32,2.9,0.8,1821,1123.7
hand,31,2.2,0.6,2766.5,4069.7
hang,32,3.2,1,2001.5,1915.2
hank,30,5.6,1.4,3669.7,5211.5
hard,32,2.8,0.8,2055.2,1435
hare,32,4.5,1.3,2277,1421.1
hark,32,5.5,1.3,1975,1237.1
harm,30,3.6,0.9,1905,1081.9
harp,32,4.5,1.2,1763.1,1311.8
harsh,32,4.8,0.8,1878,1230.6
hart,30,6.2,1.1,2363.3,2010.8
has,32,2.8,1,1747.2,1455.1
hash,32,5.8,1.3,2475.8,1787.8
haste,30,5.6,0.9,1478.3,632.3
hat,31,2.4,0.7,1406.1,741.2
hatch,32,4.5,1.1,2175.3,1826.2
hate,31,3.1,1,2584.3,4404.1
hath,31,6.1,1.2,1822.8,1278.5
haul,31,4.5,1.1,1884.9,1333.9
haunt,32,4,1,1980.4,1888.4
have,30,2.7,1.2,1682.3,1549.5
hawk,32,3.5,1.1,2168.5,2322.2
hay,32,3.3,1,1673.6,934.8
haze,32,5,0.9,2566,2202.3
he,31,2.1,0.7,1662.5,1426.4
head,31,2.3,0.6,1800.2,1487.8
heal,32,3.8,1.3,1476.4,648.3
health,32,3.9,1,2501.3,2867.2
heap,29,4.8,1.2,1623.9,934.4
hear,31,2.8,0.7,1830.2,1300.8
heard,32,3.4,1,2072.7,1972.8
hearse,32,5.5,1.1,2123.9,1186.4
heart,30,2.9,1,1719,1100.7
hearth,32,5.4,1.3,1940.9,1147.1
heat,32,3.1,0.9,1871.2,2126.1
heath,30,5.8,1.5,2640.4,3386.7
heave,31,5.5,1,1682.7,835.5
hedge,30,4.9,1.1,2930.6,2983.3
heed,32,5.8,0.8,2677.7,3798.6
heel,32,3.6,1.2,1574.3,837.2
heft,31,6,1.1,1959.7,1735.7
height,32,3.9,1.2,2073.3,2428.2
heir,31,5.5,1.2,1908,1134.9
heist,31,6.1,0.9,1536.9,778.1
held,32,3.6,1,2154.8,1984.4
hell,32,3.5,1.2,2387.8,1433
helm,32,5.9,1.2,1737.8,1066.2
help,32,2.9,1.2,1312.5,608.1
hem,31,5.1,1.1,2039.4,1337.4
hemp,30,6.1,1.1,2125.6,1423.8
hen,32,2.9,1.2,2133.9,2476.9
hence,32,5.6,1.1,2061.5,1616.3
her,31,2.4,0.8,1656.4,1060.2
herb,32,4.6,1.2,1829.1,1048.4
herd,32,4.1,0.9,2356.5,1746.4
here,31,2.5,0.8,1379.4,823.7
hertz,32,6.4,0.9,3039.4,5798.3
hex,32,6,1.1,1495.7,731.5
hick,32,5,1.2,2455.8,2872.7
hid,31,3.1,1.1,2437.4,1396.8
hide,30,2.7,0.9,1858,1284.9
hike,32,3.8,1,1938.4,1092.3
hill,32,2.9,0.9,1582.3,1069.1
hilt,32,6.1,1,1795.5,953.8
him,30,2.2,1.1,1704,867.3
hind,32,4.7,1.3,2279.6,1855.7
hinge,29,4.9,1,2506.9,2530.1
hint,32,3.4,0.9,2465.4,2542.5
hip,32,3.4,1,1707,1228.1
hire,31,4.4,1.1,1883.3,1005.5
his,31,2.6,1.1,1527.6,891.8
hiss,31,3.2,1.1,1855.3,979.9
hit,31,2.5,0.8,2183.4,2677.6
hitch,31,5,1.1,1865.6,1503.1
hive,32,4.1,1.2,2971.1,4068
hives,32,4.5,1.4,2109.5,1440
hoard,31,5.7,1.2,3051.3,6110.8
hoarse,32,5.3,1.3,2268.9,1546
hoax,32,5.6,1,1876.7,1407.9
hock,32,6.2,1.1,1764.5,924
hoe,31,4.7,1.2,2179.7,1087.6
hoes,30,5.4,1.1,2954.2,2375.2
hog,31,3.3,1.1,2134.1,1581.6
hoist,32,5.6,1,1740.5,898.1
hold,32,3,1,2221.9,2195.8
hole,32,2.9,1,2177.8,2283.6
home,32,2.3,0.5,1812.1,2000.8
hone,32,6.3,0.8,2090.6,1958.2
honk,31,3.2,1.1,2073.9,2247
hood,32,3.6,0.9,2749.2,4111.3
hoof,31,3.5,1.2,2555.8,2640.7
hook,32,3.5,1,1796.4,1143.2
hoop,32,3.5,0.9,2002.4,1386.5
hoot,31,3.9,1.5,1666.5,741
hooves,32,4.1,1.3,3081.3,4181
hop,30,2.5,1,1804.1,997
hope,32,3.6,0.9,1861.8,1138.3
horde,31,5.9,1.3,2101.4,2102.3
horn,32,3.1,0.9,1764.8,1250.5
hose,31,3.8,1.1,2392.8,2583.6
host,32,4.5,1.1,1919.1,1018.8
hot,31,2.3,0.5,1695.6,984.7
hound,32,4.4,1.1,1719.5,1162.9
hour,31,3.2,0.9,2485.1,2222.3
hove,31,5.9,1.3,1560.7,1077
how,32,3.3,1.3,1895.4,1506.3
howl,32,3.9,1.1,1689.5,1223.3
hub,31,6,1.1,2123,1436.6
hue,32,5.5,1.2,4106.4,14237.4
huff,31,4.5,1.4,2173,2395.8
hug,32,2.4,0.8,1492.8,850.4
huge,32,3.3,1.1,1884.1,1694.6
hulk,32,4.7,1.6,2154.8,1347.8
hull,31,5.6,1.3,1930.8,1305.8
hum,32,3.7,1.4,1684.4,798.4
hump,31,4.5,1.2,2054.4,1220.9
hunch,32,4.9,1,2441.4,2444.3
hung,32,4,1,2633.3,2047.9
hunk,32,4.8,1,2082.8,2110.2
hunt,31,3.5,0.9,3913.3,8222.3
hurl,32,4.5,1.3,1937.4,1963.8
hurt,31,2.8,0.8,1492.4,825.6
hush,31,3,0.9,2798.1,2354.8
husk,32,5.4,1.3,2432.3,3556.7
hut,32,3.6,0.9,1644.9,1029.8
hutch,32,5.4,1,2295.3,1832.6
hymn,32,4.3,1.2,2198.6,1532.8
hype,32,5.8,1,1643.3,918.2
ice,31,2.5,0.9,1537.9,793.3
ides,31,6.6,0.8,1824.3,1299.2
if,30,2.4,0.9,1516.4,1011.2
ill,32,3.8,1,1902.6,1299.1
imp,31,6.3,1.2,1508,1609.1
in,28,2.3,0.8,1626.5,1025.5
inch,32,3.6,1,1887.5,822.4
ink,32,3.6,1,2485.3,2974.6
inn,32,4.2,0.9,1823.7,1143.7
ire,31,6.5,1.1,2059.1,1863.2
irk,32,6,0.9,2123.6,3074.7
is,31,2.3,0.7,1550.1,968.7
isle,32,4.8,1.4,2105.6,1288
it,32,2.1,0.8,1367.5,742.1
itch,30,2.8,0.9,1446,655.9
jab,30,4.7,1.3,2029.6,1628.6
jack,32,3.9,1.5,2592.1,2140
jade,32,5.3,1.2,2034.5,1243.5
jag,31,5.7,1.4,2911.5,2864.9
jail,32,3.4,0.8,1677.5,921.4
jam,32,3.3,1.1,2489.9,3399.3
jar,32,3.1,1.1,1980.7,2494.4
jaunt,30,6.3,1,1860.1,1811.4
jaw,32,3.4,1,2743.7,2829.1
jay,32,4.8,1.5,3239.1,2284.6
jazz,32,4,1.1,1968.6,1235.3
jeans,32,3.2,0.9,2032.9,1562.9
jeer,32,5.8,1.3,1625.9,1083.8
jell,31,5.6,1.3,2846.6,1979.6
jerk,30,3.9,1.4,2084.4,1786.2
jest,32,5.7,1.1,1618.4,821.9
jet,32,3.4,1,1610.6,1179.4
jibe,29,6.3,0.9,1673.7,819.2
jig,32,4.8,1.4,1636.5,907.8
jinx,32,5.1,1.3,2099,1683.6
job,31,3.1,0.7,2052.5,1637.1
jog,31,3.6,0.8,2302.7,1438.6
join,32,3.6,0.9,2003,1836.3
joint,31,4.7,1.1,2477,2606.1
joke,32,3.2,0.8,1682.7,1333.1
jolt,32,4.8,1.1,1700.9,990.6
josh,32,5.3,1.6,3134.6,2213.4
jot,32,5.1,1.2,1847.4,1016.6
joust,32,5.8,1.1,1813.1,1380.1
jowl,31,6.2,1.1,1593.7,1229.1
joy,31,3.2,0.9,1969.3,1624.6
judge,32,4.2,0.8,2073.3,2240.8
jug,29,3.3,1,2058.5,1520.4
juice,32,2.1,0.6,1853.2,2032.2
jump,32,2.8,0.8,2010,3217.6
junk,32,3.6,0.7,2297.5,2035.3
just,31,3.3,0.9,2678.9,3728
keel,32,5.5,1.3,1966.9,1252.3
keen,32,5.6,1,2010.5,1626
keep,32,3,0.7,1888.6,1471.8
keg,32,6.2,1.1,2235.8,1318.2
kelp,32,5.7,1.2,1775,1161.8
kept,32,3.6,0.9,1666.6,1295.5
key,32,3,1,2112.8,1647
kick,32,3,0.9,2537.9,3850.1
kid,31,2.5,0.7,1737.1,1443.9
kill,31,3.5,1,2000.5,1254.5
kiln,32,6,1.2,2362.6,2903.5
kilt,32,5,1.2,1686.2,816.7
kin,30,5.1,1.2,2050.2,1555.3
kind,30,3,0.8,2258.8,2510.7
king,32,3.2,0.9,1764.7,1173.5
kink,32,5.4,1,1998,1653.7
kiss,31,2.5,0.8,1533.1,717.7
kit,32,3.8,1,1919.3,1121.5
kite,32,2.9,0.9,1856.7,1731.5
knack,32,5.2,1.3,2103.6,2002.2
knave,32,6.6,0.7,2208.4,2200.2
knead,32,5.1,1.2,1876.2,1835.2
knee,29,2.4,0.7,1760.9,1472.9
kneel,32,3.9,1.3,1970.8,1259
knell,32,6.2,1.3,1805.2,1384.1
knelt,30,4.9,1.2,2762.1,2903.2
knew,32,3.8,1.3,2492,2060.2
knife,31,3,0.8,2351.2,2260.9
knight,31,4,1,2270.6,2444.7
knit,31,4.2,1.2,1929.5,1095.6
knob,31,3.7,1,2532.2,2275.8
knock,32,3.4,1.1,2806.1,3879
knoll,31,5.8,1.2,2197.9,1729.8
knot,32,3.7,1.1,2072.9,1431.1
know,31,2.8,0.9,2767.5,2105.2
kraut,32,6.4,0.9,1807.7,1079.5
lab,32,4.3,1.2,2627.6,2499.2
lace,32,4.1,1.3,2064.3,1566.8
lack,32,4.3,0.9,2349.8,2365.7
lad,32,4.9,1.2,1772.9,958.4
lag,32,5.3,1.5,2307.1,2518.1
laid,32,4.3,1.2,3842.1,6193.2
lain,29,5.3,1.3,3298,5310.8
lair,32,5.3,1.5,1952.4,1429.5
lake,32,3,0.7,2705.7,3691.6
lamb,32,2.8,0.8,2807.1,2261.4
lame,32,4.6,1,2560.2,3708.2
lamp,32,3.1,0.8,1851.9,1186.8
lance,31,5.6,1.4,1740.2,716.4
land,32,3.1,0.7,1917.5,975
lane,29,4.2,1.3,2182.8,1608
lap,31,3,1.1,2164.7,1888.2
lapse,31,6.1,0.8,1533.6,865.2
lard,32,5.2,1,1818.4,1358.7
large,31,3,1,1670.7,872.8
lark,31,5.8,1,1437.8,566.4
lash,32,5,1.1,2215,1426.9
lass,31,5.8,1.2,1605.6,861.1
last,31,3.3,1,2053.5,1276.6
latch,32,4.7,1.1,2141.8,2935.6
late,31,3.2,0.8,2057.1,1794.3
lathe,32,6.7,0.8,1737,1231.7
laud,32,6.6,0.9,1393,575.1
laugh,32,2.5,0.6,2007.6,1528.2
launch,31,4.1,1.3,2322.3,3616.6
law,31,3.6,1,2073.4,2159.3
lawn,31,3.4,1.1,1648.2,1113.9
lax,31,6.1,1,1754.2,1466
lay,31,3.2,1.2,2090.8,1519.3
laze,32,5.7,1.2,2308.8,2369.4
leach,30,5.3,1.3,3287.3,4107.9
lead,32,3.6,0.9,2231.7,1440.1
leaf,31,2.9,1,1768.6,1335.7
league,32,4.2,0.7,1960.1,1244.5
leak,30,3.6,1.1,2044.6,1771.4
lean,31,3.9,0.9,1997.9,1205.6
leap,32,3.5,1,2335.8,2237.8
leapt,31,4.8,1.2,2420.2,1842.5
learn,32,2.9,0.8,2193.6,1677.6
lease,32,5.6,0.9,2252.7,1576.6
leash,32,3.5,0.9,1994,1289.8
least,32,3.8,0.9,2019.6,1515.8
leave,32,3.3,0.9,2319,2222.9
led,32,3.7,0.9,1693.8,951
ledge,32,4.5,1.1,1641.7,1113.1
leech,31,5,1,1831.8,1395.2
leek,31,5.1,1.5,2354.1,2205.8
leer,32,6,1,2298.2,1698.3
left,32,3,1,2180.4,1694.9
leg,31,2.2,0.7,1747.2,1068.4
lend,32,4.3,0.9,2945.6,2716.2
length,32,4.1,1.1,2329.6,1385
lens,31,4.2,1,2146.4,1482.5
lent,32,4.5,1,2643.4,3061.1
less,31,3.3,0.9,1873.1,1160.8
lest,31,6,1.1,3286.6,5755.1
let,30,2.6,0.9,1627.6,1212.2
lewd,32,6.2,1,1629.4,819.2
lice,31,4.3,1.2,1946.1,1462.8
lick,31,3,1,2323.1,3859.1
lid,32,3.1,0.9,2019.9,1315.7
lie,32,2.9,0.8,1694.4,1180.4
lieu,32,6.5,1,1661.5,1022.5
life,32,3,0.8,2591.6,2852.7
lift,32,3.3,1,2160.8,2112.9
light,32,2.8,0.7,1518.4,824.6
like,31,2.6,0.7,1878.8,1558.7
lilt,32,6.3,1.1,1568.2,724.8
limb,32,3.8,1.2,2308,2147.6
lime,31,3.3,1.3,2428.2,2505.2
limp,32,4.2,1,2123.2,1922.4
line,31,3.2,1.2,1860.1,1463.7
link,31,4.4,0.8,2087.3,1528.3
lint,32,4.5,1.5,1623.4,916.5
lip,30,2.5,1,1960,1393.8
lisp,32,5.2,1,1778,759.3
list,32,3.3,0.9,1877.6,1261.7
lit,32,4.3,1.3,1997.9,1128.8
lithe,30,6.6,0.8,1443.9,741
live,32,3.2,1,1861.8,1551.9
load,32,4,1,3263.6,4111.7
loaf,32,3.7,0.9,1749.9,943.4
loan,32,4.7,1,2437,2664.1
loath,32,5.5,1.3,1931.4,1828.8
loathe,31,5.8,1.2,1575.8,1073.5
lob,31,5.8,1.3,1906.2,1668.6
lobe,32,4.8,1.5,2093.8,1515.8
lock,32,3.4,0.8,1816.5,1347.6
lode,30,6,1.2,2114.6,2479
lodge,31,4.8,1.2,2054.4,1360.6
loft,32,5.1,1.2,2541.9,4142.6
log,31,3,0.8,2468.1,3331
loin,32,5.6,1.4,1832.8,1073.1
lone,32,4.7,1.3,2396.2,1981.8
long,32,3.1,1,1881,1779.6
look,32,2.5,0.9,1677.4,1111.6
loom,31,5.5,0.9,2505.4,3053.5
loon,30,5.5,1.5,1861.5,1398.1
loop,31,3.9,1,2672.5,3276.3
loose,32,3.5,0.9,2340.7,1910.6
loot,30,4.9,1.1,1635.1,1164.7
lord,31,3.2,0.9,2287.6,2279.8
lore,31,6.3,1,1743.2,1261.5
lose,32,3.3,1,1787.5,1151.1
loss,32,3.2,1.1,2057,1551.5
lost,32,3,0.8,2155.3,3008.8
lot,31,3,1,2220.9,1456.8
loud,31,2.8,0.6,1582.8,931.7
lounge,31,4.6,1.1,2142.8,1965.4
louse,31,5.9,1.4,1595,1111.8
love,31,2.4,0.9,1628.1,1398.4
low,32,2.8,0.8,1776.1,1360.1
luck,32,3.7,0.8,2826.2,5606.3
lug,32,5.1,1.2,1985.4,1219.8
lull,31,5.7,1.1,2488.8,4799.9
lump,32,3.9,0.9,2303.3,1711.1
lunch,31,2.7,0.9,1807.4,1160.3
lung,31,3.7,1.2,2079.4,1521
lunge,31,4.9,1.2,2090.8,1236.1
lurch,32,5.6,1.3,1830.1,1817.8
lure,32,5.4,1.1,1796.8,1726
lurk,31,5.3,1.1,1711.7,1093.9
lush,32,5.8,1,1750.2,1104
lust,30,5.6,0.9,2054,1285.2
lute,32,6.2,1,1570.3,711.7
lye,32,6,1.2,1869.7,1032.8
lymph,32,6.3,1,2019.7,2607
lynch,32,6.2,1.1,2386.4,2630.1
lynx,31,6.4,1,1591.5,1355
lyre,32,6.7,0.7,1954.5,1466.8
ma,31,2.1,1.7,2274.1,1626.7
mace,32,5.5,1.4,2130.9,1215.7
mad,30,2.3,0.9,2385.6,5243.9
made,32,3.1,1.1,1610.6,1206.8
maid,32,3.9,0.9,2293.7,2361.1
mail,31,3.3,0.7,2165.9,2147.7
maim,32,6.1,0.9,1407.4,464.7
main,32,3.8,1.1,2138.3,2235.3
maize,32,5.7,1.5,2370.6,2706
make,32,2.9,0.9,1448.1,607.7
male,32,3.3,0.9,1878.6,1613.3
mall,30,3.6,0.9,1996.3,1128.8
malt,31,5.1,1.5,2941.7,3583.1
man,32,2.3,0.6,1805.5,1396.9
mane,32,4.5,1.4,2654.6,3629.4
map,32,3.4,0.8,1827.7,1604.1
mar,32,6.4,0.8,2174.3,1605
march,32,3.6,1.1,2368.7,3042.2
mare,32,5.2,1.4,1740.9,1217.5
mark,31,3.5,1.2,2360.8,1523.4
marsh,30,4.3,1.1,1913.1,1213
mart,32,4.9,1.2,3152.4,5006.6
mash,32,3.7,1.5,2391.9,1863.4
mask,32,3.6,1.2,1689,1198.2
mass,32,4.4,1.2,1954.1,1146.3
mast,31,5,1.2,1744.4,1134.9
mat,32,2.9,1.1,2304.6,2609.3
match,32,3.4,1,3396.7,7821.6
mate,32,4.1,1.3,3058.5,5520
math,30,3.3,0.6,1784,938.7
maul,31,5.9,1,1632.5,1030.3
mauve,31,6.2,1.1,1788.8,1271.8
may,32,3,0.8,2443.7,2468.9
maze,31,3.8,1.1,2445.5,1637.7
me,31,1.8,0.7,1687.6,1282.4
mead,32,6.1,1.1,2120.3,1323.1
meal,31,2.9,0.9,1942.2,1589.8
mean,32,3.2,1.1,1694.7,1196.5
meant,32,4.2,0.8,2508.7,2467.2
meat,31,3.1,0.9,1613.4,887.4
meek,30,5.8,1.3,2099.5,2162
meet,31,3.7,0.9,2902.9,2829.7
melt,30,3.5,1,2391.7,2840.4
men,31,2.8,1.2,1597.2,797.2
mend,31,4.9,1.3,1987.7,2284.4
mere,32,5.9,1,1533.1,690.6
merge,31,5.3,1.2,2623,3175.3
mesh,32,4.8,1.1,1882.5,1344.5
mess,32,3.2,1,1752.9,1328.4
met,32,3.3,1.1,1967.1,2215.1
mew,31,5.6,1.8,2339.3,1583.5
mice,31,2.8,0.7,2685.6,4577.9
mid,30,4.1,1,2218.6,1296.5
midst,32,5.3,0.9,1835.1,1469.2
miff,32,6,1.3,2853.6,6826.5
might,31,3.5,1.1,1985.2,1572.3
mike,32,4.4,1.8,3186,2339.4
milch,32,6.8,0.6,1762.2,1600.3
mild,32,4.1,1,2464.9,2302.6
mile,32,3.9,0.9,1841.1,955.4
milk,32,2.3,0.7,1490.8,1019
mill,32,4.2,1.1,1763.5,1007
mime,32,4.6,1.2,2149.6,2965
mince,32,5.6,1.1,1970.1,1792.7
mind,32,3.5,1,2409.8,1991.9
mine,31,2.4,0.9,1686.1,1264.3
mink,32,5.3,1.2,1703,730.1
mint,32,3.7,1.1,2042.4,2315.4
mirth,30,6.4,1.1,1970.6,2156.7
miss,31,2.9,0.9,1692.1,1134.2
mist,30,4.2,0.9,3150.7,6313.8
mite,31,5.7,1.2,1739.8,993.5
mitt,30,4.4,1.6,2304.4,1531.3
mix,32,3.2,0.8,1764.3,1317.3
moan,31,4.3,1.1,2028.4,1827.2
moat,32,4.9,1.3,2327.9,2354.8
mob,32,4.8,0.9,2167.5,1966.5
mock,31,4.7,1.3,2562.4,2517.2
mode,32,4.8,1.2,1722.5,1066
moist,31,4.3,1,2520.6,1995.7
mold,32,4.3,1.1,2853.3,3143.8
mole,32,4,1.3,2024,2065.9
moll,31,6.5,1.2,1995.2,2284.1
monk,32,4.7,1,2513.3,3093.4
month,31,3,0.8,3047.2,3736.3
mooch,32,5.5,1.1,1737.3,867.3
mood,32,3.9,0.9,1812.4,1030.9
moon,31,2.7,0.9,1681.4,987.7
moor,31,5.7,1.5,2031.4,1756.8
moose,30,3.3,1.1,1913.9,1228
moot,32,6.4,1.2,2019.3,1838.8
mop,32,3.2,0.9,1868.5,1346.5
mope,31,5,1.4,1836.9,1298.5
morgue,32,5.6,1,1842.8,1197.5
morn,32,5.6,1.3,1780.4,1010.4
mosque,32,6.3,0.9,1848.1,1812.4
moss,32,4,1,2427.9,2232.3
most,32,3,1,3889.7,7710.2
moth,31,3.6,1,2148.9,2390.2
mound,32,4.2,1.3,1733.7,957.2
mount,32,4.5,1,2458.5,2840.9
mousse,30,5.5,1.1,2169.3,1132.3
move,31,3,1.3,2529.4,2551.3
mow,32,4.1,1.4,2300.2,1363.4
much,31,2.9,0.7,1976.9,1580.2
muck,32,5.2,1.4,1683.9,1026.8
mud,32,2.8,1.1,1482.8,1019.2
muff,31,5.3,1.4,2563.7,3202.9
mug,32,3.9,1.1,2018.6,2084.2
mulch,30,5.3,1.3,1903.7,1321.7
mule,32,3.6,1.2,2446.1,4503.9
mull,32,5.8,1.2,2022.5,1907.2
mum,32,4.9,1.8,2379.6,1829.2
mumps,32,5,1.4,1823.7,1573
munch,32,3.8,1.3,2095.3,1591.9
murk,32,5.7,1.2,1820.6,1873.8
muse,31,5.8,1.2,2299.9,3350.2
mush,32,4.3,1.2,2110.4,1533
musk,31,5.5,1.2,2695.9,2769.5
muss,31,6.1,1,2009.6,1808.4
must,32,3.3,1.1,1518.7,746
mute,32,4.3,0.9,2711,3033.8
mutt,31,3.9,1.3,1769.4,906.4
my,32,2,1,1617.7,974.1
myth,31,4.9,1.1,1963.6,1132.2
nab,32,4.9,1.6,2312.9,1999.6
nag,32,4.5,1.3,2931.3,7511.2
nail,32,3.1,0.9,1839.7,1143.7
name,32,2.3,0.9,1785.4,1062.8
nap,32,2.3,0.8,1660.6,1090.7
nape,32,6.1,1.3,1723,831.7
naught,32,6.3,1,2244.3,2660.4
nay,32,4.7,1.8,1970.9,1271.2
near,31,3,0.9,1922.2,1315.5
neat,32,3.4,0.9,1867.2,1256.7
neck,32,2.5,0.8,1982.8,2258.8
need,31,2.7,0.8,1702.9,939.2
neigh,32,5,1.8,2197.6,1538.5
nerve,32,4.6,1.2,2235.9,2268.5
nest,32,3.3,0.9,1623.6,1047.9
net,31,3.2,0.9,2753.8,6669.7
new,31,2.6,0.8,2132.9,3607
newt,31,5.5,1.1,1935.9,951.9
next,31,3.2,0.9,2359.9,3158.1
nice,30,2.5,0.9,1825.5,1062.3
niche,32,6.3,0.7,1666.8,1223.5
nick,30,5,1.3,2329.2,1746.7
niece,31,3.9,1.2,2542.3,3113.4
nigh,30,6.4,1,1960.3,1256.8
night,31,2.3,0.6,1797.5,1371.6
nil,31,6.4,1,1902.4,1650.4
nine,32,2.3,0.8,1758,810.2
ninth,32,3.4,1.1,2087.1,1898.3
nip,32,4.2,1.2,2272.1,1497.9
nix,32,6.3,1,1799.1,1413.7
no,32,1.6,0.7,1632.2,1372.7
nod,31,3.6,1.3,1738.1,992.2
node,32,6.2,1,1650.7,1184.7
noise,32,2.8,0.9,2043.6,1880.2
none,31,3.1,0.8,1996.6,1335.8
nook,32,5,1.3,2699.3,4430.2
noon,31,3.6,1.1,1704.7,1099.8
noose,31,5.3,1.2,1796.6,1344.1
nor,31,5.4,1.2,1939.4,1026.1
norm,32,5.3,1,2296.3,1625.8
north,32,3.8,1,2802.7,2728.7
nose,31,2.3,0.8,1582.6,1516.6
not,31,2.6,1.1,1584.6,861
notch,32,5.3,1,2091,1826.9
note,31,3.4,0.7,2576.7,2801
noun,32,3.9,1,2825.6,1912.7
now,31,2.6,0.8,1800.4,1070.8
nub,32,5.1,1.2,1967.7,1773.4
nude,32,4.5,1.2,1968.8,1061.4
nudge,31,4.5,1.1,1755.9,1258.6
null,31,6,1,2105.5,1164
numb,32,4.2,1.2,2536.5,3178.3
nun,32,3.7,0.9,2942.1,5455.8
nurse,32,3.4,0.9,3656.4,8333.6
nut,32,2.8,0.8,1609.1,1022.5
nymph,32,6.1,0.8,1936,1321.6
oaf,32,5.6,1.3,2092.1,2528.9
oak,32,3.9,1.2,2330.1,2193.8
oar,32,4.3,1.2,1946.3,1369.9
oat,30,3.8,1.4,2279.9,2024.6
oath,31,4.8,1.1,1844.9,2196.6
odd,31,3.8,1,1839.2,923.3
ode,31,5.9,1.3,2577.4,5904.4
of,32,2.5,0.9,1758.8,1260.2
off,32,2.5,1.1,1456.5,714.4
oft,31,6.2,1,1709.5,983
oil,32,3.9,1.2,2056.5,1397.6
old,31,2.6,0.8,2072.1,2510.3
on,32,2.3,0.6,1878.1,2112
once,31,3.3,1,2194.8,1931.9
one,30,1.7,0.6,1730.8,934
ooze,31,4.1,1.3,2425.8,3084.1
opt,32,5.9,0.9,1784.8,1611.6
or,32,2.5,0.9,1596.3,1054.5
orb,32,6.2,1.1,1572.9,1176.9
ore,32,5.6,1.2,1698.2,1059.3
ouch,32,2.2,0.9,1694,1513.1
ought,31,5.2,1.2,2152.4,1573.5
ounce,31,4.7,1.1,2605.7,2621.6
our,32,2.9,1,1584.6,1153.3
oust,32,6.3,1,1715.6,1157.7
out,32,2.6,0.9,2451.6,2335.1
owe,31,4.2,0.9,2214.8,1861.2
owl,31,2.9,1.2,1341.3,708.2
own,32,3.3,1.2,2531,4219.3
ox,32,3.6,1.2,1420.6,568.2
pa,31,2.8,1.9,2360.7,2076.3
pace,32,4.6,1,2615.8,2102.7
pack,32,3.6,0.9,1846.4,1699
pact,30,5.1,1.2,2400.3,1686.9
pad,32,3.7,0.8,1812.3,1219.9
page,30,3,0.9,1553.6,742.8
pail,32,3.7,0.9,2350.2,1716
pain,32,3.2,1.1,2512.5,4533.6
paint,32,3.1,0.8,1787.5,1091.7
pair,32,3.3,0.7,3581,4243.2
pal,31,3.2,1.1,1792.4,997.5
pale,30,4,1,2094.7,1431.1
pall,32,6.3,1.2,1758.7,1060.3
palm,32,3.4,0.9,2584.6,2732
pan,31,3.2,0.9,1759.8,1098.9
pane,32,5,1.3,2083.9,1357.5
pang,31,5.8,1.2,1660.5,950.9
pant,31,3.5,1.2,2267.4,1312.3
pants,32,2.4,0.6,1694.9,1268.2
pap,32,5.8,1.7,2679.3,2830.6
par,32,5.4,1.1,2533.1,2384.8
pare,31,5.7,1.5,2335.3,1589.5
park,32,3.1,0.9,2342.1,2974.2
part,32,3.4,0.9,3426.9,5602.3
pass,32,3.2,0.8,2166.1,3055.4
past,32,3.7,0.9,2005.5,1266.5
paste,31,3.4,0.8,2816.3,4446.8
pat,31,3,1.2,2559.3,3616.6
patch,32,4.1,0.9,1832.1,1652.6
path,32,3.4,0.9,1634.1,945.6
paunch,31,6.5,0.9,1729.2,1389.8
pause,31,3.8,0.8,2504.1,2386.9
pave,32,4.5,1,2940.9,4754.4
paw,32,3,0.8,1824.3,1239.7
pawn,32,5.3,0.9,2442,3144.4
pay,32,3.4,0.9,2618.9,3144.4
pea,32,2.7,0.8,1545.1,677.6
peace,31,3.7,1.1,1960.3,1453
peach,31,2.6,0.9,2453.6,3766
peak,32,4,1,2332.3,1694.8
peal,30,4.7,1.7,2199.8,1042
pear,32,3.1,1.1,1880.4,1269.9
pearl,32,3.8,0.9,1762.8,928.7
peat,31,6.2,1,2370.3,2356.3
peck,31,3.9,1.1,2369.8,2435.4
peek,32,3.8,1.5,2288.3,3605.9
peel,32,3.5,1,1637,1085
peep,32,3.5,0.8,1680.5,1323.5
peer,32,4.9,1,2494.3,2468.9
peeve,31,5.8,1.1,1743.3,972.3
peg,30,4.1,1.2,2553.8,2482.8
pelt,31,5.5,1.1,1863.9,1142.1
pen,31,2.7,0.7,2018.5,1667.4
pence,29,6.2,1,1963.9,1374.2
pent,31,5.8,1.3,2727,2108.7
pep,32,5.3,1.5,2003.2,1547.2
per,32,5.1,1.5,2047.3,1548.7
perch,32,4.6,1.1,1760.6,1046
perk,32,5,1,2094.1,1433.4
pert,32,6.3,1.2,1715.9,1295.1
pest,32,4.2,1.2,2431.3,2250.1
pet,29,2.6,1.1,1741.7,1509.7
pew,32,4.4,1.7,1923.6,1512.9
phase,31,4.6,0.9,2530,1682.1
phone,30,2.6,0.6,1532.8,641.8
phrase,31,4.6,0.6,2427.8,3620.6
pick,31,3.1,0.8,2367.3,2125.5
pie,31,2.8,1.1,1999.2,1766.8
piece,32,3,0.8,2003.8,1410.6
pier,32,4.5,1.2,2080.4,1828.5
pierce,31,4.5,1.2,2328.2,1904.7
pig,32,2.4,0.7,1526.1,2001.9
pike,30,5.4,1.3,2335.4,2112.5
pile,32,3.8,1.4,2941.2,4069.9
pill,32,3.5,0.8,1932.7,1139.7
pimp,30,6.2,0.9,3088.8,6659.9
pin,31,3.3,0.9,2942,4287.6
pinch,32,3.3,1.1,2359.2,3191.6
pine,32,3.9,1.2,2298.2,2697.3
ping,31,4.9,1.6,2161.4,1151.4
pink,32,2.4,0.8,1778.9,1089.3
pint,32,4.6,1,1894.5,1016.6
pip,30,5.7,1.6,1971.7,1407
pipe,32,3.8,1.1,3487.6,7996.1
pit,32,3.6,0.8,2154.9,1213.4
pitch,31,3.8,1,2402.4,1715.6
pith,31,6.4,1.3,2383.1,3610.8
place,31,3.1,0.7,2778.7,2943.3
plague,32,5.2,1.2,1666.3,1009.2
plaid,32,4.8,1.4,2202.6,1875.9
plain,31,3.4,0.9,1897.1,1193
plan,32,3.6,0.8,1901.1,1382.9
plane,32,3.2,1,1918.4,2093.8
plank,32,4.7,1.1,2026,1411.9
plant,32,3.3,0.9,2081.7,1666.6
plaque,32,5,0.9,2368.3,1037.1
plate,32,2.8,0.9,2426.7,2465
play,32,2.3,0.9,2235.9,3195
plea,31,5.3,1,2475.9,4013.5
plead,30,4.8,1.1,1835.4,1317
please,31,2.4,1,1817.2,1049.3
pleat,30,5.7,1.1,2445.6,2700.7
pled,32,5.2,1.2,2967.9,3896.5
pledge,32,4.3,1.2,2339.3,1351.7
plight,32,6.3,1,1782.8,1251.3
plod,32,6,1.1,1828.2,1180.3
plop,32,3.8,1.1,2898.3,4147.9
plot,31,4.4,0.8,3173.3,6646
plow,32,4.1,1.1,1674.6,1144.8
ploy,31,6,0.9,1604.6,865.8
pluck,32,4.6,1.3,1926.8,1415.4
plug,30,3.6,0.9,1708.1,778.2
plum,31,3.3,1.2,1828.3,1819.9
plumb,32,4.5,1.7,2496.6,1889.5
plume,32,5.7,1.4,2038.3,1655.2
plump,32,4.3,0.9,2035.7,1401.1
plunge,32,4.9,1,2001.2,1374.6
plunk,32,5.2,1.7,3478.7,5516.2
plus,31,3.1,0.9,1747.3,953.5
plush,31,5.1,1.2,1786.1,893.5
ply,32,6.1,1,1936.5,1947.1
poach,32,5.5,1.1,2043.8,2312.4
pod,30,4.9,1.1,2058,1372.8
point,30,2.8,1,2020.1,1357.7
poise,32,5.5,1,2181.4,2395.9
poke,32,3.3,1.1,1595.6,1125.6
pole,32,3.4,0.8,2205.8,1792.8
poll,32,4.6,1.2,1619.9,778.2
pomp,32,6.3,1.1,1812.7,1255.8
pond,31,3.2,0.7,1813.5,1382.5
pooch,32,4.4,1.2,2565.8,2718.8
poof,32,3.3,1.3,1917.4,1004.9
pool,31,2.7,0.9,1615.7,902.8
poop,32,2.3,0.7,1994.8,901.6
poor,32,3.6,0.8,1676.5,1002.6
pop,32,2.7,0.9,2441.3,2292.9
pope,32,4.6,1.3,1860.7,1071.3
porch,32,3.5,1,1953,1316.8
pork,32,3.7,1.3,1977,1367.6
port,32,4.8,1.1,2307.1,2389
pose,30,4.6,1.2,2290.6,1561.9
posh,32,6,0.9,1748.8,940.6
post,31,3.9,1,2162.9,1654.8
pot,31,3.2,1.4,1844.8,1215.8
pouch,31,4.1,0.9,2139.1,1438.1
pounce,31,4.3,1.1,3743.6,8914.1
pound,32,3.9,1.2,2716,2551.7
pour,32,3.4,0.9,2767.4,4993.7
pout,32,3.3,1.2,2465.8,4284
pox,31,4.7,1.7,2137.1,1240.3
praise,32,4.2,1.1,2129,1947.5
prance,32,4.9,1.3,1912.2,2007.4
prank,31,4.4,0.9,1774.3,1339.6
pray,32,3,0.9,1720.5,1040.1
prayer,32,3.3,1,2161.7,2094.2
preach,32,4.4,1.1,2208.5,2557.6
press,32,3.6,1.2,1611.5,985.5
prey,32,4.3,0.8,2307.7,1274.5
price,31,3.5,0.8,1814,1360.6
prick,32,4.8,1.5,2011.8,1019.5
pride,31,4.4,1,2783.1,4864.7
priest,31,4,1.2,1968.3,1130
prim,31,5.8,1.1,1617.7,1205.2
prime,31,4.9,1.1,3768.2,5700.1
primp,31,5.4,1.4,2622.4,3616.6
prince,32,3.1,1.1,2342.6,4454.1
print,32,4.3,1,2361.8,1889.9
prize,32,2.9,1,2215,2087.5
pro,31,4.3,0.9,2085.6,1765.1
probe,32,5.7,0.8,1899.2,1323.4
prod,32,5.5,1.5,2321.8,2833
prom,32,5.5,1,2011.8,697.6
prompt,31,5.3,1,2562.8,3144
prone,30,5.6,1.1,2124,1973.8
prong,32,5.8,1.1,1887.6,2104.7
proof,32,4.4,0.8,2439.5,3090.3
prop,32,4.9,0.9,2567.2,3521.9
prose,32,6,1.1,1661.7,915.7
proud,32,3.8,1,2343.4,3446.8
prove,31,4.4,1.3,1921,1091.5
prow,31,6.1,1.2,2174.7,1459.8
prowl,32,4.8,1.2,2679.3,2871.5
prude,32,5.6,1.2,1509,662.4
prune,31,4.5,1.5,2129.7,1283.9
pry,32,5.3,1.1,1704.6,798.4
psalm,32,4.9,1.5,2320.6,1414.9
pub,32,5.3,1.3,2052.1,1904
puck,31,4.5,1.2,2233.7,1202.9
puff,32,4,1.3,2012.3,2184.1
pug,31,5,1.5,2223.1,1409.3
puke,32,4.1,1.1,2016.9,1299.5
pull,32,2.9,0.8,2221.3,2629.7
pulp,32,4.3,1,2536.2,2147.2
pulse,30,4.5,1,1973.4,1277
pump,32,3.8,1.1,1858,1096
pun,32,5.7,1,1995.9,1295
punch,32,3.4,0.9,1694.1,812
punk,32,5,1.1,2192.8,1568.5
punt,32,4.7,1.1,2072.2,1376.8
pup,32,3.1,0.9,1506.8,663.5
pure,32,4,1,2815.3,2918.6
purge,32,5.8,1,2122.7,1730.8
purr,31,2.5,0.9,1597.5,640.3
purse,32,3.4,0.8,1796,1018.6
pus,32,4.9,1.6,2267.9,1090.4
push,30,2.7,0.8,1977.8,1572.7
put,32,2.9,0.9,1713.7,1199.1
putt,31,4.3,1.3,2244.5,1381.9
pyre,32,6.8,0.5,1544.6,862.7
quack,32,3.1,1.2,1657.9,1105.1
quad,31,5.8,1.2,1761.3,1149.5
quail,32,4.7,1.1,1917.8,1032.8
quaint,32,5.9,1.1,1841.7,1196.9
quake,32,4.8,1.1,2186.9,2217.3
qualm,31,6.4,1,1641.6,1440.1
quart,32,4.7,1.2,1926.9,1344.5
quartz,32,5.4,1,2244.9,2233.2
quay,31,6.6,0.9,1309.2,474
queen,31,3.6,1.1,1535.7,827.7
queer,32,5.7,1.1,1651,850.7
quell,32,6.3,1.2,1654.8,1018.4
quench,32,5.3,1.1,2202.8,1964.5
quest,32,4.7,1.2,1701.1,1178.8
queue,31,6.6,0.8,2183.3,2020.7
quick,31,3.2,1,1731.4,1120.9
quill,32,5.5,1.3,1796.4,1291
quilt,32,3.7,1,2657.7,3248.5
quip,30,6.3,1.3,1895,1188.1
quirk,32,5.5,1.1,3000.2,8367.5
quit,31,3.3,1,1912.2,1728.5
quite,32,4.1,1.3,3979,7279.2
quiz,32,3.9,0.8,2083,1463.2
quote,31,4.7,1,2203.7,1746.8
race,32,2.9,0.8,2348.4,3278.6
rack,31,4,1.1,2371.6,2516.3
raft,31,3.7,1.1,3016.3,3282.5
rag,32,3.3,0.9,2169.1,1840.4
rage,31,4.7,0.9,2797.5,5728.7
raid,32,5.2,1.3,3427.7,9263.4
rail,32,3.6,0.9,2602.5,2804.5
rain,30,2.6,0.8,1583.6,838.4
raise,32,3.4,0.9,1753.3,1079.9
rake,31,3.5,1.1,1404.4,738.2
ram,32,4.2,1.4,2489.8,3191.1
ramp,32,4.3,1.3,2741.4,3240.6
ran,32,3,1,1553.8,900.6
ranch,32,4.1,1,1787.3,1178.3
rang,31,3.8,1.3,2175,1375.1
range,32,4.4,1,2368.6,1676.3
rank,32,4.4,0.9,2545,3166.4
rant,32,5.4,1.1,2004.5,1799.4
rap,31,4.7,1.2,2366,1186
rape,32,5.7,1,2312.8,1796.6
rapt,32,6.6,0.6,2438,2349.6
rare,32,4.2,1,1765.5,1194.8
rash,32,3.7,1.2,2381.2,3749
rasp,31,5.7,1.2,1752.4,1285.5
rat,32,2.8,1,1532.7,840.6
rate,32,4.2,1,1708.9,1039.9
rave,32,5.4,0.9,2883.9,2574.9
raw,32,3.8,1,1939.9,1265.8
ray,32,3.9,1.3,2608.7,3212.4
rays,32,4.4,1.3,2733.8,2530
reach,32,3.2,0.9,2183.1,2683.6
realm,32,5.8,1.1,2226.4,3002.5
ream,32,6,1.1,2017.7,2050.1
reap,32,5.8,1.2,2129.8,1818.1
rear,32,3.8,1.2,2104.3,1861.7
red,32,2,0.5,1565.7,1144.6
reed,32,5.1,1.4,1937.3,1489.4
reef,31,4.4,1.1,2080.4,1341.4
reek,32,5.4,1.3,1799.8,1605
reel,31,4.8,1.4,2288.1,2581.6
reign,32,5.4,1.1,5247.8,14965.9
rein,32,4.8,1.2,2023.2,1604.8
rend,30,6.2,1,2566.6,3832
rent,31,4.6,1.1,1985.5,1195.7
rest,32,3.4,1.3,2496.8,3567.6
retch,32,6.2,0.9,1822.7,1232.4
rev,32,5.5,1.3,1998.3,1428.7
rhyme,31,3.9,1.2,2856.8,4386
rib,32,3.8,1.1,1992.4,1378.4
rice,32,3,0.8,2105.9,1791.7
rich,30,3.5,0.9,1884,1410
rid,32,4.2,1,1946.5,1907.8
ride,31,3,0.9,1853.2,1171.5
ridge,32,4.7,0.9,2325.4,2332.4
rift,32,5.6,1.1,1748.9,910
rig,31,4.9,1.2,2386.9,1574
right,32,2.8,0.7,1706.1,941.8
rile,32,6,1.3,1757.2,981.6
rim,30,4.3,1,2195.8,2207.7
rind,32,5.6,1.4,1930.9,1397.7
ring,31,2.9,0.7,1678.7,840.1
rink,31,4.6,1.2,2588,2639.7
rinse,32,3.6,1.1,2916.1,4084.8
rip,31,3.4,1.1,1985.2,1577.5
ripe,32,4.2,1.1,3508.7,5649.9
rise,32,3.8,0.8,2346.1,2291.6
risk,32,3.8,1.1,2810,5319.5
rite,31,5.7,1.3,2489.4,2225.8
roach,31,3.7,1,2619.5,3285.6
road,32,2.8,0.8,1883.1,1714
roam,32,4.7,1,2258.9,3041.7
roar,30,3,1.2,2351.3,1939.5
roast,31,4.1,0.8,2195.6,2355
rob,30,3.5,1,2198,1989.3
robe,31,3.7,1,2815.3,4394.9
rock,30,2.6,0.9,1721.5,1391
rod,32,4,1,3293.5,5474.9
rode,32,3.7,1.1,2660,3728.8
roe,32,5.6,1.6,4780.9,15345.6
rogue,32,6.4,0.9,1717.8,1295.9
role,32,4.2,1.1,1884.6,1330.4
roll,32,3.1,0.9,2496.5,3394.7
romp,30,5.4,1.3,1577.9,911.7
roof,32,3.3,1.1,1800.4,1527.3
rook,31,6.1,1,1664.9,893.4
room,30,2.6,0.8,1856.3,1445
roost,31,5.1,1.6,2050,1488.6
root,32,3.7,0.8,2670.9,2490.9
rope,32,3.2,0.9,1913.4,2567.5
rose,31,3,1,1884.6,1267.1
rot,31,4.3,0.9,2083.5,1513.8
rouge,32,5.8,1.2,2038.2,1336.5
rough,32,3.8,1.1,2096.8,2330.8
round,31,3,0.9,2216,1849
rout,31,5.7,1.2,3221.3,6497
route,31,4.8,0.9,3131.6,4030.6
rove,32,6,1.1,1634.7,909.1
rub,32,3,0.9,1969.9,1989.8
rude,32,3.6,0.9,1768.1,1169.3
rue,31,6,1.4,1630.9,976.9
rug,32,3,0.9,2235.6,2208.6
rule,30,3,0.8,1820,1429.4
rum,32,5.4,1.1,2392.4,2565
rump,32,4.9,1.5,2211.8,1644.2
run,32,2.4,0.6,2024.2,1914.3
rung,30,4.3,1.3,1850.4,1002.6
runt,31,4.6,1.2,2232,1530.2
rush,31,3.7,1,3463.3,3690
rust,31,4,0.9,2241.5,2103.2
rut,32,5.2,1.1,2495.6,3961.2
rye,32,5.2,1.3,1772.9,1026.7
sack,32,3.8,1,3164.1,4850.9
sad,30,2.1,0.6,1423.6,719.3
safe,31,3,0.9,2384.2,3487.3
sag,32,4.5,1.2,2900,4006.5
sage,32,5.8,1.1,2668.1,3155.2
said,32,3,1,1880.6,1594.5
sail,32,3.5,0.8,2151.9,2607.8
saint,30,4.1,1.2,2357.4,2453.1
sake,32,5.1,1.2,2655.2,1541
sale,31,4.1,1.2,1853.1,1080.3
salt,32,3.1,1.1,1509.3,620.7
salve,32,6,1,1956.4,1278
same,30,2.8,0.9,1774.9,1019.1
sand,32,2.6,0.7,1761.4,1559.4
sane,32,5.2,1.2,1815.9,1132.4
sang,32,3.3,1,2076.3,1704.6
sank,32,3.6,1,2108.7,1632.7
sap,32,4.6,1.2,2069.5,1758.6
sash,31,4.9,1,1936.2,1118
sat,32,2.8,0.9,2462.6,2969.1
sauce,31,3.4,1.1,1846.1,1013.4
save,32,3.3,0.8,1897.1,2101.9
saw,31,2.8,0.9,1757.8,1233.8
say,32,2.5,0.9,1477.6,937
scab,31,3.5,0.9,2031.6,1812.8
scald,32,5,1.4,2035.5,1625.1
scale,31,4.1,0.9,2156.8,2744.8
scalp,32,4.1,1,1954.1,1363.4
scamp,31,5.9,1.5,1647.4,1019.8
scan,32,4.6,1.2,2659.4,3057
scant,32,6.4,0.8,1625.8,1082.3
scar,30,3.5,1.1,2364.1,2274.3
scarce,31,5.5,1,2823.9,2853.2
scare,31,2.9,0.8,1854.6,1105.8
scarf,32,3.7,0.9,2067.9,1297.7
scene,31,4.2,0.9,2446.1,2254.4
scent,32,4,1,1993.1,1969.8
scheme,32,5.3,1.2,2025.1,1730.8
school,32,2.7,0.6,1983.9,1110.4
scoff,32,6,1.1,2060.3,2146
scold,30,3.9,1.1,1774.2,1336.2
scoop,32,3.9,1,2666.6,3137.9
scope,31,4.8,1.2,3004.6,3367.4
scorch,31,5.3,0.9,2175.9,2375.7
score,32,3.2,1,2182.8,2226.2
scorn,31,5,1.1,2309.7,2077.2
scotch,32,5.2,1.4,1833.7,896.4
scour,31,5.8,1.1,1964.8,1028.4
scourge,31,6.2,1.1,2716.4,3627.8
scout,32,3.9,1,2169.6,1586.5
scowl,31,5.1,1.2,2935.3,3094.4
scrap,30,3.9,1.1,2695.1,2402.2
scrape,31,3.8,1.2,2363.8,1847.2
scratch,32,3.2,1.2,1587.5,924.9
scrawl,32,5.8,1.2,2237.6,1728.6
scream,31,2.9,0.9,1553.6,831.1
screech,32,4.2,1.1,2067.8,1232.1
screen,32,3.7,1,2172.3,1889.4
screw,31,4,1.1,2379.4,1691.2
scribe,31,5.5,1.2,2008.8,1478.4
script,32,4.8,1,2347.8,1885.9
scroll,31,4.5,0.9,1947.7,1503.9
scrub,30,3.5,1.1,2841.3,3792.5
scruff,32,5.3,1.2,2603.3,2992.9
scum,32,4.7,1.3,1987.7,1323.6
sea,31,3,0.8,1707.4,1197.5
seal,32,3.4,1.1,1736.2,1274
seam,32,4.8,1.1,1649.4,596.2
sear,32,5.9,1.2,2625.3,3811.9
search,32,3.8,0.6,2295.9,2322.4
seat,32,2.8,0.8,1826.6,1291.5
sect,31,6,1.1,1800.9,1260.2
see,32,2.3,0.7,1859.3,1141.3
seed,31,3,0.8,1811.9,1179.9
seek,32,4.2,1.2,3817.3,6039.1
seem,32,3.7,0.8,1931.1,1018.1
seep,31,5.7,1,2548.7,4792.2
seize,32,5.2,1.2,1692.7,1157.2
self,32,3.2,1,1953.2,1597.2
sell,32,3.5,0.6,2083,2111.4
send,29,3.6,1.1,1914.8,1641.4
sense,31,4.4,0.9,2638.3,3056.1
sent,31,3.7,0.9,2806.3,3131.4
serf,32,6,1.1,1900,999.1
serve,32,3.9,1,2187.5,1932.5
set,30,3.2,1.1,1968.1,1665.6
sew,31,4,1.1,1629.7,1016.1
sex,32,4.6,1.2,3626.3,3040.2
shack,32,4.2,0.9,2308.8,1681.7
shade,31,3.9,0.9,2103.2,1565.8
shaft,31,5.3,1,2285.4,2359.3
shag,32,5.6,1.2,1852.6,955.1
shake,32,3.5,1.2,1969.6,1445
shale,32,6.2,1.1,1656.2,1159.1
shall,32,4.5,1.2,2105.6,1903.9
sham,31,5.5,1.3,2448.9,3617.5
shame,32,4,1,1965.5,1175.3
shank,31,5.7,1.2,2063,1946
shape,31,3.1,1,2100.7,2666.2
share,32,2.7,0.9,1794.2,1244.5
shark,32,2.8,0.8,1663.9,1141.6
sharp,32,3.1,1,2755.5,2973.9
shave,32,4.2,1.1,2006.7,1075.7
shawl,31,5,1.2,2053.9,1233.1
she,32,2.2,0.8,1745.7,1437.3
shear,32,5.3,1.1,1856.2,1039.7
sheath,32,5.9,1.2,1971.8,2271.3
sheathe,32,6.5,0.7,1736.9,1262.4
sheave,31,6.6,0.7,1823.6,2036.1
shed,32,3.7,1.2,2430.4,2522.6
sheen,32,6.1,1.1,3438.3,9531.4
sheep,31,2.9,1,1636.2,928.8
sheer,32,5,1,2186,1543.1
sheet,30,3.3,1,2434.7,2108.7
sheik,32,6.3,0.9,1475.2,950.2
shelf,32,3.5,1,1907.2,1617.4
shell,32,3.1,0.9,2629.3,3125.7
shelve,32,3.8,1.2,2105.7,1251
shield,31,4.1,1,3048.1,3632.2
shift,32,4.8,0.9,2299.1,1572.6
shill,31,6.3,1,1743.1,1465.8
shin,32,4.1,1.5,1955.8,1307.4
shine,32,3.7,1.2,2599.1,2979.9
ship,32,2.8,1,2134.5,2080.2
shirk,32,6.4,1.2,1832.5,868.3
shirt,30,2.4,0.9,1760,1077.1
shoal,31,6.2,1,1690.8,1541.5
shock,31,3.9,0.9,2337.2,1594.4
shoe,31,2.4,0.7,1850.1,1291.9
shone,32,5.1,1.2,2094.5,1595.9
shook,32,3.7,0.9,1740.4,1236.9
shoot,31,3.2,0.9,2394.1,4745.5
shop,32,3.3,0.9,1791.5,1112
shore,32,3.7,1.2,2337.7,2218.2
short,32,2.9,1.1,2064.4,1796.9
shot,32,3.5,0.9,1579.3,843.8
should,31,3.2,1,2706.1,2025.1
shout,32,3.1,0.7,1731,1694.3
shove,32,3.7,1,2126.4,2232.7
show,32,2.9,0.8,2655.1,2625.9
shrank,32,4.4,1.1,1868.5,1321.6
shred,32,4.1,1,2295.7,2246.8
shrew,32,6.1,1,1500.1,910.4
shrewd,32,6.1,1.1,2425.4,2980.8
shriek,31,4.6,1.5,2566.5,3706.9
shrill,32,5.3,1.2,2181.3,1560.3
shrimp,32,3.5,0.9,2043.6,1747.3
shrine,32,5.4,0.9,1907.2,971.3
shrink,32,3.9,1,2342.6,3069.6
shroud,32,6.1,1.3,1808,1102.2
shrub,31,4.3,1.2,1703.2,772.9
shrug,32,4.3,1.1,2178.6,1398.5
shrunk,32,4,1,1931.1,1134.8
shuck,32,5.5,1.3,2133.9,1171.5
shun,32,5.2,1.2,2226.3,3828.8
shunt,32,6.3,1.2,1901.7,1268.4
shush,29,3.4,1.3,2433.1,1317.7
shut,30,2.9,0.8,1334.6,640.2
shy,31,3.3,0.9,2082.5,1829.6
sick,32,2.6,1,1705.4,1190.9
side,31,3.4,1.1,2048.5,1978.8
siege,32,5.9,0.8,1935.2,1567
sieve,32,6.4,1,1651.7,1464.3
sift,32,5.2,1.3,2319.9,1591.5
sigh,32,4.1,1.1,1595.9,760.9
sight,32,3.8,0.9,2329.4,1457.4
sign,32,3.4,0.9,2405.7,2092.6
silk,32,4.3,0.9,2103.5,1451
sill,31,5.6,1,2204.5,1142.7
silt,32,5.7,1.1,2688.9,2308.8
sin,32,3.6,1.1,2025.7,1045.2
since,31,3.8,0.9,2121.2,2272
sing,32,2.8,1,1630.6,947.1
singe,32,5.8,1,2357.5,1739.2
sink,31,3.2,1,2099.8,2312.5
sip,32,2.8,1,1795,1055.4
sir,32,3.2,1,2253.8,1194.3
sire,32,6,1.3,1834.5,1884.7
sit,32,2.3,0.5,1675.5,1389.1
site,31,4.3,1.2,2994.5,3279.8
six,32,2.2,0.7,1788.8,1200.3
size,31,3.1,0.9,2208.8,2111
skate,32,3.3,1,2537.2,3055.6
sketch,32,4.6,1,2218.3,1390.4
skew,31,6,0.8,1938.7,2110.6
ski,32,3.5,0.9,2438,1643.9
skid,32,4.5,1.2,3320.4,6384.9
skill,32,4.3,0.8,2166.4,2009.6
skim,32,4.5,1.2,2107.4,1062.6
skimp,32,5.3,1.1,2221.1,2067.3
skin,32,2.8,0.8,2599.4,3037.9
skip,32,3.3,1,1836.5,1068.4
skirt,30,3.1,0.9,1983.4,1353
skit,31,4.5,1.1,2025.3,1599.4
skulk,30,6.2,1,1782.6,1052.3
skull,31,3.8,1,1861.7,1303.1
skunk,32,3.2,1,2156.2,1573.4
sky,31,2.5,0.8,1541.9,667.8
slab,32,4.6,0.9,2185.8,1562.3
slack,31,4.6,1.1,2090.6,1844.2
slag,31,5.6,1.5,1965.1,1613.4
slain,30,5.3,0.9,2513.2,2050
slam,30,3.6,1.1,1973.9,1178.2
slang,30,4.9,1.1,1666.7,828.3
slant,32,4.4,1,2210.3,2294.5
slap,31,3.3,1.1,1984.2,1428.3
slash,31,4.4,1,3225.4,3744
slat,31,5.7,1.3,2080.8,1257.6
slate,31,5,1.2,3920.2,6223.3
slave,30,3.8,1.1,2246.2,1591.4
slaw,32,4.6,1.3,2175.7,1957.6
slay,32,5.1,1,2218.5,1525.9
sled,31,3.3,1.1,1470.3,658.9
sledge,31,5.5,1.2,2281.6,2135.6
sleek,31,5.3,1.1,1803.3,1072
sleep,30,2.3,0.8,2014.1,1398.2
sleet,30,4.4,1.2,1843,857.6
sleeve,31,3.1,1.1,2002,2835.6
sleigh,32,3.7,1.5,1750.1,921.1
sleight,32,5.9,1.2,2453.2,1862.4
slept,32,3.1,0.9,2067.8,2058.3
sleuth,32,6,1.3,3436.2,6641.9
slew,32,5.7,1.2,1927,1182.2
slice,32,3.4,1.1,3002.4,4212.8
slick,32,4.4,1.1,2182.2,1913.7
slid,32,3.7,0.9,2062.2,1284.5
slide,32,3.2,1.2,1873.3,1270.5
slight,32,4.8,1,2528.7,1794.2
slim,32,4,0.9,2252.1,1571.4
slime,31,3.9,0.8,1894.3,1470.6
sling,31,4.5,1,2079.6,1556.2
slip,31,3.3,1,2117.2,1461
slit,32,4.3,1.1,1752,926.7
slop,31,4.7,1.4,2382.7,2027.8
slope,30,4.5,1,2339.7,2066.8
slot,31,4.3,1.2,2778.8,2206
sloth,32,5.4,1.3,1896.4,1129.4
slouch,32,4.4,0.9,1743.5,834
slow,31,2.7,0.8,2042.8,2507.9
slug,31,3.4,0.9,3061.2,7210
slum,32,5.2,1.1,2271.8,1820.5
slump,32,4.8,1,2718,2296.2
slung,32,4.5,1.1,2261.8,1477.1
slur,32,5.1,1,1541.7,702.3
slush,31,4.3,1.1,2083.8,1521.8
slut,32,6.3,0.8,2792.4,2318.1
sly,32,4.7,1,1872.3,1139.9
smack,32,3.8,1,1920,1181.1
small,32,2.5,0.7,1766.5,1205
smart,31,3.1,0.8,1716.5,1002.7
smash,30,3.5,1.2,2109.5,2269.3
smear,32,4.2,1.2,2771.6,4675.5
smell,32,2.7,0.9,2201,2286.7
smelt,32,5.3,1.5,2377.3,2373.1
smile,32,2.3,0.7,1726.4,1404.4
smirk,32,5.1,1.1,1387.3,644.2
smite,32,6.4,0.7,1716.3,1017.5
smock,30,4.6,1.6,1899.2,903.6
smog,31,5,1.3,2074.4,1679
smoke,32,3.8,1.2,2279.6,2115.7
smooth,30,3.4,1.1,1957.5,1777.4
smudge,32,4.3,1.2,2182.7,1616.5
smug,31,5.3,1.2,1836.9,1122.5
smut,32,5.8,1.3,1658.1,949.5
snack,30,2.3,0.6,1600.1,807.2
snag,31,4.6,1.1,1918.4,1377.3
snail,32,3.1,0.9,1690.8,1003.2
snake,31,2.6,1,1747.6,1363.3
snap,31,3.3,0.8,2244,2711.8
snare,32,5.2,1.3,1959.4,1922
snarl,31,5,1.4,1800.1,1124.4
snatch,31,4.1,1.2,2576.4,3099.5
sneak,31,3.6,0.9,2622.8,4261.9
sneer,31,5.2,1.2,2262.4,2364.4
sneeze,32,2.6,0.9,1795.6,955.1
snide,31,5.8,1.4,2081.1,2014.3
sniff,29,3.3,1,1954.1,1055.3
snip,32,4.5,1,3383,8051.7
snipe,30,5.9,1.2,2002.2,1751
snitch,31,4.7,1.3,2425.1,2779.4
snob,32,4.4,1,2235.3,1571.6
snoop,31,4.3,1.1,2381,2145.1
snooze,31,4.2,1,1965.8,1575
snore,31,3.5,1.1,1519.8,635.2
snort,31,4.2,1.4,2206.2,2135.4
snout,30,4,1.2,1975.8,1179.9
snub,31,5.3,1.1,2423.4,1844.6
snuff,31,5.4,1.3,2254.3,1682.9
snug,32,3.9,1.2,2349.1,2443.4
so,30,2.4,0.7,1785.4,1528.2
soak,31,3.6,1.1,1748.8,917.5
soap,32,2.6,0.7,1215.4,525.7
soar,31,4.4,1,1832.5,1535.5
sob,32,4.1,1.1,1687,1064.1
sock,32,2.4,0.8,1449.9,604.4
sod,32,5.3,1.3,1952.4,1846.1
soft,31,2.6,1.2,1945.8,1780.9
soil,31,3.5,1.1,2576.7,2472.6
sold,31,3.6,0.8,2063.6,1932.2
sole,32,4.7,1.1,3101.2,2218.1
solve,32,4,0.9,2188.3,2045.4
some,32,2.6,0.7,2322.6,1968.4
son,32,2.7,0.6,1618,837.5
song,32,2.7,0.7,1605.6,1091.5
soon,32,3,1.1,2519.4,2933.6
soot,31,4.6,1.3,2210.6,2048.2
soothe,31,4.5,1.1,1954.1,1263.7
sop,32,5.8,1.3,1974.6,1302
sore,32,3.7,1.1,2224.1,1696.5
sort,32,4.1,0.9,3134.9,7045.3
sough,32,6.3,1.1,1962.2,1478.1
sought,31,5.3,1.3,1804.5,1790
soul,32,4,0.9,2261.1,1375.4
sound,32,3.2,1,2211.5,1916.3
soup,32,2.5,0.8,1522.6,646.5
sour,32,3.3,0.7,2244.8,2562.3
source,31,4.7,0.8,1951.4,1621.7
south,32,3.5,0.9,2822.3,4253.6
sow,32,5,1.4,2170.8,1456.4
soy,32,5.3,1.2,3504.6,9557.9
spa,32,5,1.2,2462.8,3005.1
space,32,3.4,0.8,2268.8,1953.8
spade,31,5,1.3,2139,1684.4
span,32,4.8,0.9,3231.6,6017.3
spank,31,2.8,1.1,2309.1,2428.7
spar,31,5.9,1.1,1993.3,1650.3
spare,32,4.7,1.2,3156.4,4262.1
spark,32,4.1,0.9,2610.2,4602.2
sparse,32,5.9,1.1,2398.9,4338
spat,32,4.5,1.1,2063.8,1328.6
spawn,32,5.8,0.9,1645.9,687.2
speak,32,3.2,1,2036.5,1727.1
spear,32,4.4,0.9,2182.9,2275.5
speck,32,4.6,1.2,2522.8,3203.2
sped,32,4.4,1,2040.5,1781.6
speech,30,3.8,0.9,2452.2,4182.3
speed,32,3.7,1,2744,3480.6
spell,31,3.2,0.9,1963.4,1450.9
spend,31,3.7,0.9,1918.9,1376.2
spent,31,4.2,0.9,2791.1,4168.4
sperm,30,5.5,1.2,3008.7,2689.3
spew,31,4.9,1.2,2586.9,2824.4
sphere,31,5.1,1.1,2147,2119.1
sphinx,31,5.8,1.3,2114.6,2542.5
spice,32,4.2,1.2,2293.1,2310
spike,32,4.1,1.1,2061.5,1704
spill,31,2.7,0.9,2120.3,1318.7
spin,32,3.3,1.1,2646.4,3210.2
spine,31,4.2,1.2,1984.9,1210.9
spire,31,6.3,1.1,1997.4,2268.5
spit,31,3,0.9,2322.2,2257.1
spite,32,5.4,1.2,2039.1,1088.7
splash,32,3,1,2154.7,2235.2
splay,31,6.6,0.9,2223.6,1518.9
spleen,32,5.9,0.9,2105.8,1253.8
splice,32,5.7,1.2,1751.5,1128.5
splint,32,5,1,2417.6,1975.5
split,32,4,0.9,2761.7,4583.7
splotch,32,5.3,1.3,2035.9,1689.4
splurge,32,5.4,1.1,2130,1641.6
spoil,32,4.1,1.1,2430.8,1942.9
spoke,31,4,0.8,1998.5,1484.5
sponge,32,3.3,1,1804.1,1173
spoof,32,5.9,1,1611.9,635.7
spook,32,4,1.3,2150.4,1805
spool,32,5.4,1.2,2638,2691.1
spoon,32,2.4,0.8,2937,6212.2
spore,32,5.8,1.1,1593.6,833.2
sport,31,3.3,0.9,2006.3,1352.6
spot,31,3.1,0.8,2330.1,2194.8
spout,32,4.3,1.1,2072.4,1390.3
sprain,31,4.5,1.1,3144.1,5404.3
sprang,32,4.7,1.2,3037.5,2934.2
sprawl,32,4.9,1.3,1446,612.3
spray,32,3.5,0.9,3343,7977.4
spread,32,3.9,1,2390.3,2225.1
spree,31,5.3,1.3,2007,1380.6
sprig,31,6,1.2,4902.5,17390.6
spring,32,3.4,0.8,2387.6,1735.1
sprint,32,4.6,1.1,2370.4,2337
sprite,32,4.3,1.7,2761.6,1501.7
sprout,31,4.7,1.3,2128.3,1538.7
spruce,32,5.6,0.9,1576.7,1045.1
sprung,32,4.6,1,2997.8,4706.6
spry,32,6.2,1.4,1829,985.7
spud,31,5.1,1.4,1946.8,1212.9
spun,31,4,1.2,3214.8,5937.5
spunk,32,5.2,1.1,2931.6,4259.1
spur,30,4.7,1.3,2036.4,1550.1
spurn,32,6.2,1,2127.5,1626.5
spurt,31,5.2,1.1,1994.1,1654.4
spy,32,3.6,1,1360.3,610.7
squad,31,4.6,1,3393,5783.2
squall,32,5.4,1.4,2128.8,2142.2
square,32,2.6,1.1,2701,4867.2
squash,32,3.9,1.1,1974.1,1649.9
squat,31,4.1,1.3,2305.8,1673.2
squaw,31,6,1.2,2002.6,1577
squawk,32,4.7,1.6,2358.2,3143.5
squeak,32,3.1,1.1,1875.3,1152.9
squeal,31,4,1.4,2100.9,1633.4
squeeze,32,3.2,0.9,2757.1,4545.1
squelch,31,6.4,1.1,1807.9,1303.7
squid,32,4.1,1.2,2062.5,2161.2
squint,32,4.4,1.3,1999,1567.1
squire,31,5.9,1.1,1870.4,1072.7
squirm,32,4.1,1.4,1583.7,714.6
squirt,30,4,1.1,1777.7,905.3
stab,32,3.9,1.1,2428.2,2973.6
stack,32,3.8,0.9,2011.1,1615.7
staff,31,4.5,1,2405,2882.8
stag,30,5.4,1.4,2473.6,2549.8
stage,32,4.2,1,1884.4,1298.5
stain,31,4,1,2421,3211.7
stair,32,3.2,1.1,3351.3,4033.9
stake,30,4.8,0.9,2430.6,2039.3
stale,31,4.2,0.8,2270.4,1822.4
stalk,32,4.9,1.2,1943.1,1080.5
stall,31,4.2,0.9,2366.5,2629.6
stamp,31,3.6,0.8,3594.8,4833.2
stance,32,5.2,1,2060.4,1367
stanch,30,6.3,1.1,1498.1,639.5
stand,31,3.1,1,1793.7,1276.9
stank,32,4.3,1.6,1928.1,1277.5
star,30,2.8,1.1,1860.6,1429.1
starch,32,5.3,1,2048.2,2172.8
stare,32,3.7,1.1,2302.7,3087.5
stark,32,5.7,1,1954.4,937.3
start,31,2.6,0.7,2296.7,2166.7
starve,30,4,1.1,1935.5,1196.6
state,32,3.5,0.8,1824.3,944.1
staunch,31,6.5,0.9,1724.6,1135.9
stay,31,3,0.9,1709.4,1225.8
stead,30,5.8,1.2,2318.3,2133.7
steak,32,3.4,0.8,1992.6,1113.7
steal,31,3.5,1,1868.9,1245.4
stealth,31,5.7,1.2,1755,1213.3
steam,31,3.9,0.7,2048.2,1592.4
steed,32,5.5,1.1,2142.7,1649.1
steel,29,4.3,1.2,2610.6,2348
steep,31,4.3,1.3,2570.2,4278.6
steer,32,4.4,1.2,2557.4,2835.2
stein,31,6.3,1.2,2231.9,2832.6
stem,32,3.6,0.7,3143,3224.4
stench,31,4.9,1,2019.3,1552.6
step,31,3,1.1,2099.7,1741.2
steppe,32,6.6,0.7,1534.8,905.3
stern,32,4.9,1,2922.7,4767.2
stew,32,3.7,0.8,1789.5,1124.1
stick,31,3.3,1,1565.5,1076.1
stiff,32,4.2,0.9,2930.2,3301.8
stile,31,6.4,1.1,2148.6,2415.1
still,32,3.2,1.1,2156.2,1913
stilt,32,5,1.3,1953.3,1060.3
sting,32,3.3,0.9,1659.3,967.3
stink,31,3.3,1.1,1803.6,1730.8
stint,31,6,1.1,3170,6109.6
stir,32,3.4,0.9,1894.3,1693.5
stitch,31,4.3,1.2,2150.7,1228.9
stock,32,4.9,1,2418.5,2148.8
stoke,32,5.6,1.4,2248.2,2190.7
stole,32,3.4,1.1,2230.1,2126.2
stone,32,3.2,1.1,1505,1153.9
stood,32,3.7,0.9,2721.4,2825.4
stooge,32,5.3,1.4,1961.7,1426.5
stool,32,3.7,1.1,1943.6,1783.7
stoop,32,4.8,1.1,2059.3,1445.8
stop,30,2.2,0.7,1666.7,715.3
store,32,3.2,0.9,2222.9,1476.8
stork,31,4.1,1.3,2040,1003.4
storm,32,3.2,0.8,3341.8,4304
stout,32,5.6,1.2,1867.7,1384.6
stove,32,3.3,0.9,1617.4,873.7
stow,32,5.6,1.2,1933.8,1499.8
straight,31,3.3,0.7,1752.8,989.2
strain,32,4.7,1.1,2347.4,2379.4
strand,31,4.6,1.1,2428,1687.9
strange,32,3.9,1,2089,1414.7
strap,31,3.8,0.8,2224,1988.2
straw,31,3.1,1.1,1995.5,1304.4
stray,32,4.2,0.9,1832.3,1408.8
streak,32,4.7,1.3,2600,1872.8
stream,31,3.5,1.2,1736.5,806.7
street,31,2.9,1,1881.2,1243.3
strength,32,3.9,0.9,2689.1,3308.7
stress,32,5,1,2419.1,2670.8
stretch,32,3.5,1,2364.8,1828
strict,32,3.8,1,1624.3,887.7
stride,32,4.8,0.8,2334.9,2099.6
strife,31,5.7,1.2,2063.6,1993.2
strike,32,4.2,1,2219.8,2047
string,31,3.2,0.8,1973.4,1489.8
strip,32,4.5,1.2,3447.5,2827.4
stripe,32,3.5,1.2,1560.6,843.7
strive,30,5.4,1,2186.7,2993.6
strode,32,5.7,1.1,2003.2,1603.5
stroke,31,4.2,1.2,2673.7,2706.1
stroll,30,4.3,1.3,2005.6,1635.8
strong,32,3.3,0.8,1851.2,1354.5
strove,31,5.6,0.8,2698.9,2951.7
struck,32,4.2,1,2260.7,2221.8
strum,32,4.9,1.3,2274.6,2136.8
strung,32,4.8,1.1,2721.5,2819.2
strut,31,5,1.1,2322.2,1976.2
stub,31,4.2,1.4,3288.9,5668.3
stuck,31,3.5,1.2,4562.6,8667.2
stud,31,4.8,1.2,1961.9,1259
stuff,30,3,0.9,2053,1805
stump,32,3.7,1,1563.6,629.1
stun,31,4.7,1.2,2163.3,1813.7
stung,31,3.6,1.1,2900.9,3664.3
stunt,32,4.7,1.1,2480.9,3816.2
sty,32,6.1,1.1,1625,1043.4
style,32,4.4,0.9,1842.3,985.6
suave,31,5.7,1.3,1800.8,850.5
such,31,3.6,1.1,1583.9,942.9
suck,30,3.5,1.2,2140.1,1549.2
suds,32,4.2,1.5,1947.2,1966.9
sue,32,4.9,1.1,2494.7,1400.1
suede,29,5.4,1,2385.1,3571.4
suit,32,4,1,1923.4,1727
suite,30,4.9,0.9,2317.3,1074.2
sulk,32,5,1.3,1795.4,1507.1
sum,30,4,1.2,2248.5,1358
sun,32,2.2,0.6,1679,1378.2
sung,32,3.8,1.1,2474.9,2558.6
sunk,30,4,1,1895.5,1743.9
sup,31,6,1.3,2526.1,1304.8
sure,31,3.3,1.1,2348.7,2809.7
surf,32,3.8,1,1844.6,1234.3
surge,30,5.5,1,1560.1,808.1
swab,32,4.9,1.1,2358.8,3230.6
swag,32,6,1.1,2103.8,1242.2
swam,32,3.5,1,2077.5,1346.7
swamp,32,3.7,1.1,2401.6,2748.4
swan,31,3.3,1.2,2415.4,3131.4
swank,31,6.1,1.2,1803.6,1351.5
swap,32,4.3,1,2903.7,2274.9
swarm,31,4.7,1,2082.7,2047.5
swash,30,6.2,1.1,2307.3,1855.8
swat,31,4.1,1,2166.2,1599.7
swath,32,6.4,1,1929.3,1477.7
swathe,31,6.6,0.7,1555.3,1196.8
sway,31,4.6,1.1,2691,3917.4
swear,32,4.2,1.1,2056.7,1407.4
sweat,32,3.3,1.1,1985.7,1635.3
sweep,31,3.5,0.9,2047.2,1670.1
sweet,32,2.8,0.8,2943.5,6900.2
swell,30,4.3,0.9,3459.4,5610.5
swept,30,4,1,2491.6,3114
swerve,31,4.8,1.1,2114,2258.4
swift,32,4.8,1,2768.1,4491.8
swig,31,5.5,1.4,1823.6,1108.3
swim,29,2.6,0.8,1920.5,2179.9
swine,31,5.5,1.3,2648.9,3470.2
swing,31,2.8,0.9,1559.4,1009.5
swipe,31,4.7,0.9,2017.3,1886.3
swirl,31,3.9,1.2,1708,1051
swish,32,3.9,1.2,2482.6,2390.2
switch,32,3.9,1,1913.6,1431.8
swoon,32,5.6,1.4,2776.1,4574.9
swoop,30,4.1,1,2201.8,2133.3
sword,32,3.4,0.9,2123.9,1372.6
swore,31,4.1,1.1,2718.6,2824.1
sworn,32,4.8,1,2305.5,1852.9
swum,31,5.1,1.7,2839.7,2016.8
swung,32,4.1,1,1953.5,1407.4
sync,32,6,1,2073.4,1995.9
tab,30,4.5,1.2,2944.9,2853.4
tack,32,4.2,1,3280.1,5466.6
tact,32,5.7,1.1,1598.1,698.7
tag,31,3,0.8,1873.6,1098.2
tail,32,3,0.8,2963,6070.9
taint,32,5.9,0.9,1632,789.8
take,30,2.8,1.1,1665,956.4
talc,30,6.1,1.2,3567,7767.7
tale,32,3.5,1,2098.2,2028.5
talk,32,2.6,0.8,1335.6,510.3
tall,32,2.8,0.7,1973.1,1206.2
tame,31,4.7,1.1,2233.8,1758.3
tan,31,3.8,1.1,2576.3,3288.4
tank,30,3.8,0.9,2946.1,2966.8
tap,30,2.9,0.7,2161.5,1738.8
tape,32,3,0.8,1694.4,1184.2
taps,32,4.4,1.5,3217.1,3178.1
tar,31,4.4,1.3,1890,1417
tart,32,4.6,1.1,2156.1,1511.9
task,31,4.4,0.8,2681.4,2618.2
taste,31,2.7,0.7,2798.8,3386.9
taught,32,3.8,1,2114.2,1407.9
taunt,32,4.8,1.1,2424,3163.8
taut,31,6.1,1,3103.8,6616.4
tax,32,4.3,1,1858.1,1209.5
tea,32,3.2,1,1537.7,1046.3
teach,31,3,0.9,1931.1,1506.8
teal,32,4.7,1.4,1938.2,1677.6
team,31,3.3,0.9,2012.8,2001.4
tear,30,3,1,2001.6,1962.8
tease,32,3.6,1.1,1924.7,2094.8
tee,32,4.2,1.3,2418.5,2190.2
teem,32,6,1.4,1917.9,992.6
teen,32,4.1,0.9,2308,1219.1
teeth,32,2.4,0.7,2000.3,2362.5
tell,32,2.8,0.8,1531.1,827.9
tempt,31,4.9,1.2,2285.6,2173.8
ten,31,2.4,0.7,2341.6,1867.8
tend,31,4.5,0.9,1895.8,1275.3
tense,30,4.7,1,2344.1,2018.6
tent,32,3.3,0.8,1952.2,3144.5
tenth,31,3.2,1.1,2181.9,1399.1
term,31,4.5,1.2,2059.5,1303.3
test,30,3.4,0.8,2460.3,2238.5
text,32,4.3,1,2684.2,3039.9
than,31,2.8,1,1839.5,1317.1
thank,31,2.7,1.3,1811,969.5
that,32,2.3,0.7,1847.1,1232.2
thaw,31,4.7,1.2,3454.2,3866.8
the,31,2.1,0.7,1704.5,991.1
theft,31,4.4,1.2,1995.3,1783.5
their,32,3.3,1,1584.7,767.6
them,30,2.7,1,1578.4,872.6
theme,31,4.8,0.7,1939.5,1223.8
then,31,2.8,1,1620.6,1169.1
thence,32,6.4,0.9,1471.3,847.5
these,32,3,1.1,1852.5,1161.5
they,32,2.6,1,1520.6,931
thick,32,3.8,0.8,2069.4,2151.2
thief,31,3.9,1.1,2180.2,1663.2
thieve,31,4.6,1.2,2182.4,1640.1
thigh,32,3.7,1.1,1911.1,1406.6
thin,32,3.4,1,2769.1,3837.5
thing,32,2.6,0.7,2313.5,2408.5
think,32,3,0.8,2000.9,1496.8
third,30,2.9,0.9,2338.7,1763.1
thirst,32,3.4,1.2,1921.2,1076.3
this,31,2.3,0.7,1858.8,2003.9
thong,32,5.9,1.1,2349.1,1449.5
thorn,30,3.7,1.1,2060.4,2218.2
those,31,3,0.7,1957.8,1908.2
though,32,3.8,0.9,1814.8,1222.8
thought,32,3.9,0.9,2112.1,1228.3
thrash,31,5.2,1.2,1911.8,1551.6
thread,29,4,0.8,2846.9,3581.9
threat,32,4.5,1,2762.7,3115.1
three,31,2.1,0.6,1496.2,750.5
thresh,29,6.2,1.1,1998.6,1334.9
threw,31,3.4,1.2,1896.3,1137.7
thrice,32,5.8,1,1831,821.8
thrift,32,5.2,1.2,2057.5,1266.5
thrill,31,4.5,0.9,1641.5,1093.5
thrive,32,5.5,1,1764.2,970.1
throat,32,3,1,2599.1,5344.5
throb,32,4.9,1.1,2272.3,1475.5
throne,31,4.1,1.3,1496.6,802.2
throng,32,6,1.4,2013.1,1187.7
through,30,3.8,1.2,2519.4,1901.6
throw,32,3,0.9,1557.6,723.1
thrown,32,3.8,1,1893.6,1243.2
thrush,32,6.3,1,2505.9,2921
thrust,32,5.3,1,1883.4,1294.4
thud,32,4.4,1.5,2169.2,1733.1
thug,32,5.4,1.3,1879.7,1843.6
thumb,32,2.6,1.1,2733.3,6432.4
thump,32,3.8,1.2,2862.8,3110.2
thus,32,5.3,1,2005,1524.6
thwart,32,6.5,0.9,1545.3,841.3
thyme,32,6,1.1,2263.5,3460.6
tic,30,4.2,1.7,1976,1184.6
tick,32,3.9,1.2,1835.9,947.1
tide,30,3.5,0.9,2216.2,1973.1
tie,31,3.4,1.3,2023.8,2007.9
tier,31,5.6,1.2,1872.6,1092.1
tight,32,3.4,1,2437.5,1744
tights,31,3.8,1.4,2324.8,1582.7
tile,31,3.8,1.1,2244.4,2324.6
till,32,4.9,1.4,1848.1,1095.1
tilt,31,4.4,1.1,3219.9,6036.1
time,30,3,0.7,2014.1,1493.8
tin,31,3.9,1.1,1886.7,1205.4
tinge,32,5.9,1.1,1621.2,776.5
tint,32,4.8,0.9,1789,1276.8
tip,30,3.6,0.9,2180.6,2034.6
tire,32,3.4,1.1,2196.4,1747.3
tit,32,5.5,1.6,3163.5,1811.3
to,31,2.2,0.7,1541.5,1058.7
toad,32,2.9,0.8,1734.8,1065.4
toast,32,3.1,1,1816.3,1288
toe,32,2.3,0.5,1338.1,749.1
toil,31,5.5,1.1,2400.9,3019.4
told,31,3,0.9,1919.7,1676.5
toll,32,4.4,1.1,2488.2,2735.5
tomb,32,4.2,1,2164.5,1687.3
ton,31,4,1.1,2095.4,1621.8
tone,31,3.8,0.9,2343.9,1990.6
tong,32,5,1.3,2213.6,2008.3
tongue,32,2.8,1,1432.7,784.7
too,32,2.7,0.9,1967.7,1656.1
took,32,3.1,1,1455.8,903.3
tool,31,3.2,0.7,1927,1679.5
toot,32,3.5,1.4,3155.3,4441.9
tooth,32,2.3,0.5,1638.1,1269.3
top,32,2.4,0.7,1814.8,1252.7
torch,31,4.8,1,1981.8,2495.5
torn,32,3.7,1.1,2285.7,2131
tort,32,6,1.3,1557.3,1005.3
toss,31,3.4,0.8,3019.4,4355
tot,32,4,1.9,2402.2,1813
tote,31,5.2,1.2,2184.4,2178.7
touch,31,2.8,0.8,2874.5,3899.3
tough,32,3.6,0.9,1894.9,1845.7
tour,32,3.9,1,3030.9,2768.3
tow,32,4.6,1.1,2609.5,2290
town,32,3.3,0.7,2525.1,2713
toy,32,2,0.8,1773.3,1596.5
trace,31,3.9,1.2,2605.4,2033.8
track,32,4,1,3549.7,6987.2
tract,32,5.7,1.1,2666.8,2449.4
trade,32,3.8,1,3652.5,6927.7
trail,29,3.9,1.1,2218.6,2235.1
train,31,2.7,0.9,2990.1,4888.4
trait,31,4.9,1,2198.5,1992.9
tram,31,5.6,1.6,1967,1618.8
tramp,32,5.1,1.3,2653,2311.7
trance,31,5.1,1.3,3129.1,5194.1
trap,32,3.4,0.8,2769.4,3301
trash,29,3,0.9,2673,3753.1
tray,31,3.7,1,1862.2,1379.6
tread,32,5.4,1.1,2492.9,2495.3
treat,30,2.6,0.7,1837.7,905.9
tree,32,2.5,0.7,1449.3,486.9
trek,32,5.3,1.1,1952,1761.5
trench,31,4.9,1.1,1765.3,1048
trend,32,4.9,1.1,1989.9,1395.7
tribe,32,4.2,0.9,2297.7,1848.3
trick,32,3.4,1.1,1649.6,784.6
trill,32,6.1,1.3,1834.8,1465.9
trim,31,4.3,1,2236.3,2063
trip,32,3.2,0.9,2385,2623.9
tripe,32,6.4,1.1,1591.1,1182.1
trite,31,6.4,0.9,1930.1,1975.8
trod,32,5.5,1.2,1706.5,1131.1
troll,32,4,1.2,2468.3,3133
troop,31,4.3,0.9,1489.5,815.7
trot,32,4,1.1,2424,3216.3
trough,31,5.7,1.2,2018.7,1682
trounce,32,6.3,1.1,1997.4,2356.5
troupe,31,6,1.1,2002.8,1264.1
trout,32,4.2,1.3,1436,591.9
truce,32,4.9,1.3,2039.1,1298.9
truck,32,2.6,0.8,2377.7,2474.2
trudge,32,5.8,1.1,3340,9018
true ,32,3.2,0.9,1704.3,993.1
trump,31,5.6,1.3,2231,1472.6
trunk,32,3.5,1.1,2245.4,3977.9
trust,32,3.7,0.9,2182.5,1798
try,32,2.6,0.6,1798.9,1237.7
tub,32,2.4,0.6,1732.9,1103.3
tube,32,3.9,1.2,2542.3,2224.7
tuck,31,3.7,1,2901,4185.5
tug,32,3.3,1.2,1839.5,1513.2
tune,32,3.8,1.1,2078.6,1568.5
turf,32,4.9,1.1,2231.9,1492.8
turn,31,3,0.6,2872.3,3594.1
tusk,31,4.6,1.2,2014.4,916.8
twang,32,5.8,1,2789.4,4328.3
tweed,31,5.9,1.2,2897.1,4513.9
tweet,31,3.7,1.6,2055.1,1993.6
twelfth,32,3.4,1.1,2475.8,1835.9
twelve,32,2.6,0.7,2691.2,2317.2
twerp,31,5,1.6,2191.9,1414.5
twice,32,2.9,0.8,1905.2,1903.5
twig,32,3.4,1.2,2133.5,1661
twin,31,3.6,0.8,1885.9,1265.4
twine,32,5.2,1.3,1800.6,1266
twinge,32,5.8,1,2193.3,2136.8
twirl,32,3.5,1,3221.4,6189.9
twist,30,3.4,1,2175,1757
twit,31,5.7,1.4,1639,1028
twitch,31,4.8,1.1,1989.5,1143.8
two,31,1.9,0.6,1565.1,974.3
tyke,31,5.4,1.5,1793.9,1005.4
type,32,4,0.9,2656,2499.3
up,32,2.1,0.6,1882.1,1783.1
urge,31,5,1.1,2408,3331.3
urn,31,5.7,0.8,1784.3,754.3
us,31,2.4,0.8,1707.8,2068.7
vague,31,5.5,1.2,1828.8,1139.6
vain,31,5.1,1.3,2116.4,1550.1
vale,31,5.6,1.4,2222.7,1658.6
valve,32,5.5,0.9,2110.4,1547.8
vamp,32,6.2,1,3371.9,7331.8
van,32,3.2,1,1644.9,879
vane,32,5.8,1,2038.1,1558.9
vase,32,3.7,0.9,1865.6,1259.6
vast,31,5.1,1,1875.7,1068.2
vault,30,4.8,1.3,2800.1,4197.2
veal,32,5.3,1.1,2351.3,2032.5
veer,32,5.9,1,1811,1264.6
veil,31,4.5,1.3,1962.5,1256.9
vein,32,4.8,1.2,2585.2,2523.8
vend,32,5,1.3,2574.2,3433.3
vent,29,4.6,0.9,1772.7,1506.7
verb,32,4.3,0.7,2429.6,1586.5
verge,32,5.6,1,2112,1816.7
verse,31,4.3,1.2,2798.8,3285.5
versed,31,5.8,1.2,2394.2,2912.2
vest,32,3.8,1.3,2349.8,2639.9
vet,30,3.4,0.9,2904.2,4369.8
vex,32,6.3,1.1,1436.7,858
vice,32,5.7,1.1,1829.9,1225.6
vie,32,6.8,0.6,1564.8,1296
view,31,4.1,1,2085.7,1560.5
vile,32,5.8,1.1,1749.7,1112
vine,32,4.1,1.1,2437.9,3176.4
vise,30,6.2,0.9,1970.2,1518.5
vogue,32,5.8,1.3,2053.5,1322.6
voice,32,2.9,0.9,1941.9,1531.4
void,31,5.4,1,2795.6,3946.9
volt,31,5.3,1.2,2803.3,3058.6
vote,32,4.3,1,1617.3,579
vouch,30,5.8,1.1,1732.9,1375.4
vow,30,4.8,1.2,2433.7,4077.7
wad,31,4.8,1.3,2326.8,1478.7
wade,32,4.6,1.4,2172.2,1269.9
wag,32,3.7,1.6,2172.3,1581.2
wage,32,5,1,2547.4,2678.9
waif,31,6.3,1,1512.2,788.8
wail,32,4.6,1.5,2776.6,5945.3
waist,32,3.9,1,1938.7,1230.6
wait,32,2.9,0.9,2305.2,1838.9
waive,32,5.8,1.5,2188.9,1767.1
wake,32,3,1,4211.7,12215.7
wale,30,5,1.7,1823.8,1286.5
walk,32,2.6,0.9,1762,1697.5
wall,31,3,0.9,2338.9,4453.1
waltz,31,5.4,0.9,1771.9,1057.6
wand,31,3.8,1.3,1786.3,1055.1
wane,31,6.2,1,1919.6,1444.6
want,32,2.4,0.8,1997.1,1810
war,31,3.7,0.9,2097.2,1541.8
ward,31,5.5,1.1,1934,1376.9
ware,31,5.4,1.4,2536.8,2087.5
warm,31,2.8,1,3141.5,5687.8
warn,32,3.6,0.9,2101.6,1669.7
warp,32,5.2,1.2,2598.9,3054.3
wart,32,4.3,1.1,1925.2,1257.1
was,29,2.7,0.7,1758.6,1261.7
wash,31,2.6,0.7,1629.1,945.4
wasp,31,3.8,1.1,2070,1803
waste,32,3.7,0.8,2547.3,1830.7
watch,31,3.2,0.9,1517.5,833.8
watt,32,5.5,1.1,2048,1252.7
wave,32,3.1,1,2195.9,2647.8
wax,32,3.8,1.1,1883.9,1047.5
way,32,3.1,1,1683.4,1117.9
we,32,2.2,0.8,1433.5,827.8
weak,31,3.6,0.7,2306.5,2507.1
wealth,31,4.5,0.9,2039.3,1188.6
wean,31,5.7,1.4,2080,1672.3
wear,32,2.9,0.9,1692.8,1019.6
weave,31,4.6,1,2207,2520
web,32,3.3,1.1,2039.1,1733.5
wed,32,4.3,0.9,2157,1526
wedge,32,4.8,1.2,2113.6,1611.6
wee,32,3.4,2.2,1940.4,1011.9
weed,31,3.7,1,2200.2,1180.1
week,31,3.4,1.1,2091.1,1344.8
weep,32,4.4,1.1,2620.9,2225.5
weigh,32,3.7,0.9,2085.1,1541.9
weird,30,3.7,0.8,2274.1,2294.7
welch,31,5.9,1.5,1959.6,1668.2
weld,32,5.4,1.3,2235.4,2530.4
well,32,3,0.9,1959.2,1675.8
welsh,31,6.4,1.1,1796.9,1224.9
welt,32,5.2,1.1,2201.5,2640
wench,31,5.8,1,2001.9,1402.2
went,32,3,0.9,1613.2,1358.6
wept,32,4.6,1,1911.8,1325.8
were,32,3,0.9,1931.1,1616.3
west,32,4,1.3,1905.3,1023.5
wet,32,2.4,0.7,1776.1,1369.1
whack,32,3.8,1.3,2849.4,4883
whale,32,3,0.9,2384.8,2752.2
wham,31,4.1,1.7,1538,594.4
wharf,32,5.7,1.3,1725.9,841.6
what,32,2.3,0.6,2037.1,1896.2
wheat,32,3.9,1.1,2013.8,1944.8
wheel,31,3,1,1809.5,2434.3
wheeze,32,5,1.4,2243.5,1809.7
whelp,32,6.1,1.1,2064,2058.3
when,32,2.9,0.8,1969,1237.1
whence,30,6.4,0.7,1645.3,831.6
where,31,3.1,0.9,1640.5,926.8
whet,32,6.3,1.1,1632.1,835.1
whey,31,5.9,1.5,1696.1,924.3
which,32,3.4,1.2,1850.6,1181.9
whiff,31,5.1,1.3,2139.1,2037.7
while,32,3.7,1.2,2024.9,1408.4
whim,31,5.6,1.1,1556.3,781.8
whine,30,3.3,1.4,1751.3,1554.4
whip,32,3.9,1.4,2288.4,2080.6
whirl,30,4,1,3637.9,6978.5
whisk,31,5.2,1.3,1970.5,1616.2
whit,32,5.6,1.1,1993.6,1542.7
white,31,2.5,1.1,2062.3,2832.8
whiz,32,4.4,1.4,1721,853.6
who,32,2.7,1,1514.5,1061.4
whole,32,3.3,0.9,2590.5,3280.9
whom,32,4.9,1.1,2050.1,1388.8
whoop,31,4.4,1.5,1726.6,812.7
whore,32,6.2,0.7,2600,2555.8
why,32,2.5,0.8,1904.1,1820.7
wick,32,4.5,1.1,2427,2334.7
wide,32,3.7,1,2584.4,2575
width,31,4.4,1.1,2536.8,1783.1
wield,32,5.9,1.2,2039.4,2480.4
wife,31,3.4,0.9,2318.3,1863.3
wig,31,3.6,1,2007.5,1121.6
wild,32,3.5,0.9,1842.1,972.2
will,30,2.8,0.8,2157.4,2118.9
wilt,32,5.3,1.3,2125,1914.4
win,32,3,1,1575.9,1129.1
wince,32,5.5,1.2,1517,670.4
winch,31,6.3,0.8,3805.9,8038.3
wind,32,2.9,0.8,1604.3,1090.7
wine,32,4.4,1.2,1853.7,1158.5
wing,30,3.1,0.8,1983.6,1277.5
wink,32,3.6,0.9,1721.6,1638.9
wipe,32,3.2,1.2,1519.1,1505.7
wire,32,3.6,0.8,2488.8,1799.7
wise,32,3.9,0.9,2410.1,2647
wish,31,3,1,2074.6,2162.8
wisp,32,5.3,1.2,2011.6,2128
wit,32,5.2,1.1,2584.5,2249.6
witch,31,3,0.9,1604.8,877.3
with,32,2.6,0.6,2162.1,3840.1
wives,30,3.9,1.1,2351.1,1773.9
woe,30,6,0.9,1838.7,1175.1
woke,32,3.4,0.9,2301.7,2239.9
wolf,32,2.9,0.8,1231.1,440.1
wolves,32,3.3,1.1,2117.5,1680.7
womb,32,5,1.3,1705.7,700.7
won,32,3.1,1,1607,1121
woo,31,4.5,1.8,1971.2,956.8
wood,32,3.2,1,1594.7,1029.3
wool,31,4,0.9,1940.3,1546.8
word,32,2.8,0.8,2022.8,1750.8
work,31,3.2,0.8,1576.7,783.8
world,32,3,0.8,1953.2,2401.2
worm,31,2.7,0.8,1477.3,627.9
worse,32,3.8,1.1,2361.6,2049
worst,32,3.6,1.1,1741.5,735.1
worth,32,4.6,0.8,2614.4,4584.8
would,31,3.3,1,1720.5,1520.6
wound,32,4.1,0.9,2252.5,1399.9
wove,31,4.8,1.3,2555.4,3172.4
wrack,32,5.9,1.2,3084.5,2951.3
wrap,31,3.5,1.1,2412.9,2080.7
wrath,30,5.4,1.1,1564.2,1002.7
wreak,32,5,1.2,3745.7,7632.6
wreath,30,4.2,1.1,2169.6,1640.9
wreathe,31,5,1.5,1718.1,941.1
wreck,32,4.2,1.2,2107.6,1971.6
wren,31,5.5,1.3,2088.4,1556.3
wrench,32,4.5,1.2,2581.5,2178.8
wretch,31,5.6,1.2,2658.2,2341.4
wring,31,5.2,1.3,3116.1,6735
wrist,32,3.2,1,1753.8,925.6
writ,32,6.6,0.7,2564.8,2291.7
write,32,3.2,1,3095.1,5757.4
writhe,32,6.4,0.8,1582,1105.3
wrong,31,2.6,1,2103.9,1787.5
wrote,32,3.5,0.7,3124.8,5569.6
wroth,30,6.4,0.9,1617,1028.3
wrought,31,6.3,1.2,1749.3,1164.5
wrung,32,5.4,1.2,1541.6,887.7
wry,32,6,1.1,1648.7,998
yacht,32,4.8,1.2,2318.4,2543.1
yak,32,4.8,1.7,2187.4,2198
yam,32,4.6,1.3,2549.6,3231.2
yank,32,3.9,1.4,2842.4,7128.3
yap,31,5,1.4,2494.5,2540.7
yard,31,3.1,1,2635.1,3598.8
yarn,32,3.8,1.3,1967.5,1386.3
yawn,32,3.1,0.7,1816.6,1187.3
yea,32,3.4,1.8,1920.4,931.6
year,32,3.4,1.2,1835.2,956.8
yearn,32,5.8,0.9,1997.6,1406.8
yeast,32,5,1.1,1775.7,1452
yell,32,2.7,0.9,1613,1550
yelp,32,4.4,1.3,1797.8,1051.1
yen,32,6,1.4,1766.3,1023.4
yes,31,1.8,1.2,1444.8,1300.5
yet,32,3.6,1.1,1904.5,1483.5
yew,31,6.1,1.5,1426.9,592.4
yield,31,4.8,1.1,1860.3,1046.2
yoke,32,4.6,1.3,1818.3,1307.5
yolk,32,4.7,1.6,1910.7,1488.1
yore,32,6.3,1.1,1497,889.8
you,31,2,0.7,1488.1,961
young,31,3.3,0.8,2237.3,2068
youth,32,4.3,1,2538,1877.3
yule,32,5.9,1.2,1747.7,983.3
zeal,32,6,1.1,1876.1,1455.3
zest,32,5.6,1.2,1808.1,1040.7
zinc,32,6,1.1,2116.1,1666.8
zing,32,5.5,1.4,2349,1968.6
zip,32,3.5,1,1851,1095.1
zone,32,4.2,1,1853.4,1341.7
zoo,29,2.3,0.6,1713.9,2052.3
zoom,32,3.7,1.2,1693.4,766.3