word_english,aoa_M,RT_M,aoa_SD,RT_SD
abbey,5.70,1527,1.29,916
abbot,6.03,1474,1.13,1035
abduct,5.12,1533,1.28,774
able,3.91,2529,1.15,3558
aboard,4.73,2009,1.36,1902
abode,5.94,1602,1.21,1323
abort,5.30,1712,1.27,1061
about,3.76,1558,1.21,838
above,3.55,2186,1.04,2280
abreast,6.24,2033,0.88,1689
abroad,5.36,1997,1.19,1629
abrupt,5.45,1837,1.18,1246
absence,4.82,2450,1.18,1641
absent,4.33,2803,0.92,2910
absolve,5.64,2350,1.23,2064
absorb,5.12,2073,1.25,1784
abstract,5.45,2499,1.04,2831
absurd,5.48,2041,1.10,1872
abuse,4.67,1789,1.09,1068
abyss,5.97,1726,1.14,1530
accent,5.06,2046,1.01,1414
accept,4.45,2086,1.10,2406
access,5.12,2014,1.25,1626
accord,5.36,1986,0.98,1254
account,5.21,1781,1.10,1001
accuse,4.64,2126,1.18,1976
achieve,4.79,1807,0.88,821
acid,4.94,1400,1.35,752
acne,5.15,1964,1.18,1209
acorn,4.21,2017,1.21,1816
acquire,5.30,2259,1.29,2669
acre,4.82,1930,1.20,987
action,4.18,2089,1.06,1927
active,4.27,1565,1.13,619
actor,3.94,1538,0.84,853
actress,4.12,1819,1.11,1092
acute,5.64,1953,1.20,1510
adage,6.18,1274,0.98,632
adapt,5.45,1863,1.01,1266
addict,5.42,1968,0.98,1816
address,3.52,1779,1.18,964
adept,5.94,1496,1.31,804
adhere,5.88,2209,1.11,1906
adjourn,6.15,1893,1.00,1337
adjust,5.21,1808,1.04,1213
admire,4.67,1696,1.23,983
admit,4.33,3880,1.24,4924
ado,5.97,1570,1.11,875
adopt,4.64,1788,1.10,1150
adore,4.85,1769,1.16,1281
adrift,5.64,1912,1.03,1518
adult,3.52,2223,1.26,1358
advance,5.00,1633,1.08,1074
adverse,6.06,1489,0.92,1466
advice,4.85,1884,1.11,1231
advise,5.15,2121,0.90,1790
afar,5.18,1607,1.47,1142
affair,5.39,2535,1.16,3715
affect,4.64,2525,1.24,2358
afford,5.03,1934,1.26,1383
affront,5.79,1551,1.00,775
afloat,5.09,1805,1.22,1705
afoot,5.58,1898,1.16,1300
afraid,3.58,1666,1.26,869
after,3.45,1987,1.22,1413
again,3.42,1639,1.44,901
against,4.12,2120,1.22,1745
agent,5.03,2506,1.20,3844
ago,3.79,2712,1.06,3807
agree,3.97,1735,0.93,1354
agreed,4.09,1577,0.94,694
ahead,4.06,3232,1.06,4894
ailment,5.73,1527,1.25,874
airport,3.82,1819,0.88,1253
alarm,3.76,1590,1.21,780
alas,6.03,1643,1.07,1159
album,4.21,2576,1.18,3295
alert,4.64,2482,1.04,1555
align,5.64,1873,1.03,1599
alike,4.12,1511,1.05,728
alive,3.70,2740,1.06,3807
alley,4.30,1829,1.32,1235
allow,4.00,2738,0.91,2437
alloy,5.88,1576,1.05,1490
allure,5.58,1432,1.16,816
ally,5.03,2179,1.33,1454
almond,4.09,2131,1.24,1367
almost,3.94,1662,1.05,753
aloft,5.67,1725,1.30,1354
alone,3.67,2263,1.01,3149
along,4.27,2087,1.24,1979
aloof,5.73,1633,1.25,1081
aloud,4.27,2025,1.24,1259
alpha,5.52,1516,1.18,944
alright,3.94,1841,1.11,1195
also,3.58,1775,1.03,1598
altar,4.97,1992,1.29,1609
alter,4.79,2099,1.19,2394
although,4.58,2078,1.46,1464
alto,5.39,1831,1.56,1259
always,3.61,1755,1.02,1150
amaze,4.45,2068,1.24,1909
amber,5.06,1812,1.31,1626
ambush,5.73,1935,0.93,2024
amen,3.36,1823,1.65,1484
amend,5.58,1830,0.98,1350
amid,5.58,1678,1.32,1343
amidst,5.88,1655,1.27,1350
amiss,5.70,2475,1.21,5416
ammo,5.33,1766,1.32,1612
among,4.36,2016,1.39,1557
amount,4.30,2012,1.19,1381
amuck,6.12,1334,0.93,658
amuse,5.24,2143,1.29,1886
anchor,4.48,2197,1.45,1887
ancient,4.79,2219,1.16,3012
android,6.03,1579,1.18,782
anew,5.70,1716,1.07,1071
angel,3.15,1892,1.14,1107
anger,3.79,1610,1.17,1665
angle,4.36,2352,1.41,1634
angry,3.30,1640,1.13,678
anguish,5.94,1631,1.07,1038
ankle,3.64,1904,1.37,1019
annals,6.24,1987,0.80,1187
annex,5.94,1746,1.10,1287
announce,4.94,1975,1.03,2661
annoy,4.18,1719,1.12,1214
answer,3.45,1826,1.01,994
ante,6.06,2017,1.08,1523
anthem,4.36,1895,1.39,1302
anthrax,6.00,1813,1.28,1855
antique,4.82,1716,1.15,1654
antsy,5.33,1535,1.32,629
anvil,5.76,1830,1.37,1745
anxious,5.06,1498,1.07,1058
any,3.33,1894,0.91,1161
apart,4.12,2138,0.98,2602
apex,6.21,1176,0.98,333
appeal,5.30,2010,1.02,2063
appear,4.33,1443,1.08,737
applaud,4.42,2159,1.11,2504
applause,4.36,1916,1.16,1062
apple,2.55,2368,1.04,3608
apply,4.85,1830,1.08,1624
appoint,5.33,2200,1.05,2235
approach,4.76,1722,1.17,1461
approve,4.21,2008,1.10,1376
apron,4.30,1654,1.29,1207
arbor,5.12,1877,1.35,1770
arcade,4.15,2085,1.28,1801
archive,5.48,1913,1.26,1247
arctic,4.73,2152,1.31,1414
ardent,5.97,1502,1.25,1202
argue,4.24,1743,1.26,1150
arise,5.12,2436,1.14,2469
armor,4.88,2860,1.26,7427
armour,5.09,1640,1.37,1089
army,4.09,2428,1.24,2203
arose,5.33,1688,1.16,1086
around,3.88,2626,1.16,2992
arouse,5.79,2109,1.03,3171
arrange,4.79,2059,1.39,1918
array,5.61,1555,1.18,1177
arrest,4.52,2060,1.10,1882
arrive,4.55,2011,1.06,1834
arrow,4.00,1979,1.04,1421
arson,5.94,1368,1.10,755
artist,3.85,2075,1.18,2223
ascend,5.58,1698,1.32,1070
aside,4.97,2946,1.41,5675
asleep,3.09,2126,1.23,1562
aspect,5.73,1824,0.89,1368
aspen,5.48,1809,1.31,1116
asphalt,5.15,1633,1.26,1077
aspire,5.55,1814,1.25,1574
assault,5.55,1619,1.05,1177
assert,5.45,2014,1.21,1834
assess,5.58,2535,1.19,2164
asset,5.67,1803,1.14,1319
assign,4.55,1822,1.23,1162
assist,5.03,1582,1.15,763
assume,5.09,1629,1.05,984
assure,5.15,1604,1.18,931
asthma,4.85,2097,1.16,1535
astral,6.27,1654,1.02,977
astray,5.88,1869,0.91,2201
astute,5.94,1408,1.04,1152
athlete,4.21,1613,1.23,523
atlas,4.79,2234,1.27,2946
atom,5.76,2311,1.08,2916
atone,6.03,1929,1.36,2760
attach,4.33,2245,1.05,2408
attack,4.06,3523,1.23,10854
attain,5.36,2112,1.24,1755
attempt,5.09,2025,0.98,2225
attend,4.30,2703,1.05,4969
attic,3.82,3316,1.27,8196
attire,5.36,1715,1.11,1003
attract,4.85,2226,1.14,2027
auction,4.94,2164,0.93,1685
audit,6.15,1322,1.04,631
aura,5.91,1639,0.89,936
author,3.91,1791,0.93,966
auto,4.12,1683,1.32,801
autumn,3.97,2319,1.33,1729
avail,5.76,1835,1.29,1634
avenge,5.48,2121,1.33,2363
avert,5.61,1753,1.24,1707
avoid,4.45,1816,1.07,1017
await,4.94,1733,1.30,982
awake,3.42,3253,1.41,5579
award,3.82,1999,1.11,1597
aware,4.45,2124,1.34,1993
away,3.64,2156,1.02,2344
awesome,3.88,1858,1.48,1239
awful,3.91,1836,1.09,1253
awhile,4.09,1647,1.01,1013
awkward,4.73,1715,1.29,925
awoke,4.55,2354,1.42,2032
awry,5.97,1715,1.02,1257
axis,5.58,2064,1.02,1669
axle,4.91,1542,1.34,865
babble,4.91,2455,1.27,2172
baboon,4.03,1855,1.39,889
baby,2.58,1926,1.26,1287
backward,3.85,2071,1.06,2636
bacon,3.12,1633,1.07,837
bagel,3.73,2232,1.11,2483
baggage,4.82,1949,1.06,1482
bailiff,5.88,1518,1.16,1034
balance,4.06,1818,1.23,1303
ballad,5.36,2023,1.48,2753
ballast,6.03,1672,1.07,991
ballet,3.76,1779,1.21,860
balloon,2.61,2562,1.18,2187
ballot,5.06,2065,1.39,1354
bamboo,4.55,1804,1.26,965
bandage,3.79,2159,1.12,2419
bandit,4.85,2143,1.34,2524
banish,5.39,1774,1.01,1689
banjo,4.39,2020,1.32,1765
bankrupt,5.45,1963,1.24,1169
banner,4.64,1740,0.94,1271
banquet,5.09,1764,0.98,942
banshee,5.85,2437,1.15,2569
banter,5.97,1915,0.99,1866
baptize,4.24,2026,1.41,978
barber,4.18,1661,1.26,681
barely,4.61,2360,1.16,2374
bargain,5.12,2382,1.05,4062
barley,5.30,1912,1.29,931
barrage,5.97,1615,1.11,787
barrel,4.61,1676,1.27,692
barren,5.55,1607,1.40,1337
barter,5.79,1841,1.03,1252
baseball,3.18,1505,0.89,736
basement,3.24,1848,1.12,1104
bashful,4.79,1847,1.19,1334
basic,4.12,1691,1.08,767
basil,5.39,3145,1.13,7183
basin,5.42,1866,1.24,1374
basis,5.06,1769,1.26,1017
basket,3.61,2043,1.08,1992
bastard,5.58,2123,1.16,1284
bathroom,2.64,3064,0.96,6109
baton,5.33,2309,1.39,3157
battle,4.21,2277,1.15,2129
batty,5.42,1676,1.46,907
bayou,6.15,2349,1.07,2703
bazaar,5.39,1985,1.19,1132
beacon,5.48,2155,1.43,1946
beanie,4.61,2473,1.46,2090
beatnik,6.12,1882,1.45,1308
beauty,3.64,1753,1.05,1529
beaver,3.18,1690,1.02,732
because,3.52,2128,1.16,1824
become,3.91,1507,1.09,761
bedlam,6.36,1614,0.84,797
bedroom,2.52,2082,0.87,1069
beetle,3.39,1688,1.02,572
befall,5.82,2011,1.19,1693
before,3.36,1432,0.88,717
beggar,4.67,2080,1.26,2827
begin,3.58,1595,0.86,832
behalf,5.30,1757,1.34,1720
behave,3.97,2459,1.67,2774
behind,3.70,2108,1.26,2088
behold,5.03,2317,1.28,2249
being,3.61,2367,1.02,2649
belief,4.15,2140,1.30,1860
believe,3.97,1922,1.09,1638
belly,2.73,1932,1.42,1585
belong,4.12,1686,1.05,737
below,3.64,1755,1.14,1418
beneath,4.64,1759,1.29,1074
benign,6.12,1596,1.18,1119
bequeath,6.33,1439,0.80,908
beret,5.36,6335,1.78,24723
berserk,5.79,1608,1.47,1174
beseech,6.15,1829,0.90,2378
beside,4.33,1561,1.37,898
bestow,5.88,1630,1.08,1140
betray,5.00,1648,1.17,769
better,3.48,2068,1.04,2206
between,3.61,2638,0.99,3969
beware,4.12,2119,1.02,1892
beyond,4.45,1963,1.21,1501
bias,5.94,1558,1.01,1114
bible,3.55,2292,1.29,1531
bigot,5.94,1697,1.16,1040
bimbo,5.61,1572,1.26,606
bingo,3.67,1540,1.07,860
birthday,2.30,2467,0.87,2049
biscuit,3.76,2167,1.01,2213
bistro,5.76,1795,1.22,1887
bitter,4.73,1886,1.31,1141
bizarre,5.15,2717,1.40,3221
bladder,4.45,2957,1.27,6908
blanket,2.91,1778,1.41,949
blatant,6.09,1647,1.02,1431
blazer,5.24,2941,1.27,4160
blemish,5.52,1670,1.09,993
blister,4.55,2114,1.26,1459
blizzard,4.12,2638,1.32,5704
blockade,5.79,2035,1.18,2572
blossom,4.45,1580,1.41,832
blubber,5.12,1903,1.30,956
boa,5.00,2057,1.69,1533
body,3.45,1571,1.39,828
bogus,5.18,1624,1.10,1175
bona,6.21,2108,0.98,2558
bondage,5.94,1811,1.07,1293
bonfire,4.55,1519,1.00,492
bonnet,4.91,1897,1.32,1138
bonsai,6.33,1650,0.95,1209
bonus,4.58,2335,1.05,1866
boogie,4.18,2442,1.15,2252
bookie,5.58,2425,1.34,3074
border,4.36,2542,1.16,2871
boring,3.48,1689,1.10,1231
borough,5.82,1582,1.08,1071
borrow,4.15,2019,1.14,1784
bosom,5.67,1742,1.17,1068
bother,4.03,2224,1.61,1553
bottle,2.88,1945,1.36,1200
bottom,3.21,2609,1.09,3952
boulder,4.67,1873,1.51,977
bounty,5.39,1339,1.13,592
bouquet,5.03,1955,1.26,1284
bourbon,6.45,1782,0.65,1149
boutique,5.33,2417,1.14,2124
bowel,5.33,2130,1.52,1913
boxer,4.39,1968,1.16,1289
boycott,5.36,1636,1.08,644
bozo,4.97,1754,1.56,1042
bracelet,3.33,1873,0.84,1975
bracket,5.03,2449,1.18,2110
brandy,5.85,2612,1.28,3380
brassiere,6.30,1701,0.95,870
breakfast,2.58,2026,1.26,1117
brigade,5.91,1573,0.96,1105
brisket,5.73,2197,1.12,2339
brittle,5.18,1704,1.26,667
brochure,5.12,1804,1.22,1376
broker,5.73,2117,1.17,2416
brothel,6.06,1808,0.98,2552
brother,2.61,2167,1.45,1938
brunette,4.42,1717,1.24,1014
brutal,5.12,2515,0.96,2701
bubble,3.06,1840,1.17,1065
bucket,3.24,1951,1.12,996
buckle,4.12,3133,1.22,3908
buddy,3.21,2123,1.15,1533
budget,5.30,2130,1.14,1677
buffer,5.27,1940,1.29,1649
buffet,4.24,1943,1.07,2300
buffoon,5.82,1732,0.98,976
buggy,4.73,2637,1.54,3251
bugle,5.52,2102,1.12,1881
building,3.61,2151,0.96,1472
bullet,4.27,2267,1.16,1782
bully,4.12,2405,1.08,1862
bummer,4.21,2340,1.18,1719
bundle,4.55,2169,1.06,2412
bungee,5.06,1908,1.16,1506
bunion,5.94,1638,1.07,1367
bunker,5.61,1656,1.13,1086
buoy,5.58,1782,1.34,1912
burden,5.48,1964,1.18,1714
bureau,5.91,1632,1.09,865
burger,3.21,1848,1.15,1324
burglar,4.42,1872,1.29,1464
burlesque,6.36,2147,0.91,3038
burro,5.64,1771,1.18,1430
burrow,4.97,2072,1.16,1542
bushel,5.79,1490,1.15,866
business,4.67,2098,1.15,1382
bustle,5.70,2050,1.18,2292
busy,3.30,1945,1.10,1415
butcher,4.82,1560,1.15,728
butler,4.85,1824,1.11,1220
butter,3.21,2318,0.74,2937
button,3.39,2457,1.30,1927
buzzard,4.88,2242,1.28,1942
bypass,5.82,1758,1.24,837
cabbage,4.09,1840,1.43,834
cabin,4.12,2112,0.98,1825
cable,4.30,1998,1.11,1060
caboose,4.82,2736,1.38,3838
cactus,4.03,2377,1.14,1981
caddie,5.58,1980,1.44,1622
caddy,5.33,1726,1.34,859
cadet,5.42,1647,1.34,821
cafe,4.33,2370,1.11,2210
caffeine,4.73,1974,1.26,1276
callous,5.79,1549,1.23,857
camel,3.61,2322,1.05,2156
campaign,4.97,1804,1.16,1067
campus,5.18,2418,1.12,2883
canal,5.21,2367,1.29,3597
cancel,4.21,1818,1.04,1588
cancer,4.64,2019,1.04,1547
candid,5.61,2392,1.13,3128
candle,3.55,2070,0.97,1787
candor,5.91,2539,1.12,3961
candy,2.58,2263,1.12,2145
canine,5.12,2522,1.35,2182
cannon,4.79,1965,1.11,1183
cannot,3.58,2993,1.33,6327
canoe,4.00,1872,0.91,1533
canon,4.82,1988,0.97,2395
canteen,5.27,1811,1.22,1205
canvas,5.06,1732,1.16,988
canvass,5.30,2388,1.11,3097
caper,5.97,1541,0.95,1059
capsule,4.97,1723,1.24,914
captain,3.67,2114,0.87,1671
captive,5.15,1911,1.03,1197
capture,4.73,1657,1.16,1156
carbon,5.48,1596,1.21,593
carcass,5.58,1625,1.08,1116
career,4.97,1932,1.18,1260
caress,5.48,2024,1.04,2210
cargo,5.18,1935,1.10,1711
carnage,5.94,1995,1.16,2123
carnal,5.91,3592,1.17,5518
carol,4.48,1932,1.60,1214
carpet,3.45,1900,1.29,1135
carriage,4.61,2802,1.34,3879
carrot,2.76,2054,0.81,1369
carry,3.55,2261,1.07,1958
cartel,5.88,1794,1.37,1457
carton,3.94,2193,1.32,2635
cartoon,2.67,1949,0.98,1096
cartridge,5.73,2077,1.25,1458
cascade,5.33,2158,1.30,1929
cashier,4.09,1792,1.18,866
cashmere,5.73,2013,1.17,1650
casket,4.85,2049,1.24,1459
cassette,4.76,2120,1.47,1443
castle,3.18,1895,0.85,1167
castrate,6.24,1845,1.01,1284
cattle,3.82,2049,1.08,1258
caution,4.24,2315,1.16,4755
cautious,4.85,1523,1.05,729
cavern,5.42,2686,1.43,4157
cayenne,6.00,2039,1.12,2656
cedar,4.79,1605,1.24,1070
ceiling,3.76,2086,1.18,1443
celeste,5.91,1841,1.17,1178
cellar,5.03,2762,1.28,2609
cello,5.24,2091,1.43,1776
cement,4.27,1852,1.07,1653
censor,5.33,1917,1.11,1379
census,5.79,1740,1.15,1561
center,3.64,2221,1.05,2523
central,4.61,2388,1.02,2003
certain,4.58,1984,1.11,1379
chalice,5.91,1420,1.28,840
challenge,4.58,1766,1.20,1467
chamber,4.97,2098,1.34,2025
channel,4.03,2065,1.02,1517
chapel,4.48,1800,1.52,1036
chaplain,6.00,4267,1.20,14048
chapter,3.88,1538,1.14,633
charade,5.70,1886,1.01,1546
charcoal,4.94,5683,1.06,19387
charter,5.48,2563,1.15,2760
chartreuse,6.06,1660,1.11,1022
chassis,6.12,1642,1.03,1413
chateau,6.15,2140,0.97,2537
chauffeur,5.61,2140,1.18,2281
cheddar,3.88,1912,1.16,1042
cheetah,3.33,1860,0.95,1388
cherish,5.06,1450,1.34,1274
cherry,3.09,1702,0.74,1215
cherub,5.91,1953,1.17,2550
chicken,2.70,1733,1.24,1097
children,3.42,1514,1.34,706
chili,3.42,1956,0.98,1071
chilli,3.64,2288,1.14,1708
chimney,3.79,1873,1.15,1305
chisel,5.58,1664,1.22,818
chlorine,5.03,1757,1.26,942
chorus,4.61,2506,1.02,2248
christmas,2.36,2255,0.98,1392
chronic,5.67,1596,1.11,1630
chuckle,4.45,2129,1.16,3035
cider,4.48,1683,1.24,1239
cigar,4.88,1877,1.12,1163
cinder,5.70,2686,1.36,4360
cipher,6.30,1333,0.98,553
circa,6.21,1798,0.95,2032
circle,3.24,2069,1.31,1561
circuit,5.39,3351,1.11,7988
circus,3.30,1796,0.95,1175
city,3.39,1773,0.92,1120
civic,5.55,1984,1.22,1678
civil,4.94,2042,1.40,2175
classic,4.85,1971,0.98,1313
clatter,5.24,1760,1.10,1150
clearance,4.88,1686,1.12,1030
cleavage,5.67,2058,1.17,1436
clergy,5.42,2159,1.54,2534
cleric,6.06,1541,1.08,856
clever,4.64,2532,0.97,3739
cliche,5.85,1672,1.12,1177
client,5.39,1748,1.13,1462
climate,4.70,2135,1.25,1749
climax,5.36,1770,1.19,877
clingy,4.97,1737,1.26,1033
clinic,4.82,1797,1.23,1594
closet,3.36,1793,1.05,1081
closure,5.39,2282,1.11,2422
clover,4.06,3295,1.18,5931
clumsy,4.39,1920,1.19,1391
cluster,4.91,2550,1.24,3460
clutter,4.61,1686,1.11,1393
coaster,4.91,2569,1.32,2611
cobalt,5.82,1759,1.11,1207
cobbler,4.97,2226,1.41,2850
cobra,4.18,2547,1.49,2653
cocaine,5.94,2203,0.91,1998
cocktail,5.91,1734,0.89,851
cocky,5.24,2101,1.19,1415
cocoa,4.00,2117,1.39,1237
cocoon,4.21,2064,1.29,944
coed,5.33,1775,1.11,851
coffee,3.91,2041,1.00,2150
coffin,4.21,1718,0.97,750
cola,3.67,1767,1.24,1023
collage,5.12,1948,1.25,1212
collapse,4.94,3043,0.89,4627
collar,4.48,3347,1.18,6851
collect,4.33,1825,1.22,1661
college,4.94,2400,1.06,1875
collide,4.94,2445,1.17,2733
cologne,5.09,1629,1.16,705
colon,5.58,2336,1.19,2048
color,2.61,2161,1.20,1807
column,4.91,1803,1.19,1043
coma,4.88,1799,1.31,913
combat,5.03,1546,1.12,1291
combine,4.67,2059,1.06,1306
comet,4.85,1650,1.22,872
comfort,4.15,1894,1.33,810
comic,4.03,1992,1.27,2029
coming,3.64,1709,1.14,1475
comma,4.61,3040,1.32,5826
command,4.55,2041,1.35,1633
commence,5.39,2393,1.39,3255
commend,5.30,1730,1.32,1516
comment,4.61,1837,1.11,1182
commerce,5.58,2078,1.24,2807
commit,5.00,1979,1.05,1570
common,4.55,2343,1.23,1739
commune,5.76,1663,1.13,978
commute,5.45,2208,1.01,3683
compact,5.00,2795,1.05,3953
compare,4.61,2307,1.16,2372
compass,4.67,2061,0.97,2511
compel,5.45,1381,1.26,928
compete,4.67,2364,1.06,2235
compile,5.42,1473,1.04,681
complain,3.88,2405,1.05,2448
complaint,4.88,1974,1.09,1510
complete,4.03,2054,1.08,1210
complex,5.33,1569,1.11,872
comply,5.70,1808,1.13,1440
compose,5.21,1828,1.13,1376
compost,5.42,1520,1.19,772
compound,5.45,1466,1.13,1039
compress,5.30,2300,1.19,1692
compute,5.48,1794,1.33,1227
conceal,5.39,2293,1.16,2435
concede,5.73,1859,0.96,1184
conceive,5.15,1991,1.40,1527
concept,5.18,1709,1.18,1364
concern,5.03,2218,1.00,1885
concert,4.12,2039,0.88,1418
conclude,5.03,1689,1.03,1280
concrete,4.30,2110,1.05,1083
concur,5.70,1761,1.24,1182
condemn,5.70,2099,1.24,1077
condo,5.24,2129,1.01,1832
condom,6.30,1783,0.76,1110
condone,6.00,1519,1.00,715
condor,6.21,2200,0.84,3953
conduct,5.24,2255,0.98,2242
confer,6.00,1511,1.23,1143
confess,4.45,1978,1.13,1992
confide,5.48,3846,1.10,7547
confine,5.67,1853,1.11,994
confirm,5.15,2802,1.09,7131
conflict,4.79,2677,1.08,5875
conform,5.39,1777,1.27,1066
confound,5.97,1861,1.05,1869
confront,5.00,2113,1.08,1248
confuse,4.55,2337,1.18,2471
conga,5.42,1885,1.46,1440
congress,5.52,1762,1.12,1245
conjure,5.91,1690,1.23,1648
connect,4.03,2140,1.02,2596
conquer,5.03,1699,1.28,1206
conquest,5.36,1740,1.27,1182
conscience,5.64,2414,1.15,1887
consent,5.18,1651,1.12,952
conserve,5.45,2427,1.01,2171
console,5.42,1759,1.24,1660
consort,5.76,1852,1.24,1959
conspire,5.97,1938,1.02,1612
constant,5.30,1907,1.24,1808
construct,4.97,2234,1.07,1852
consul,5.91,2078,1.06,1696
consult,5.48,2055,1.15,2523
consume,5.06,2186,1.13,2180
contact,4.42,1837,1.22,1095
contain,4.79,1887,1.08,1549
contempt,6.03,1904,0.91,2084
contend,5.70,2134,1.21,1982
content,4.97,2260,1.31,3089
contest,4.06,1890,1.03,1440
context,5.27,1476,1.05,890
contract,5.21,1698,1.07,917
contraire,6.03,1808,1.04,1531
contrast,4.97,2186,1.13,2409
control,4.30,1997,1.05,1426
convene,6.00,2077,1.15,2004
convent,5.52,1871,1.28,2199
converge,5.76,1894,1.16,1744
converse,5.55,1740,1.05,1000
convert,5.52,2410,0.97,2243
convey,5.67,2787,0.99,2700
convict,5.58,1774,1.14,1264
convince,5.12,2744,1.02,3863
convoy,5.88,1847,1.13,1750
cookie,2.55,2380,1.21,3551
coolant,5.88,1602,1.24,646
copper,4.82,2101,1.20,3106
copy,3.97,1490,1.06,863
coral,4.52,1932,1.18,1332
cordial,5.91,2435,1.15,2775
cordon,5.85,1903,1.23,1304
corpus,6.03,1869,1.16,1787
corral,5.09,2612,1.37,2807
correct,4.00,1815,1.16,1301
corrupt,5.45,2105,0.98,1838
corsage,5.94,2096,1.18,1906
corset,5.67,1569,1.05,1087
cortex,5.88,1755,1.05,1017
cosmic,5.18,1777,1.23,1157
cosmos,5.76,1791,1.22,1583
costume,3.33,1942,0.98,1666
cosy,4.91,2573,1.68,2367
cottage,4.70,1723,1.22,1454
cotton,3.85,2388,1.09,1486
cougar,3.88,1708,1.16,774
council,5.18,2376,1.31,2264
counsel,5.27,2203,1.29,2155
countess,5.58,2773,1.34,4890
country,3.88,1764,1.34,993
county,4.39,2307,1.37,1463
couple,3.94,2179,1.39,2762
coupon,4.30,1946,1.05,1650
courage,4.52,1939,1.26,1919
cousin,3.58,2078,1.06,1517
coven,5.88,1645,1.24,1411
cover,4.09,2252,1.07,1302
covert,5.27,1774,1.24,826
covet,5.88,1630,1.22,1619
coward,4.76,2123,1.25,1962
cozy,4.03,2086,1.22,1642
crackle,4.30,1898,1.41,1364
cradle,4.06,1635,1.33,1017
crater,5.09,2069,1.22,1648
crazy,3.64,2002,1.14,1619
create,4.06,1569,0.97,1113
creature,4.03,2067,1.02,3195
credit,5.21,2148,1.13,1801
credo,6.18,1781,1.01,1106
crescent,5.36,3381,1.08,5737
cretin,6.15,1562,1.04,752
cricket,3.42,1707,1.22,1053
crimson,5.91,2206,1.23,2148
cripple,4.85,2133,1.22,1482
crisis,5.09,2308,0.98,2367
critic,5.64,2416,1.12,2753
critter,3.82,1679,1.05,919
crooked,4.79,2006,1.39,1410
croquet,5.70,1639,1.39,904
crucial,5.30,1989,1.14,2135
crumble,4.06,2056,1.26,2098
crusade,5.64,1524,1.09,980
cryptic,5.97,2258,1.02,4484
crystal,4.52,2642,1.10,2545
cubic,5.30,1924,0.98,1122
cuckoo,4.79,1918,1.54,1630
cuddle,3.73,1904,1.39,1403
cuisine,5.36,1974,0.98,1005
culprit,5.73,1507,1.20,1080
culture,5.09,1995,1.14,3320
cunning,5.79,1709,1.03,1203
curfew,4.94,2655,1.03,2692
current,4.61,1990,1.02,1418
curry,5.55,2311,1.59,3274
curtain,3.94,2117,1.24,2079
curtsy,5.03,1933,1.23,1122
cushion,4.30,1691,1.27,937
custard,4.67,2026,1.20,1659
custom,5.06,3465,1.13,6907
cycle,4.15,2362,1.37,3489
cynic,5.88,1140,1.34,403
dabble,5.30,1759,1.48,1090
daddy,2.09,1869,1.48,1282
dagger,5.15,2045,1.06,2083
dainty,5.36,2110,1.34,1654
dairy,3.97,1931,1.00,930
daisy,3.76,1829,0.94,913
damage,4.42,1713,0.88,978
damsel,5.33,2027,1.41,1718
dandruff,5.09,1913,1.24,993
dandy,4.33,1862,1.16,1260
danger,3.67,2732,1.16,2823
dangle,4.73,2202,1.10,1811
dapper,5.88,1586,1.08,900
darling,4.18,2236,1.47,1574
data,5.15,2080,1.12,3026
daughter,3.36,2286,1.19,1880
dawdle,5.70,1590,1.24,982
dazzle,4.70,2363,1.35,3163
deacon,5.70,1816,1.36,1643
deadline,5.03,2365,0.97,2001
dealer,5.12,2890,1.20,3899
debate,5.21,2432,1.04,2536
debris,5.70,1477,0.98,718
debut,5.36,2059,1.19,1759
decade,5.09,2296,1.11,2169
decaf,5.27,2315,1.32,2089
decay,5.18,2154,1.18,2089
deceit,5.55,2266,1.37,2166
deceive,5.45,2428,1.16,4066
decent,5.30,2116,1.22,1695
decide,4.15,2844,1.08,3959
declare,5.21,2141,1.29,2226
decline,5.03,1872,1.15,1454
decor,5.52,1734,1.26,1070
decoy,5.39,1949,1.22,1592
decrease,4.64,1653,1.21,724
decree,5.88,1619,1.29,866
deduce,5.79,1967,1.26,1859
deduct,5.58,1653,1.14,1123
default,5.24,2363,1.07,2762
defeat,4.64,1977,1.04,1591
defect,5.12,1668,1.22,1058
defence,5.03,1972,1.42,1363
defend,4.97,1837,1.07,1285
defense,4.61,1569,1.08,1047
defer,5.61,1691,1.04,1052
define,4.70,1999,1.05,2044
deflect,5.58,1756,1.14,983
defuse,5.79,2273,1.20,2764
defy,5.61,1827,1.16,1602
degrade,5.42,1614,1.04,817
degree,4.88,2744,1.09,3595
delay,4.70,1690,1.02,1161
delete,4.36,2069,1.19,1292
delight,4.42,2567,1.11,4052
deluxe,4.85,2075,1.27,1482
demand,4.67,1715,1.06,1041
demise,5.79,1502,1.12,1092
demon,4.36,1978,1.27,1093
denim,4.52,1787,1.21,1119
denounce,5.91,1566,1.06,1226
dental,4.27,1742,1.07,1154
dentist,3.39,2303,1.30,1573
depart,4.82,3047,1.28,8243
depict,5.73,2075,1.15,2212
deploy,5.79,1539,1.00,996
deport,5.79,2634,1.00,2704
depot,5.48,1875,1.10,1403
depress,5.45,1990,1.04,1495
deprive,5.45,2359,0.98,2439
derby,5.30,2355,1.27,2525
derive,5.97,2229,1.27,2680
descend,5.33,1820,1.14,1334
descent,5.24,2152,1.10,1742
describe,4.45,1743,1.16,993
desert,3.73,2207,1.19,1310
deserve,4.52,2375,1.10,1584
design,4.58,1679,1.05,958
desire,5.06,1876,1.18,1529
desist,5.82,1708,1.30,1482
despair,5.27,1686,1.16,1033
despise,5.48,2095,1.00,1952
despite,5.09,1608,1.19,1125
dessert,3.45,1954,1.24,1013
destroy,4.27,2601,1.16,2189
destruct,5.21,2315,1.43,2062
detach,5.24,3030,1.10,5917
detail,4.64,2214,1.18,1941
detain,5.55,1478,1.14,609
detect,4.82,2072,1.06,2532
detest,5.76,1833,1.13,1188
detour,5.21,1815,0.94,1374
detox,6.09,1758,1.05,2187
device,5.00,2444,1.02,2879
devil,3.64,2116,1.32,2435
devise,5.58,1716,1.08,1075
devoid,6.00,1622,1.06,1338
devote,5.42,2110,1.21,2244
devour,5.27,1840,1.16,1357
devout,5.42,1633,1.34,1071
diaper,2.82,2583,1.30,2166
dictate,5.85,1614,0.90,973
diesel,5.12,2086,1.08,2025
diet,4.76,2067,1.12,1713
differ,4.88,1632,1.00,911
diffuse,5.94,2223,0.91,2161
digest,4.79,1890,1.32,1392
digit,4.30,1759,1.22,1066
dildo,6.15,2812,1.33,2225
diner,3.85,2092,0.97,1068
dinghy,6.09,1640,1.20,990
dinky,4.61,2394,1.24,2791
dinner,3.00,2284,1.20,2099
direct,4.88,1823,0.97,1281
dirty,3.45,1674,1.34,811
discard,5.18,2225,1.10,1994
disclose,5.52,1686,1.12,953
disco,4.73,2334,1.18,2344
discord,5.70,3118,1.21,4500
discount,4.91,1865,0.98,1277
discreet,5.52,1464,1.18,752
discuss,4.33,2241,1.02,2305
disdain,6.21,1706,1.01,1321
disease,4.39,1607,1.19,971
disgrace,5.03,1846,1.20,1683
disgust,5.03,1769,1.35,1151
dismal,5.70,1990,1.13,1276
dismiss,4.67,2282,1.09,1966
dispatch,5.73,1596,1.06,838
dispense,5.39,1971,1.11,2203
disperse,5.79,1956,0.97,1686
display,5.00,1863,0.99,1702
dispose,5.18,6727,1.33,25381
dispute,5.48,1949,1.04,1702
disrupt,5.03,1751,1.28,839
dissect,5.55,3355,0.92,5799
dissent,5.94,2257,1.13,3400
dissolve,5.00,2275,1.14,4021
dissuade,6.00,1738,1.00,1359
distant,4.73,3167,1.21,5264
distinct,5.42,3141,1.16,4720
distract,4.73,1700,0.87,1001
distress,5.30,1855,1.37,1950
district,5.36,1745,1.22,1162
disturb,4.88,1934,1.33,1659
ditto,4.94,1874,1.44,1417
ditty,5.82,2139,1.46,1591
diverse,5.48,3012,1.04,6033
divert,5.52,2357,1.23,3282
divide,4.42,2281,0.84,2031
divine,5.36,2529,1.39,3173
divorce,4.79,2032,1.27,1392
divulge,6.06,1504,1.08,899
dizzy,3.52,1831,1.01,1337
docile,5.97,1538,1.02,1369
docket,6.00,1433,1.26,726
doctor,3.06,2094,0.92,1750
doctrine,5.91,1849,1.09,1825
doing,3.27,2174,0.87,1709
dollar,3.24,2242,0.83,2735
dolphin,3.33,1927,1.16,1301
domain,5.52,1484,1.15,1075
donate,4.76,1403,1.12,533
donkey,3.03,1843,1.01,1020
donor,5.00,1872,1.05,1190
donut,2.97,2103,0.98,1526
doodle,4.00,1760,1.26,1059
doozy,5.15,1772,1.31,864
dormant,5.76,1625,1.08,1054
dorsal,6.03,1813,0.87,1124
dosage,5.70,2195,1.07,1991
double,3.88,1867,0.88,1514
doughnut,3.12,1924,1.24,1105
downtown,4.27,2086,0.95,1065
dowry,5.73,1288,1.33,496
dozen,4.06,1830,1.12,1318
dragon,3.15,2359,1.19,2241
drama,4.67,2243,1.15,1729
drastic,5.15,2166,1.31,1631
drawing,3.27,1859,1.41,1382
dreary,5.58,1481,1.11,761
dresser,3.85,2373,1.09,2133
dribble,4.24,2024,1.56,1358
drifter,5.73,1762,1.03,1471
drivel,5.94,1614,1.31,1080
drowsy,4.79,1973,1.24,1863
druthers,6.12,1720,1.09,1396
dryer,3.85,1926,1.12,1610
dual,5.00,1884,0.99,1616
duel,4.88,1749,1.15,1258
duffel,5.55,1883,1.11,2266
duly,5.97,1569,1.02,911
dummy,3.45,1797,1.29,845
dumpster,4.39,2097,1.14,1720
duress,6.06,2067,1.02,2442
during,4.12,2005,1.16,1825
duty,4.64,2290,1.18,3850
eager,4.88,2147,1.06,2555
eagle,3.30,1572,1.13,1069
early,3.36,2163,0.88,1728
earnest,5.70,1774,1.10,1281
earring,3.91,2050,1.36,1319
easy,3.39,1678,1.05,968
echo,4.21,1382,1.21,582
eclipse,5.36,2310,1.11,2766
edit,4.82,2147,0.93,3389
eerie,5.21,1596,1.36,857
effect,4.39,2119,1.14,1915
effort,4.64,1901,1.36,1344
either,3.88,1923,1.02,1626
eject,4.58,2180,1.17,1980
elbow,3.15,1771,1.19,1003
elect,5.09,1875,1.05,1030
elite,5.48,1720,1.15,1547
email,5.09,3268,1.16,5306
embark,5.58,1567,0.98,994
emblem,5.64,1290,1.20,514
embrace,5.12,1804,1.25,1024
emerge,5.39,1834,1.01,931
empire,4.94,2633,1.28,3358
employ,5.15,1860,1.20,1270
empty,3.42,1993,0.80,1585
encore,5.52,2074,1.18,2572
endorse,5.88,1930,1.11,2525
endure,5.18,1679,1.33,1017
enforce,5.03,1831,0.97,1165
engage,5.18,2179,1.15,1641
engine,4.00,1709,0.98,901
enhance,5.45,1869,1.13,1541
enjoy,3.94,1958,1.27,1677
enlist,5.55,2022,1.11,1582
enough,3.82,1434,1.29,560
enroll,4.91,1644,1.19,1342
ensign,6.15,1651,1.04,1227
ensure,5.52,1813,1.03,1530
enter,3.61,2033,1.11,1438
entice,5.76,1710,1.11,1135
entire,4.33,2147,0.92,2276
entrails,6.21,1522,1.07,1000
entrance,4.00,1604,0.98,782
entree,5.12,2221,1.17,2282
entry,4.58,1445,1.20,642
envoy,5.70,1895,1.16,1768
envy,5.88,1690,1.08,1332
enzyme,6.09,1658,1.17,1349
epic,5.42,1442,1.01,713
equal,4.09,1694,1.07,953
era,5.58,1901,1.14,1843
erase,3.39,2261,1.02,2285
erect,5.94,1894,1.04,1077
ergo,6.03,1462,1.13,885
ermine,6.24,1511,1.13,832
errand,4.64,1695,1.16,1052
error,4.55,1858,1.12,1890
escape,4.48,1481,1.29,790
escort,5.36,1977,1.05,1811
escrow,6.27,1276,0.98,537
essay,4.79,1452,0.98,492
essence,5.76,1759,0.98,1340
estate,5.30,1486,1.19,1180
esteem,5.30,2131,1.27,1719
ether,5.85,2093,1.26,2053
ethic,5.39,1554,1.29,973
ethics,5.70,2008,0.98,2009
ethnic,5.27,2484,1.13,3037
evade,5.67,2258,1.17,2206
even,3.73,1683,1.14,923
ever,3.36,2917,0.88,5964
every,3.45,2770,0.88,4493
evict,5.76,2131,1.01,1563
evolve,5.30,1436,0.95,603
exam,4.76,2024,1.25,1181
exceed,5.09,1822,1.11,1742
excel,5.24,1921,1.07,1766
except,4.61,2221,1.30,1456
excess,5.27,2006,1.11,1414
exchange,4.97,1936,0.94,1140
excite,4.03,1830,1.37,901
exclude,5.00,3126,1.17,4387
excuse,3.91,2142,1.00,1553
exempt,5.58,1843,1.16,1498
exert,5.58,1816,1.16,1917
exhale,4.48,1948,1.21,1245
exhaust,5.21,2105,1.16,2056
exile,5.70,1605,1.10,1209
exist,4.39,3458,1.11,10066
exit,3.33,2042,0.98,1266
expand,4.79,2147,1.11,1577
expect,4.61,1686,1.02,1339
expel,5.39,1795,1.22,874
expense,4.94,2525,1.20,2026
expert,4.79,1602,1.16,693
expire,4.70,1989,1.30,1835
explain,4.33,2069,1.27,1828
explode,4.64,1524,1.34,807
exploit,5.94,1558,1.01,1089
explore,4.03,3579,1.27,3544
export,5.48,1587,1.07,1111
expose,5.03,2022,1.12,2443
express,4.73,2292,1.13,3597
extend,4.85,2125,1.16,1750
extent,5.30,2336,1.11,2268
extinct,4.67,1774,1.03,1438
extort,5.85,1408,1.23,933
extra,4.12,1364,1.19,618
extract,5.21,2397,1.18,2532
extreme,4.39,1692,0.88,1012
fabric,4.27,1981,1.01,2563
facade,6.18,1648,0.83,1099
facial,4.94,1797,1.23,1164
faction,5.85,2532,1.18,1746
factor,4.64,2143,1.13,2113
failure,4.58,1857,1.11,1010
fairy,2.76,1849,1.14,746
falcon,4.52,2324,1.47,2140
fallow,5.85,1568,1.23,919
famine,5.36,1780,1.08,1696
famous,3.76,3060,1.04,6068
fancy,4.09,2398,1.36,2884
fanfare,5.82,1428,1.14,806
farewell,5.00,1705,1.35,1121
farmer,3.21,1956,1.18,1565
farther,4.33,2253,1.24,1623
fashion,4.33,1604,0.98,865
fatal,5.21,1710,1.07,840
father,2.48,2084,1.19,1071
fathom,5.94,1535,1.31,735
fatigue,5.30,2112,1.16,1729
faucet,4.33,1590,1.34,626
fauna,6.03,1304,1.21,670
favor,4.15,2020,1.22,1612
feather,3.30,1906,1.01,1222
feature,4.79,1941,1.22,1519
fecal,5.91,1628,1.12,1313
feces,5.64,1916,1.31,974
feeble,5.64,2509,1.28,5870
feeling,3.61,1619,1.17,648
feline,5.12,2528,1.40,4442
fellow,4.82,2298,1.20,2042
felon,5.48,1711,1.10,782
female,3.58,2114,1.15,1563
femme,6.09,1335,0.96,610
femur,5.88,1766,1.11,1347
fender,5.55,2113,1.22,2098
fennel,6.06,1403,1.14,673
ferret,4.70,1677,1.59,939
ferry,4.64,2440,1.43,2353
fertile,5.58,2198,1.14,2621
fester,5.70,1763,1.24,1347
festive,4.82,2045,1.40,1327
fetal,5.55,1844,1.20,1266
fetish,5.76,1978,1.01,2080
fetus,5.48,2190,1.21,1455
fever,3.73,1918,0.95,1294
fiber,5.24,2046,1.24,1676
fibre,6.18,1762,1.13,1324
fickle,5.58,1852,1.19,1076
fiction,4.24,2202,0.98,2592
fiddle,4.64,2134,1.29,2362
figment,5.94,1881,1.10,1232
figure,4.30,3391,1.34,8125
final,4.15,1860,1.02,1083
finance,5.30,1508,1.14,649
finesse,6.00,1845,1.15,964
finger,2.76,2592,0.92,2098
finish,3.70,2033,1.06,2263
finite,5.91,1777,1.00,1429
fiscal,6.06,2077,0.84,2693
fitness,4.64,2030,1.07,1224
fixture,4.94,1506,1.20,1088
flagrant,5.88,2029,1.22,1878
flannel,4.64,1973,1.45,1828
flavor,3.76,1870,1.24,1199
flier,5.12,2986,1.20,3330
flimsy,5.12,1731,1.14,1150
floozy,5.94,1863,1.29,1332
flourish,5.45,2112,1.18,1785
flower,2.88,1711,1.06,1003
fluent,5.58,2109,1.08,1941
fluid,4.06,2279,1.28,2407
flutter,5.09,2450,1.22,2385
flyer,4.61,1796,1.41,1030
focus,4.58,1819,1.30,1771
folder,3.82,1873,1.24,1312
follow,3.76,1776,1.16,1418
folly,5.64,2722,1.40,3360
fondue,5.91,1553,1.00,911
footage,5.03,2254,1.23,2710
football,3.21,1632,0.78,632
forbid,4.94,2043,1.35,2464
forego,6.15,1930,0.90,1356
forehead,3.36,2166,0.80,1147
foreign,4.97,1499,1.10,865
forest,3.61,1432,0.92,476
forfeit,5.15,1963,1.03,1333
forget,3.67,1891,0.87,1345
forgive,3.73,1953,1.02,1536
forgot,3.88,2064,0.95,1697
formal,4.97,1919,1.31,1813
format,5.33,2052,1.24,1367
former,5.24,1834,1.16,1219
forsake,5.82,2049,1.19,2263
forte,6.21,1854,0.87,2679
fortress,5.24,2281,1.19,2286
fortune,4.85,1706,1.30,1166
forum,5.91,1936,1.06,1342
forward,4.21,1816,0.97,1187
fossil,4.36,1670,1.02,954
fountain,3.85,2688,1.00,4123
foyer,5.82,3287,1.19,10869
fraction,4.85,2903,1.16,3009
fracture,4.82,1898,1.03,1812
fragile,4.61,2608,1.11,2861
fragment,5.36,1951,0.88,1569
frantic,5.39,1784,1.05,1039
freckle,3.82,1685,1.11,944
freebie,4.61,2012,1.37,1063
freedom,4.33,1609,1.16,1129
frenzy,5.64,1813,1.03,1294
friction,4.94,2605,1.25,2329
friendship,3.64,1819,1.02,889
frigid,5.30,1920,1.22,1607
frisky,5.45,1637,1.34,1171
frolic,5.42,1937,1.21,2019
frontier,4.91,2151,0.95,1726
frozen,3.27,1847,0.98,1211
fulfill,5.30,1831,1.14,1035
fumble,4.76,1473,1.33,881
function,5.24,2007,1.27,1699
fungus,5.09,1472,1.19,594
funnel,4.58,2582,1.33,2924
funny,3.06,1735,0.95,748
furlough,6.36,1492,0.95,1006
furnace,5.03,1950,1.06,1120
furnish,5.27,1733,1.13,1357
further,4.55,1599,1.12,842
fury,4.70,1741,1.48,934
fusion,5.94,2477,0.87,2228
futile,5.79,1562,0.93,759
futon,5.70,2075,1.16,1414
future,4.30,1743,1.08,952
gable,5.82,1885,1.24,1697
gadget,4.58,2234,1.14,2001
gala,5.88,1328,1.39,621
gallant,5.91,1588,1.03,1013
galley,5.88,2337,1.22,2463
gallon,4.24,2073,1.16,2254
gallop,4.33,2533,1.22,2127
gallows,5.91,1476,1.20,1017
galore,5.36,1653,1.14,895
gamble,5.18,1622,1.07,1228
gander,6.03,1572,0.97,1085
gangrene,6.27,1736,1.02,1365
gangster,5.09,1928,1.16,1249
garage,3.55,1815,1.12,1193
garbage,3.61,1595,0.96,718
garden,3.45,1879,0.80,1023
gargle,4.52,2677,1.18,2250
garland,5.61,1680,1.21,1742
garlic,4.12,2176,1.22,2762
garment,5.12,3135,1.05,5473
garnish,5.55,2173,1.14,2188
garter,5.82,2688,0.88,3988
gasket,5.94,2042,1.18,1541
gather,4.09,1959,0.94,1631
gator,3.97,1858,1.42,1046
gauntlet,5.79,1743,1.09,987
gavel,5.79,1793,1.43,1339
gazelle,5.06,1666,1.41,899
gazette,5.45,1823,1.18,1389
geezer,5.42,1508,1.36,792
gender,4.48,1558,1.13,588
genie,4.15,2332,1.51,2349
genius,4.39,1439,1.11,709
genome,6.33,1655,0.98,849
genre,5.42,2833,1.19,5412
genteel,6.03,2716,1.13,3292
gentile,5.09,2241,1.39,1876
gentle,3.82,2955,1.22,5169
gentry,6.06,1616,1.27,1228
gerbil,4.30,2091,1.32,2015
gesture,5.06,1739,1.18,1267
getting,3.30,1968,1.01,1666
ghetto,5.45,1693,0.87,763
giddy,5.24,1884,1.39,1427
giggle,3.30,1705,1.10,800
gimmick,5.76,5013,1.13,18810
ginger,4.67,2372,1.09,1898
giraffe,3.00,1699,1.00,841
girdle,5.91,1696,0.93,1462
gizmo,5.64,1920,1.42,2897
glacier,4.70,1774,1.11,720
glamour,4.67,2068,1.09,1588
glimmer,5.09,1890,1.24,1819
glitter,3.58,1832,1.23,967
glory,4.55,2268,1.12,2091
glucose,6.12,1714,0.97,903
glutton,5.91,1761,1.20,1190
gnarly,5.39,2504,1.24,4645
goalie,4.39,2142,1.22,1392
goatee,5.70,1664,1.07,802
gobble,4.06,1788,1.47,827
goblin,4.30,1945,1.44,1281
goddess,5.03,2256,1.33,2210
goggle,4.67,2654,1.03,1624
going,3.24,1786,1.10,1293
golly,4.91,2174,1.61,1868
gonna,3.55,2337,1.47,1696
gopher,4.42,1999,1.56,1343
gorgeous,4.39,5897,1.34,22152
gospel,4.55,2705,1.49,2923
gossip,4.88,1659,1.03,1146
goulash,5.36,1887,1.39,1183
gourmet,5.36,1716,1.22,1128
govern,5.27,1512,1.16,889
grammar,4.36,2085,1.08,1626
grandeur,5.76,2143,1.32,2683
granite,5.55,2030,1.11,2510
graphic,5.15,2642,1.00,4254
grateful,4.55,2244,1.28,2613
gravel,4.27,2521,1.46,1925
gravy,3.61,2031,1.11,1534
grievance,5.76,1508,1.08,1200
grievous,6.03,1678,0.94,1022
grisly,5.48,1913,1.45,1665
grizzly,3.82,1891,1.05,1160
groggy,5.39,1924,1.22,1258
groovy,4.76,2383,1.35,2631
grotesque,6.12,1767,0.93,1772
grotto,6.12,1694,1.12,1499
grovel,5.67,1567,1.27,1244
guidance,5.00,2077,0.99,2024
guitar,3.97,2072,1.12,1515
gully,5.73,1428,1.23,704
gumbo,5.24,1735,1.43,1033
gurney,5.67,1731,1.27,1063
guru,5.85,1795,1.03,1447
gusto,5.94,1705,1.10,1367
gutter,4.42,1669,1.24,1248
gymnast,4.45,1799,1.24,988
gypsy,5.39,1791,1.24,785
habit,4.61,1817,1.24,1236
haggard,5.91,2316,1.15,2821
haggle,5.55,1571,1.37,1173
hairdo,4.30,1857,1.34,859
hallway,3.67,2035,1.24,947
halo,4.82,1893,1.60,1118
hammer,3.91,1883,1.18,1348
hammock,4.79,1896,1.13,1811
hamper,4.45,2890,1.39,4579
hamster,3.39,1931,1.16,1889
handle,3.94,2172,1.24,1829
handy,4.70,2067,1.32,1777
hangar,5.55,1752,1.49,938
hanger,4.15,2197,1.33,1479
hanky,5.12,1455,1.69,715
happen,3.70,4536,1.12,12965
happy,2.85,1752,1.19,1414
harass,5.33,1896,1.14,1474
harbor,5.09,1557,0.95,681
hardy,5.64,2124,1.26,1767
harem,6.06,1741,1.14,1180
harlot,6.33,2067,0.80,1907
harness,5.00,3065,1.25,2964
harpoon,5.61,1689,1.26,1217
harvest,4.52,1888,1.15,1405
hassle,5.06,2086,0.97,2057
hatchet,5.27,2280,1.11,2862
haven,5.70,1706,1.41,884
havoc,5.88,1545,1.13,1151
hazard,4.85,1730,1.19,1261
hazel,4.97,1775,1.29,1247
heathen,6.03,1989,1.13,1309
heaven,3.45,1883,1.27,1039
heavy,3.85,1537,1.45,772
hectic,5.39,2949,1.16,2256
heifer,5.76,1631,1.29,1183
heinous,6.09,1542,1.05,1038
heiress,5.82,1757,1.08,1163
heirloom,5.79,1322,1.18,684
hello,2.24,2121,1.18,1565
helmet,3.36,2024,0.80,1544
hemlock,6.12,2021,1.18,3044
herald,5.45,2513,1.29,3001
heresy,5.61,1592,1.39,933
hermit,4.91,1712,1.46,1123
herpes,6.24,1577,0.72,658
herring,5.88,1908,1.19,1715
hiccup,3.76,1486,1.48,720
hickey,5.67,2215,1.08,1530
hijack,5.70,1634,1.04,823
hippie,4.91,1798,1.37,1040
hippo,3.21,1922,1.26,1398
hippy,4.73,1968,1.18,1554
hither,5.73,1839,1.28,1153
hobby,4.73,1940,1.21,1450
hobo,4.61,1774,1.08,1162
hockey,4.09,1679,1.18,821
hokey,5.27,2537,1.66,3047
holler,4.64,1984,1.60,1322
holster,5.12,2345,1.40,3138
holy,3.85,1736,1.12,1160
homage,5.94,2137,1.29,3472
homely,5.18,1696,1.33,1077
honest,3.82,1826,1.11,1885
honey,3.21,2283,1.03,2375
honor,4.79,2358,1.29,2384
hoodlum,5.64,2247,1.15,1758
hooky,5.36,2198,1.37,1546
hoopla,5.73,2715,1.28,3804
hooray,3.52,2089,1.29,1578
hormone,5.76,1694,0.88,890
hornet,4.27,1671,1.58,764
horrid,5.30,1754,1.19,1136
horror,4.15,1714,0.89,906
hostage,5.06,2528,1.13,2313
hostel,5.58,1389,1.22,624
hostess,5.48,2281,1.00,2533
hostile,5.45,1441,1.07,757
hotel,3.73,1889,1.11,1287
hover,5.48,2276,1.15,2736
huddle,4.70,2386,1.14,2716
hula,4.76,2270,1.47,1579
human,3.67,1915,1.26,1068
humane,5.52,3036,1.09,5122
humble,5.09,1793,1.05,1346
humbug,5.09,2845,1.48,5825
humid,4.76,1736,1.20,999
humor,4.33,1678,1.16,839
hundred,3.70,2476,1.33,1785
hunger,3.21,1843,1.35,1072
hungry,2.48,1569,0.76,733
hurdle,5.06,1978,1.10,1118
hurrah,5.00,1646,1.80,1202
hurray,3.91,2117,1.71,1140
hurry,3.36,1652,1.05,740
husband,3.82,1963,0.98,940
hussy,6.12,1718,0.97,1011
hustle,5.30,1939,1.19,1986
hybrid,5.76,1975,1.19,1912
hydrant,4.94,1621,1.42,658
hygiene,5.15,2037,1.33,1297
hyper,4.18,1735,1.28,1321
icing,3.82,2093,1.19,2081
icon,5.09,1514,1.27,874
ideal,5.00,2001,1.17,1844
idle,5.18,2537,1.33,2653
idol,4.79,2102,1.08,1995
ignite,5.33,1802,1.05,1018
ignore,3.91,1842,1.03,1584
image,3.88,2741,1.05,3641
immense,5.88,1723,1.13,1339
immune,5.33,1518,0.98,792
impact,4.88,2529,1.18,2589
impart,5.61,1602,1.18,1024
impede,6.12,1383,1.03,886
implant,5.58,1961,1.08,1009
implore,6.18,1812,0.91,1619
imply,5.64,2116,1.09,2114
import,5.48,1672,1.10,995
impose,5.42,1743,1.34,1131
impound,5.79,1511,1.00,791
impress,4.85,1646,0.92,1754
imprint,5.58,1946,1.08,1731
improve,4.64,5211,0.91,16639
impulse,5.52,2225,1.06,1918
inbred,6.00,1498,0.86,679
incense,5.64,2587,1.28,2444
incest,6.06,2428,1.11,1974
include,4.55,2654,1.00,3032
income,5.36,1972,1.16,1351
increase,4.64,2035,1.01,1342
incur,6.18,1751,0.94,1662
indeed,4.97,1975,1.16,1278
index,4.88,2212,1.06,1822
indict,6.15,1897,0.94,1200
induce,5.52,1962,1.18,1647
indulge,5.52,2330,1.18,2190
inept,6.12,1601,1.23,1427
infant,4.00,1775,1.43,1071
infect,4.82,1681,1.06,959
infer,5.58,1649,1.08,1517
inflict,5.33,1671,1.27,1018
inform,5.00,1711,1.02,1228
ingrate,5.97,1818,1.11,1707
inhale,4.79,2331,1.37,2205
inject,5.12,1940,1.25,1417
injure,4.88,1989,1.45,1353
inmate,5.73,2205,1.20,1584
innate,5.73,1528,1.25,861
input,5.09,1824,0.95,1095
inquest,6.09,1893,0.99,1238
inquire,5.52,2138,1.33,2109
insane,4.67,2037,1.31,1716
insect,3.24,1853,1.31,851
insert,4.64,2031,1.29,2242
insight,5.45,2396,1.07,2216
insist,5.15,1683,1.09,1173
inspect,4.82,2457,1.40,3681
install,4.85,1574,1.05,1029
instance,5.09,3301,1.08,3726
instant,4.82,2403,1.15,2866
instead,4.45,1628,1.19,758
instinct,5.09,1887,1.14,1376
instruct,5.06,2199,1.10,3401
insult,4.82,1611,1.12,782
insure,5.45,2270,1.16,1403
intact,5.36,1912,1.16,1280
intend,5.09,3026,1.24,5604
intense,5.24,1911,1.21,1532
intent,5.24,2683,1.16,4296
intern,6.06,1757,0.84,1321
into,3.52,2153,1.10,1708
intrigue,5.55,1864,0.99,1556
invade,4.94,1793,1.23,1630
invent,4.73,1870,1.29,1930
invest,5.52,2194,1.12,3506
invite,4.15,1694,1.05,921
invoice,5.73,3034,1.23,5335
invoke,5.76,1519,1.08,1151
involve,4.85,3812,1.02,8871
inward,5.18,2105,1.18,1796
irate,5.97,2024,1.05,2136
iris,5.30,1832,1.22,1130
iron,4.27,1999,1.19,2127
island,3.67,2825,0.94,2784
issue,4.85,2170,0.98,1794
item,4.03,2478,1.17,3890
itself,4.39,1897,1.22,1795
jackal,5.64,1847,1.42,1645
jacket,3.27,1611,1.24,911
jaguar,3.82,1960,1.54,1367
jargon,6.12,1356,1.00,859
jasmine,5.39,1944,1.39,930
jasper,5.55,2193,1.33,2275
java,5.73,1759,1.17,1038
jealous,4.27,2083,1.24,2084
jelly,2.94,1614,0.86,880
jersey,4.42,4032,1.19,6241
jester,5.58,1682,1.19,1034
jewel,4.06,1622,0.93,875
jiffy,4.36,1731,1.41,912
jiggle,3.85,2532,1.06,1972
jingle,3.91,1905,1.23,1111
jockey,5.21,2075,1.16,1003
jolly,3.70,1748,1.15,1031
journal,4.30,2125,1.08,1984
journey,4.55,1940,0.74,1647
judgment,5.15,1459,1.15,852
judo,5.55,1289,1.42,1008
juggle,4.15,2642,1.28,4150
jumbo,4.48,1870,1.24,1526
juncture,6.03,1599,1.18,1104
jungle,3.48,1795,1.10,984
junior,4.79,2047,1.13,1547
junket,6.03,2131,1.07,1507
jury,5.27,2377,1.13,2510
justice,5.03,1892,1.12,1769
kaput,5.73,1504,1.38,1028
karma,5.64,2365,1.09,2054
kazoo,5.36,1816,1.50,1319
kebab,5.94,1808,1.07,1102
keister,5.97,1373,1.30,657
kennel,4.67,2436,1.23,2560
keno,6.15,1902,1.18,1694
kernel,4.73,2056,1.29,1714
ketchup,2.85,1725,1.16,676
kettle,4.58,2008,1.33,1053
khaki,5.15,2087,1.33,1275
kibble,5.48,1710,1.31,1101
kidney,4.97,1804,1.16,1447
kingdom,4.15,2449,1.28,2821
kitchen,2.91,1853,0.98,1141
kitten,2.36,1925,0.98,955
kitty,2.36,1962,1.13,1490
kiwi,4.18,1660,1.23,1351
knowledge,4.58,2158,1.02,2275
knuckle,4.12,1736,1.37,973
kosher,5.61,2649,1.54,3373
label,4.52,1990,0.79,1013
labor,4.82,2787,1.12,2380
lackey,5.94,1650,1.21,1367
lacrosse,5.67,1834,1.05,1066
lactose,5.94,1456,1.13,1050
ladder,3.94,2145,1.08,1997
laden,6.00,1521,1.06,1416
ladle,5.06,1926,1.43,1897
lady,3.21,1573,0.97,693
lagoon,5.39,1551,1.22,812
lament,5.58,1846,1.22,1789
language,4.00,1785,0.98,1262
larvae,5.76,1865,1.19,1544
larynx,6.09,2265,1.02,2871
laser,4.55,2653,1.00,3730
lasso,5.00,1641,1.35,1042
latent,6.03,1819,0.97,1508
later,3.79,1743,1.06,926
latex,5.52,1670,1.18,1261
lather,5.15,1938,1.28,1218
latrine,6.12,1747,1.18,1274
latter,4.85,2066,1.52,1567
launder,5.85,1780,1.33,1391
laundry,4.12,1865,1.24,1671
lava,4.06,2014,1.12,2873
lavish,5.70,1585,1.10,1348
lawyer,5.00,1901,1.08,1322
layer,4.64,1981,1.26,1099
lazy,3.97,1769,1.09,1144
leary,6.06,1661,1.16,1043
leather,4.70,3063,1.05,3463
lecture,5.36,2037,1.05,1416
ledger,6.03,2035,1.13,2704
leeway,5.70,1596,1.04,1789
legal,4.88,1324,0.93,697
legend,4.70,2143,1.05,3126
legion,5.39,3554,1.22,9144
leisure,5.36,2054,1.11,2443
lemon,3.36,2198,1.11,2581
leopard,3.64,1807,1.44,1441
leper,5.33,1834,1.30,1100
lesion,5.55,1873,1.28,1520
lesson,3.91,1496,1.06,645
lethal,5.48,1566,1.31,986
letter,3.76,2022,1.04,1389
lettuce,3.36,1909,0.88,1221
level,4.09,1677,1.01,1110
lever,4.88,2088,1.31,1482
liar,3.48,1929,0.95,1027
libel,6.12,1624,0.97,905
licence,4.97,2240,0.98,1881
license,5.24,2227,0.91,1875
lilac,4.61,2104,1.37,1720
lilly,4.15,2077,1.63,1455
lily,4.36,1769,1.46,944
limber,4.97,1814,1.10,1438
limbo,4.39,2003,1.29,1165
limit,4.55,2317,1.23,2890
linen,5.18,2585,1.07,5297
linger,5.55,1569,1.08,1013
lingo,5.36,1901,1.11,1430
linguist,6.15,1795,0.97,2823
lining,4.88,2409,1.23,2264
lion,2.94,2405,1.23,3670
liqueur,6.18,1808,0.87,1170
liquid,3.76,2019,1.13,1629
liquor,5.79,1687,1.06,932
listen,3.03,2382,1.21,1651
liter,4.58,1899,1.17,1387
litter,4.24,2418,1.16,3108
little,3.00,1547,1.17,817
liver,4.76,2127,1.28,2009
lizard,3.42,1856,1.08,1560
llama,4.33,1603,1.65,875
lobby,4.52,2387,1.00,2198
lobster,3.88,1763,1.14,1019
local,4.52,1990,1.21,1077
locate,4.30,2109,1.11,2123
locker,4.24,2217,0.98,1903
locket,4.18,1732,1.06,1122
locust,5.06,1651,1.39,1445
logic,5.21,1575,1.18,934
logo,5.03,2353,1.12,2326
lonesome,4.94,1932,1.15,1318
lookout,4.03,2553,1.17,2686
loopy,4.82,1610,1.23,1037
lotion,3.85,2250,1.18,1732
lotto,5.61,1635,1.24,998
loyal,4.67,1987,1.06,1823
lucid,5.94,2037,1.16,2035
lucky,3.55,1799,1.12,1046
luggage,4.52,1981,1.31,1493
lumbar,5.97,1638,1.05,807
lumber,4.85,1745,1.27,1470
lunar,5.70,1901,1.26,1636
lupus,6.21,1639,0.98,1820
lurid,6.15,1332,1.04,1026
luscious,5.64,2318,1.09,3450
lyric,4.76,1639,1.23,878
lyrics,4.55,1947,1.15,1425
machine,4.00,2225,1.01,2298
macho,4.94,2355,1.40,1937
madam,4.85,2002,1.50,1904
madame,5.00,2253,1.37,1256
maggot,5.12,2015,1.20,1589
magic,3.21,2093,1.06,1530
magnet,4.21,1573,1.21,865
maiden,5.42,1502,1.24,628
maintain,5.09,1715,1.14,967
major,4.94,1740,1.20,1161
makeup,4.09,1598,1.26,1145
malice,6.12,1673,1.12,1300
mambo,5.36,2341,1.19,2487
mammal,4.09,2090,1.34,1169
mammoth,4.70,1532,1.14,671
manage,4.79,1840,1.11,1389
mandate,5.79,1615,1.12,1401
mandrake,5.94,1434,1.16,553
manger,5.09,2402,1.41,1523
mango,4.27,1966,1.29,1212
manner,4.18,2282,1.31,2459
manor,5.27,1723,1.39,970
mansion,4.64,1895,1.24,1122
mantel,5.15,1755,1.28,931
mantle,5.24,1832,1.24,1620
mantra,6.09,1689,1.05,983
manure,5.18,2175,1.41,2987
many,3.82,2161,1.41,1634
maple,4.24,1692,1.31,1022
marble,3.64,2086,1.05,1194
margin,5.52,1540,1.31,965
market,4.33,2934,1.24,4027
maroon,4.42,2010,1.48,1291
marquee,6.06,1555,0.95,1331
marquis,6.06,1548,1.08,1170
marriage,4.15,1989,1.28,1113
marrow,6.03,1621,0.94,870
marry,3.85,2017,1.49,1476
martial,5.33,1720,1.48,1281
martyr,5.85,1702,1.28,1181
marvel,5.09,1896,1.19,1313
mascot,4.82,1788,1.12,970
mason,5.70,2503,1.16,4000
massage,4.58,1902,1.25,1137
masseuse,6.24,1751,0.84,1356
massive,4.73,2152,1.16,2110
master,4.48,1915,1.07,1266
matrix,6.03,1849,1.04,1266
matron,5.61,1647,1.26,1472
matter,4.27,2505,1.39,3188
mattress,3.97,2228,1.40,1668
mature,4.91,1668,1.08,860
matzo,6.21,1596,1.13,1124
maxim,5.79,1834,1.26,1458
maybe,3.24,1752,1.10,978
mayhem,5.70,1849,0.91,1007
mayor,4.70,1670,1.19,1220
meadow,4.27,1797,1.13,868
meager,5.91,1679,1.06,943
measure,4.03,1925,1.19,1378
medal,4.06,2169,1.18,1489
meddle,5.61,3441,1.26,8203
medic,5.27,1622,1.29,769
medley,5.48,2329,1.33,2571
meeting,4.18,2503,1.06,3582
mega,4.91,3044,1.22,5310
melon,3.82,1621,1.05,960
member,4.55,2147,1.06,3446
membrane,6.00,1578,0.82,906
memo,5.42,2049,1.19,1529
menace,5.39,1991,1.27,2614
mental,4.82,2110,1.15,1896
mention,5.00,3898,1.08,11302
mentor,5.24,2005,1.24,2685
menu,3.79,2568,1.12,3360
meow,2.33,3897,1.24,11546
merchant,5.33,2422,1.05,2292
mercy,4.67,1824,1.38,1478
meringue,6.15,1516,0.90,1042
merit,5.73,1960,1.06,1984
merry,3.33,2183,1.16,1557
message,4.42,2176,1.11,1561
metal,3.97,1928,0.93,1388
meter,4.64,2496,1.10,3344
methane,6.39,1654,0.76,1298
method,4.85,2449,0.95,4149
metro,5.33,1950,1.32,1191
micro,5.36,2300,1.14,2347
middle,3.88,1712,1.11,1243
midget,4.91,2057,1.24,2128
midnight,3.91,2200,1.09,1522
mignon,6.36,2187,0.80,2249
mileage,5.52,1751,1.31,1027
mimic,5.00,2180,1.32,2480
mingle,5.36,1755,1.02,926
mini,3.91,1693,1.38,1063
minion,5.85,1661,1.12,1074
minor,5.27,2560,1.34,2371
minstrel,5.85,1613,1.26,1089
minus,3.76,2328,0.98,1647
minute,3.36,2437,1.05,1808
mirage,5.58,3065,1.24,6625
mirror,3.30,2145,0.98,2237
mischief,4.88,1635,1.47,717
misfit,5.21,2168,1.26,1844
mishap,5.24,2389,1.24,2991
missile,4.88,2729,1.28,5071
mission,4.76,2700,1.15,3127
mistake,4.03,1817,0.88,1088
mister,3.88,2215,1.16,1191
mistress,5.45,1886,1.16,1029
mixture,4.55,1609,1.03,1098
mobile,4.79,2182,1.05,1944
model,4.33,1985,0.80,1096
modem,5.91,1754,0.96,1157
modest,5.15,2526,1.23,2821
module,5.85,2188,1.03,1740
mogul,6.06,1841,1.11,1378
moisture,4.64,2773,1.13,3964
molest,5.88,2876,1.08,3729
molten,5.85,1704,1.20,2288
moment,4.12,2526,0.98,2714
mommy,1.76,1973,1.18,1020
monarch,4.82,2037,1.47,1180
money,3.06,2242,1.11,2076
mongoose,4.97,1895,1.60,1250
mongrel,5.97,1960,1.02,1645
monkey,2.73,2359,0.97,2532
monsoon,5.73,2478,1.12,3400
monster,2.88,1968,1.06,1113
montage,5.91,1544,1.15,829
moral,4.82,3291,1.31,6198
morale,5.24,1809,1.29,1245
morbid,5.64,1431,1.06,935
morning,2.82,2655,0.93,3487
moron,4.91,1902,1.34,1022
morphine,6.12,1424,0.78,435
morsel,5.61,2114,1.18,1752
mortal,5.33,1479,1.30,569
mortar,5.91,1928,1.23,1873
mortgage,5.97,1991,1.08,1622
mosey,5.91,1511,1.12,741
motel,4.06,2126,1.18,1828
mother,2.27,1925,1.29,1266
motif,6.12,1578,0.93,914
motion,4.52,2933,1.12,2791
motive,5.15,1627,1.18,870
motley,5.97,1828,1.11,1904
motor,4.27,2126,1.16,1803
motto,5.27,2517,1.27,3027
mountain,3.52,2203,1.04,2594
moustache,3.79,2092,1.28,954
movement,4.33,2037,1.16,1550
movie,3.21,1793,1.40,995
mucus,5.09,2140,1.16,1816
muffin,3.09,2171,0.93,1772
mullet,5.45,2577,1.04,3603
mumble,4.79,4010,1.19,10517
mumbo,5.39,1975,1.52,1728
mummy,3.88,1939,1.46,1231
munchkin,4.42,2441,1.46,2398
mundane,5.94,1727,1.18,1116
mural,5.36,1922,1.11,1537
murder,4.39,1615,0.92,691
murmur,5.48,2820,1.21,4668
muscle,4.09,1774,1.24,860
music,2.76,1940,0.88,1169
musket,5.48,1816,1.21,1185
mustache,3.73,2406,1.08,1811
mustard,3.24,1985,1.00,1163
muster,5.82,2035,1.11,1688
mutant,4.88,1617,1.64,897
mutton,6.15,1823,1.04,1869
muzzle,4.91,2039,1.50,1651
myself,3.18,2052,0.92,1271
mystic,5.55,2083,1.14,2964
naive,5.58,1564,1.22,776
naked,3.76,1651,1.62,836
nanny,3.94,2192,1.39,1275
napalm,6.21,1845,1.01,1672
napkin,3.45,1915,0.98,1224
narrow,4.42,2083,1.01,1828
nasal,4.85,2213,1.30,1801
nasty,3.61,1865,1.17,1033
nation,4.27,2076,1.01,1446
native,4.55,1783,1.00,808
nature,3.94,1858,0.88,838
naughty,3.21,2160,1.51,1540
nauseous,5.21,2099,1.18,1891
naval,5.15,1940,1.31,1525
navel,5.12,2680,1.40,5719
navy,4.70,2013,1.27,1278
necklace,3.27,2368,0.87,1716
nectar,5.30,1683,1.22,1007
needle,4.00,2316,1.13,2429
neglect,5.30,2366,1.14,2339
neighbor,3.33,1904,1.13,1008
neither,4.18,2237,1.09,1827
neon,5.18,1764,0.97,1125
nephew,4.03,2367,1.37,2771
nervous,4.42,2049,1.08,1610
network,5.21,1922,1.10,1216
neural,5.88,2080,1.32,1352
neuter,5.91,1940,1.06,1519
neutral,5.12,2142,0.96,1941
never,3.48,2075,1.16,1123
nexus,6.06,1549,1.30,1433
nibble,4.48,1828,1.36,1363
nickel,3.42,2130,1.16,1171
nightmare,3.42,2097,1.08,1457
nimble,5.24,2202,1.56,2916
ninja,3.64,2090,1.22,2099
nipple,4.24,2343,1.58,1414
nitrate,6.24,1852,0.95,907
nitro,5.85,2143,0.97,3550
nitrous,6.24,2029,0.80,2706
noble,5.42,1416,1.29,670
noggin,4.97,1721,1.60,914
nomad,5.76,1665,1.29,1019
noodle,3.21,2105,1.06,2181
normal,4.03,1851,0.95,1552
nostril,3.97,1678,1.35,742
nothing,3.64,1688,1.14,979
notice,4.45,2264,0.98,2699
notion,5.24,1825,1.34,1325
novel,4.64,1987,1.10,1927
novice,5.88,2159,0.98,1996
nowhere,4.15,1883,1.30,1187
nugget,4.06,2489,1.49,2267
nuisance,5.36,2218,1.16,1555
number,2.82,2187,0.96,1145
nurture,5.03,2288,1.31,2520
nutmeg,5.52,1740,1.12,959
nylon,4.88,1958,1.15,1610
nylons,4.94,1662,1.28,787
obey,4.03,2603,1.53,3326
object,4.03,1651,1.11,1018
oblige,5.76,2959,1.27,6839
obscene,5.70,2039,1.26,1677
obscure,5.67,1570,1.14,1033
observe,4.97,1782,1.04,1395
obsess,5.30,2226,1.05,2248
obstruct,5.73,1955,1.28,1452
obtain,5.21,1545,1.13,633
occult,6.00,2139,1.18,2108
occur,4.76,2109,1.12,2117
ocean,3.33,2026,1.16,2399
odor,4.42,1674,1.01,1023
offend,4.85,2115,0.84,2715
offense,4.88,1908,1.28,1941
offer,4.67,1583,1.31,817
office,3.88,2314,1.16,2068
ogre,5.18,4419,1.43,12632
ointment,5.24,2307,1.19,1903
okay,2.61,1832,0.93,1101
olive,3.79,2094,1.25,1595
omelet,3.91,1669,1.28,1051
omelette,4.30,1952,1.50,1147
omen,5.73,1611,1.17,855
onion,3.52,2011,1.18,996
only,3.52,1974,0.94,1753
onset,5.70,1657,1.26,807
opal,5.70,1986,1.18,1835
open,2.91,1540,0.92,626
oppose,5.30,2689,1.16,4341
optic,5.67,1903,1.19,1904
option,4.64,1908,1.04,2257
opus,6.15,1752,1.07,1207
oral,5.15,2092,1.28,1418
orbit,5.21,1844,1.29,1637
orchard,4.76,1549,1.23,751
orchid,5.03,2064,1.18,1312
ordeal,5.48,1808,1.04,1254
order,4.12,1910,0.95,1357
organ,4.73,1851,1.07,949
orgy,6.09,1974,1.11,1622
orphan,4.61,1914,1.11,1391
ostrich,4.03,1736,1.74,1093
other,3.67,2045,0.94,1188
outfit,3.70,1768,0.86,960
outlet,4.45,2445,1.48,3095
outrage,5.03,2071,1.12,1703
oval,3.88,2220,1.44,2130
oven,3.27,2515,0.91,3369
over,3.48,1708,1.13,1139
oyster,4.94,1956,1.23,1314
ozone,5.55,1446,1.14,853
package,4.33,1856,1.22,1282
packet,4.15,1988,1.25,1538
paddle,4.03,2947,1.19,4141
paddy,5.58,1940,1.37,1804
pagan,6.12,1430,1.09,729
pageant,4.85,1915,1.16,748
paisley,5.73,1967,1.33,1338
palace,3.94,1777,1.41,909
palate,5.67,2176,1.42,2310
palette,6.00,1520,1.03,717
palsy,6.03,2174,1.26,2399
paltry,6.03,1484,1.10,773
pamper,5.00,2229,1.30,2317
pamphlet,5.27,2075,1.11,1727
panda,3.36,1854,1.05,2093
panel,5.36,1999,1.11,1920
panic,4.39,2007,1.02,2073
pansy,5.15,2032,1.18,1482
panther,4.00,2115,1.34,1739
pantry,4.55,2173,1.20,1433
paper,2.91,2003,0.98,1159
para,5.76,1468,1.37,810
parade,3.70,2118,1.47,2267
parcel,5.76,1593,0.98,1465
parchment,5.88,1625,1.11,786
pardon,4.94,1827,1.49,1074
parent,2.91,2501,1.08,1624
parish,5.30,1801,1.34,1165
parka,5.58,1969,1.32,3020
parlay,6.33,1480,0.84,812
parlor,5.18,1945,1.21,1500
parlour,5.85,1865,1.26,1681
parole,5.76,1760,1.29,1609
parrot,3.55,1776,1.36,1153
parry,6.15,1501,1.12,684
parsley,5.24,2025,1.27,2259
partake,5.67,1531,1.11,869
partial,5.42,2894,1.24,2681
partner,4.00,1723,1.04,1075
partridge,5.88,2242,1.32,2200
party,3.24,1882,0.70,1034
passage,4.94,2184,1.06,2230
passion,5.03,1485,1.26,707
passive,5.36,1635,1.14,1210
pasta,3.21,1996,0.90,1817
pastor,4.27,1618,1.43,856
pastry,4.24,2725,1.13,3200
pasture,4.52,2142,0.97,1797
pasty,5.06,1935,1.36,1139
patent,5.76,4909,0.95,14143
patient,4.61,2236,1.11,1691
patrol,4.70,3864,1.11,9473
patron,5.61,1866,1.18,1605
patter,5.67,1770,1.22,1598
pattern,4.18,1986,1.03,1813
payment,4.70,2495,0.88,4588
peacock,3.33,2140,1.11,1871
peanut,2.97,2159,0.88,2715
peasant,5.03,1983,1.40,1347
pebble,3.67,2188,1.29,1463
pecan,4.30,2122,1.16,1583
pedal,4.27,2006,1.56,2113
peddle,4.21,3367,1.45,5147
pellet,5.21,1674,1.36,667
pelvis,5.09,1925,1.32,1351
penal,6.00,1498,1.35,680
penance,6.00,2061,1.31,1934
penchant,6.06,1512,1.16,885
pencil,2.94,1732,0.93,707
pendant,5.36,1897,1.22,993
penguin,3.09,2492,0.93,2510
pennant,5.70,2074,1.54,1544
pension,5.82,1860,1.19,1372
people,3.15,1693,1.16,814
pepper,3.45,1902,0.91,933
perceive,5.42,2094,1.04,2076
percent,4.85,2089,1.05,2631
perchance,6.15,2320,1.00,2158
perfect,3.94,2022,0.88,1594
perform,4.15,3000,0.92,2938
perfume,4.18,1708,1.00,1141
perhaps,4.64,1988,1.18,1659
peril,5.79,2140,1.23,1638
perish,5.64,2036,1.03,1975
permit,5.42,2063,1.07,1381
persist,5.52,1857,0.93,1448
person,3.33,2439,0.84,3355
persuade,5.30,1584,1.05,1101
perverse,5.97,2291,1.05,2603
pervert,5.61,1624,1.04,610
pesky,5.03,2035,1.18,1739
pestle,5.97,1492,1.08,963
petal,3.91,2202,0.97,1669
petite,5.48,1916,1.26,2064
petrol,5.91,2068,1.17,1628
petty,5.30,2062,1.48,2023
phantom,5.09,2021,1.08,1801
pheasant,4.91,1674,1.46,906
phony,5.39,2106,1.34,2146
photon,6.12,1874,0.86,1346
physics,5.73,1735,1.06,1077
physique,6.03,1572,0.87,662
picket,5.45,1903,1.07,1605
pickle,3.27,1801,1.13,1741
pickup,3.58,1800,1.33,791
picnic,3.45,1944,0.80,1689
picture,3.12,2145,0.97,1906
pigeon,4.06,1884,1.62,1071
pigsty,5.48,2069,1.49,2032
pilgrim,4.27,1819,1.16,1291
pillage,5.85,1480,1.12,1167
pillar,5.15,1714,1.35,1814
pillow,2.97,1680,1.46,996
pilot,3.85,1737,1.09,1036
pimple,5.15,2316,1.18,2319
pinto,5.70,2216,1.31,2009
pious,5.88,2765,1.34,3345
pirate,3.36,1782,1.02,614
pistol,4.97,2043,1.24,1157
piston,6.06,1888,0.95,1089
pity,5.06,1658,1.31,1413
pixie,4.67,2200,1.49,2563
pizza,2.79,1713,0.94,1103
pizzazz,5.70,2305,1.26,1730
placid,5.97,1230,1.02,537
plaintiff,6.06,1597,0.80,1111
planet,3.67,1928,0.94,1844
plankton,5.30,1563,1.44,922
plasma,5.52,2638,1.18,3553
plastic,3.97,2111,1.12,1662
plateau,5.61,1465,1.21,1002
platform,5.18,2002,1.10,2296
platoon,5.73,2348,1.17,2880
plaza,4.97,1629,1.18,980
pleasant,4.76,2322,1.17,1965
pleasure,4.79,1823,1.32,1623
plenty,4.15,2211,1.22,1561
pliers,5.09,2667,1.30,3345
plumber,4.42,1877,1.22,1295
plunder,5.64,2240,1.28,4014
plural,4.61,2500,0.98,3126
pocket,3.24,1967,1.33,914
poem,4.24,2244,1.04,1798
poet,4.39,1606,1.22,968
pogo,4.79,1880,1.41,1705
poignant,6.42,1631,0.79,1882
poison,4.48,1724,1.21,728
poker,5.24,2232,1.29,2000
polar,4.27,3002,1.32,3989
police,3.36,1802,0.98,866
polish,4.55,1748,1.12,1263
polite,3.94,1895,1.08,1110
polka,4.94,2036,1.38,2057
pollen,4.85,2186,1.32,2796
polo,4.76,2304,1.23,1595
poncho,4.76,2120,1.30,1896
ponder,5.48,1598,1.12,910
pony,2.76,1679,0.92,841
poodle,3.61,1834,1.22,918
poppy,5.24,2624,1.43,1931
porridge,5.09,2035,1.63,1486
portal,5.36,2048,1.19,1679
portion,5.03,1851,1.12,1197
portrait,4.76,1886,1.25,1263
portray,5.45,1861,0.94,2109
posse,5.79,2109,1.09,1273
possess,5.39,1883,1.08,1146
possum,4.36,2209,1.44,1740
postal,5.00,1884,1.32,1263
poster,4.03,2973,1.08,3528
posture,4.73,1855,1.04,899
potent,5.70,1278,0.98,779
potion,4.79,2521,1.13,3429
potty,2.64,2610,1.65,2344
poultry,5.15,2141,1.09,1518
powder,4.15,1675,1.30,1023
power,3.82,2372,0.98,2327
practice,3.97,2378,1.12,1463
prairie,4.39,1937,1.14,1106
precinct,6.00,1696,0.93,1045
precious,4.48,2321,1.21,2335
precise,5.52,2810,1.12,3131
predict,4.97,2548,0.94,3195
preface,5.52,1683,1.31,772
prefer,4.85,3182,0.95,6597
pregnant,4.36,2014,1.57,1046
prelude,5.88,1501,1.11,897
premier,5.18,2423,1.21,2076
premise,5.88,2214,0.95,2297
prepare,4.67,2179,1.26,2100
presence,5.21,2467,0.94,2539
present,3.24,2081,1.58,1622
preserve,5.45,1896,0.94,1230
preserves,5.58,1854,1.24,1225
pressure,4.64,2320,0.87,2586
prestige,5.88,1824,1.01,1509
presto,5.48,1647,1.38,1009
presume,5.76,1898,1.05,1065
pretend,3.52,2927,1.18,5495
pretty,3.36,1919,1.37,1458
pretzel,3.24,1781,1.29,1484
prevail,5.67,1255,1.17,699
prevent,4.94,2231,1.15,1671
prima,6.03,1718,0.94,1261
primal,5.79,1574,1.12,1081
primate,5.12,1899,1.33,1318
princess,2.67,1888,1.11,732
prior,5.18,1997,1.00,1415
prism,5.39,1978,1.05,1145
prison,4.30,1971,0.98,1758
pristine,6.03,1565,0.91,1806
private,4.21,2448,1.18,1599
privilege,4.67,2481,1.15,3572
privy,6.33,2028,0.76,2409
problem,3.76,2479,1.16,3386
proceed,5.06,2051,1.07,1830
process,4.79,1970,0.98,1358
proclaim,5.52,2094,1.23,1861
produce,4.76,1754,1.06,1223
product,4.73,1594,1.13,847
profane,5.64,1669,1.23,1424
profile,4.97,1750,0.98,1108
profit,5.45,1446,1.04,856
profound,5.79,2231,1.00,4025
program,4.61,1752,1.05,960
progress,4.85,2434,1.05,2745
project,4.12,1897,0.95,1829
promise,3.79,1865,1.12,1207
promo,5.55,1908,1.28,1358
promote,5.45,1875,1.01,1941
pronounce,5.00,1882,1.35,1495
pronto,5.00,1700,1.35,774
propane,5.42,1651,1.39,749
proper,4.70,2391,1.32,2441
prospect,5.76,2291,1.11,1929
prosper,5.48,2301,1.15,2771
prostate,6.24,1738,0.95,776
protect,4.42,2244,1.05,2865
protein,5.18,1754,1.26,1044
protest,5.30,1711,1.05,1243
proverb,5.03,2191,1.49,2213
provide,4.73,1777,0.71,1113
province,5.67,1940,1.22,1540
provoke,5.55,1547,1.28,798
provost,6.24,1937,0.98,1903
prowess,6.12,1826,1.06,1901
proxy,6.24,1383,0.88,740
prudent,5.91,1479,1.06,844
psychic,5.33,1738,1.14,972
psycho,5.06,2259,1.13,3406
public,4.24,1864,1.16,1594
publish,4.97,2136,0.91,1565
pudding,3.27,1909,1.41,1264
puddle,3.52,1726,1.10,666
pudgy,5.03,1616,1.65,1054
pulpit,5.61,1649,1.31,785
pulsar,6.27,1670,0.92,1625
pumpkin,2.97,1751,1.41,806
puncture,5.39,3222,1.27,5852
punish,3.94,1815,1.29,1422
puny,5.42,1806,1.27,1277
pupil,4.91,1732,1.22,974
puppet,3.18,1712,1.28,967
puppy,2.52,1559,1.04,646
purchase,4.52,2097,0.87,1947
purple,2.76,2308,0.99,2422
purpose,4.67,1985,0.93,1794
pursue,5.27,1740,0.95,1389
pursuit,5.24,1643,1.24,975
putrid,5.82,1448,1.02,1038
putty,4.12,2447,1.44,2419
puzzle,3.39,2045,1.14,1182
pygmy,6.18,1484,1.07,583
pylon,6.30,2040,1.02,2335
python,4.55,2053,1.53,2215
quadrant,5.94,1711,1.13,1141
quantum,6.24,1353,0.84,945
quarrel,5.45,2344,1.34,3458
quarry,6.03,1432,1.24,607
quarter,3.45,1938,1.19,1518
quartet,5.82,2458,1.08,2190
queasy,5.24,1705,1.32,1436
query,6.03,1407,1.10,1158
question,3.39,1776,0.95,1050
quibble,5.97,1902,1.25,1967
quiet,2.91,2291,1.11,1925
quinine,6.39,1986,0.87,1629
quota,5.67,2167,1.19,2764
rabbi,5.39,1920,1.24,1049
rabbit,2.88,1685,1.26,1187
rabble,5.76,1357,1.24,583
rabid,5.70,3119,1.31,7690
raccoon,3.33,1798,1.13,1008
racket,4.79,1841,1.13,969
racy,5.55,2051,1.33,1702
radish,4.70,2036,1.37,951
raffle,4.61,1907,1.08,1378
rainbow,2.88,1759,0.93,1010
raisin,3.33,2582,1.27,4761
rally,5.24,1486,1.10,793
ramble,4.85,2124,1.19,2867
rampage,5.36,1916,1.11,3077
rampant,5.88,1725,1.05,1714
rampart,6.03,2092,1.10,2692
random,4.67,2040,1.00,1315
ransom,5.48,1786,1.07,2128
rapid,4.85,1616,1.30,1040
rapids,4.97,1703,1.29,801
rapport,6.09,1381,1.05,645
rapture,5.88,1924,1.11,1344
rascal,4.39,1925,1.34,2650
ratchet,5.73,2040,1.28,1848
rather,4.61,1865,1.02,1733
ration,5.58,1929,1.16,1578
rattle,3.45,2110,1.08,1230
ravage,5.36,1594,1.19,1309
raven,4.58,2987,1.55,4067
ravine,5.73,1663,1.00,923
razor,4.61,1793,1.16,1254
ready,3.55,1674,1.31,823
really,3.45,1946,1.34,1463
reason,4.18,1859,1.23,1164
rebel,5.18,2090,1.10,1716
reboot,5.48,1974,1.15,1466
recall,5.24,1508,1.16,988
recant,5.85,1658,1.38,1190
recap,5.48,1923,1.15,1833
receipt,4.73,2365,1.16,1751
receive,4.45,2175,1.04,1937
recent,4.52,2423,1.18,2658
recess,3.39,2399,1.05,1272
reckon,5.36,2932,1.32,7540
recluse,5.88,2526,1.19,3511
record,4.55,1990,1.12,1381
recourse,6.24,1864,0.91,1497
recruit,5.52,2095,1.00,1835
redeem,5.42,1687,1.07,1351
reduce,4.97,2575,1.04,2931
reefer,5.97,1677,1.17,1197
refer,5.00,2327,0.95,2953
reflect,4.79,2151,1.37,1684
reflex,4.88,2102,1.20,1431
refrain,5.45,2183,0.98,1964
refuge,5.55,2131,1.05,1533
refund,5.15,2573,1.03,3503
refuse,4.27,2287,1.10,2583
refute,5.97,1468,1.17,762
regal,5.82,1664,1.32,1098
regard,4.94,2137,1.17,2761
regent,5.70,1874,1.36,2016
reggae,5.88,1963,1.16,1902
regime,5.82,1892,1.14,1892
region,4.97,1995,1.04,1232
regret,5.21,1996,1.07,1487
rehab,5.64,1902,0.93,1316
rehearse,4.79,2223,1.08,1779
reindeer,3.09,1967,1.28,834
reject,4.52,1985,1.10,1857
rejoice,4.82,1916,1.23,1228
relapse,5.70,2056,1.10,2554
relate,4.70,1693,1.14,906
relay,4.82,2399,1.20,2058
release,4.64,2115,1.16,1944
relic,5.73,1582,1.38,738
relief,4.82,4135,0.90,12864
relieve,5.03,1733,1.12,1000
relish,5.00,1999,1.35,1309
rely,4.91,1645,1.24,894
remain,4.67,1827,1.15,1509
remark,4.79,2195,1.05,1907
remind,4.33,1731,1.08,1377
remiss,5.85,1680,1.18,1311
remote,3.91,2118,1.12,1425
remove,4.24,1574,1.26,1105
render,5.88,2308,1.13,2883
renounce,6.09,1444,0.85,860
rental,4.45,3033,1.19,4855
repair,4.39,2175,1.08,1800
repeat,4.48,2730,1.04,4592
repel,5.39,1895,1.32,1375
repent,5.36,1717,1.52,992
replace,4.58,2376,1.05,2778
reply,4.24,1804,1.18,1316
report,4.67,3002,1.09,7002
repose,5.85,2531,1.12,3896
reprieve,5.91,1940,1.12,1738
reptile,3.91,1582,1.15,987
request,4.91,2263,1.08,2969
require,5.06,1762,0.94,1588
rescind,6.27,2354,0.84,2658
rescue,4.18,2111,1.09,1883
research,4.91,2110,1.05,1726
resent,5.30,1787,1.14,1240
reserve,5.15,2503,0.97,2689
resign,5.70,1503,1.21,690
resin,6.06,2436,1.02,5214
resist,4.70,1692,1.19,1161
resolve,5.15,1450,0.90,709
resort,4.94,1993,1.15,1347
resource,4.82,1747,0.93,989
respect,4.12,1706,1.27,1111
respond,4.48,1949,1.01,1749
response,4.79,2342,0.91,2888
restore,4.94,2257,1.12,1883
restrain,5.30,2105,1.08,2162
restraint,5.39,2079,1.39,1786
restrict,5.00,2378,1.05,2368
result,4.67,2400,1.09,2711
retail,5.24,1649,1.01,1176
retain,5.15,2186,1.35,1545
retire,5.30,2650,1.02,4286
retract,5.48,2518,1.15,3112
retreat,5.12,2407,1.30,2648
retrieve,5.18,1851,1.10,2052
return,4.09,1682,0.87,1692
reuben,5.85,2569,1.09,4206
reveal,5.03,1447,1.09,689
revel,5.67,1491,1.02,703
revenge,4.64,1667,1.26,1112
revere,5.91,2329,1.15,1745
reverse,4.45,2034,1.27,1648
revert,5.58,1658,1.34,1322
review,4.61,1894,1.19,2001
revise,5.06,1704,1.07,1081
revive,5.27,1994,1.13,1411
revoke,5.52,2065,1.03,1871
revolt,5.24,1607,1.24,961
revue,6.15,1761,0.87,976
reward,4.09,2319,1.43,3311
rhino,3.21,1723,1.12,892
rhubarb,5.21,1569,1.50,870
rhythm,4.39,1626,1.16,910
ribbon,3.85,1683,1.23,980
riddle,4.12,2176,1.32,1792
riffraff,5.91,1519,1.28,676
rigor,6.09,1212,1.05,516
ripple,5.24,1837,1.01,1055
rival,5.21,1812,1.07,1104
river,3.39,1869,1.05,1764
robin,3.64,1845,1.22,1079
robot,3.82,2168,1.22,1375
robust,5.70,1662,1.13,1181
rocket,3.58,1999,1.45,1501
rodent,4.45,1661,1.21,926
romance,4.79,2256,1.24,2207
rookie,5.03,1594,1.15,752
rooster,3.55,2123,1.38,3271
roster,4.55,2491,1.64,2288
rotate,4.48,1832,1.31,1238
rotten,4.15,1910,1.14,1392
roulette,6.15,1651,1.04,934
routine,4.82,2954,1.28,5248
rowdy,4.70,1853,1.05,1550
royal,4.36,1746,1.22,1209
rubber,3.91,3642,1.15,6092
rubbish,5.48,1863,0.90,1156
rubble,5.03,1543,1.23,753
ruby,4.58,2021,1.46,1021
ruckus,5.24,1731,1.36,946
rudder,5.79,1945,1.20,2021
ruffle,4.97,2184,1.10,1894
rugby,5.00,1650,1.32,1024
rugged,5.30,2040,1.24,1484
ruin,4.30,1917,1.46,1235
rumba,6.15,1838,1.00,1309
rumble,4.76,1970,1.30,1475
rummage,5.12,2284,1.17,2595
rummy,5.82,1756,1.46,1697
rumor,4.61,1768,1.32,1070
rumour,5.21,2059,1.18,2183
rupture,5.64,2182,0.93,3161
rural,4.85,2583,1.08,2565
rustic,5.88,1871,1.13,2175
rustle,5.33,4014,1.08,12645
saber,5.67,2871,1.05,5100
sable,5.94,1678,1.04,1127
sacred,4.39,2694,1.52,2456
saddle,4.21,1778,0.97,1076
sadist,5.61,2504,1.48,3948
saffron,6.09,1744,1.08,1617
saga,5.79,1787,1.23,1366
salad,3.55,1690,1.04,790
saline,5.94,1686,1.10,767
salmon,4.24,1818,1.21,763
salon,4.61,1934,1.11,1448
saloon,5.06,1726,1.01,941
salsa,4.09,1992,1.26,1606
salute,5.09,1591,1.32,868
salvage,5.76,1945,1.05,1967
sample,4.30,2136,1.19,2254
sanction,5.88,1956,1.05,1689
sanctum,6.24,1624,0.95,1302
sandwich,2.88,2737,1.15,3025
sapphire,5.48,1752,1.31,1366
sardine,5.18,2458,1.21,5141
satchel,5.88,1570,1.24,931
satin,4.94,2505,1.23,3455
satire,5.97,1559,0.95,960
saucer,5.18,2122,1.33,1460
sauna,5.24,1541,1.10,1123
sausage,3.64,1677,1.22,747
savage,5.18,2293,1.29,2367
savior,4.79,1863,1.50,1757
savor,5.12,1939,1.20,1545
savvy,5.76,1662,1.01,973
saying,3.70,2492,1.00,2957
scalpel,5.79,1687,1.03,868
scandal,5.55,2155,1.08,1649
scatter,4.67,1738,1.28,1345
scenic,5.36,1837,0.98,1802
scepter,5.88,2592,1.24,5422
scholar,5.45,1827,1.26,1121
schooner,6.18,1494,1.21,636
science,3.85,2286,0.82,1301
scissors,3.21,1862,1.03,1000
scoundrel,5.61,1536,1.26,797
scrawny,5.00,1762,1.27,1166
scribble,3.48,2205,1.36,2232
scrimmage,4.76,1595,0.96,855
scrotum,6.24,1669,1.01,865
scruffy,5.03,2081,1.33,1964
scrumptious,5.27,2578,1.39,1975
scruples,6.03,1723,1.10,1606
scuba,4.27,2058,1.13,1888
sculpture,4.73,2475,1.21,5278
scurry,5.15,2160,1.26,1291
scurvy,5.85,2107,1.06,1622
scuttle,5.58,1645,1.32,1103
season,3.88,1692,1.08,1387
second,3.06,2720,1.17,2552
secret,3.33,1934,0.72,1206
section,4.79,1678,0.88,1078
sector,5.88,1802,1.08,2048
secure,5.00,2170,1.11,2427
sedan,5.76,1690,1.11,1172
sedate,5.67,1453,1.30,756
segment,5.36,2083,1.19,1467
seismic,6.03,1349,1.01,624
seizure,5.45,2043,0.94,1598
seldom,5.48,1431,1.07,649
select,4.30,2117,1.05,1939
selfish,4.27,2201,0.91,2203
seltzer,5.97,1408,1.25,805
senate,5.64,2056,1.15,1945
senile,5.91,1442,1.17,615
sensor,5.18,2312,1.36,1673
sentence,3.64,1761,0.88,964
sentry,5.94,1954,1.21,1518
septic,6.00,2648,1.06,3990
sequel,5.09,3116,1.24,5597
sequence,5.18,2300,1.04,3132
serene,5.76,1649,1.22,1315
sergeant,5.15,1835,1.49,1332
series,4.76,2194,0.93,1460
sermon,4.85,3303,1.61,5054
serpent,5.27,2175,1.68,2350
servant,4.79,2156,1.27,2507
service,4.55,1911,1.00,1810
session,4.94,2429,1.15,2213
settle,4.58,1882,1.05,1316
seven,2.61,3312,1.26,4502
severe,4.82,2013,1.06,2455
sewage,5.24,2084,1.27,2848
sewer,4.39,2031,0.98,2257
shabby,5.12,1787,0.96,892
shadow,3.52,2075,1.01,1533
shallow,4.27,1988,1.52,1213
shaman,6.12,1759,1.12,1447
shampoo,3.06,1542,0.92,611
shatter,4.79,2092,1.22,1694
shelter,4.39,1913,1.24,1785
sherbet,4.06,1789,1.35,1080
sheriff,4.03,2009,0.95,1405
shilling,5.88,2010,1.16,1638
shimmer,4.85,1555,1.37,782
shiner,5.42,2811,1.16,2575
shingle,5.33,1988,1.39,1760
shipment,5.18,1952,1.18,1301
shiver,4.18,2199,1.18,1991
shoddy,5.88,1708,1.29,1335
shogun,5.85,2246,1.28,2040
shortage,5.03,1990,1.18,1490
shoulder,3.21,2715,1.12,2321
shovel,3.67,1947,0.91,1954
shower,3.21,2102,1.26,1401
shrapnel,6.12,1695,0.97,1034
shudder,5.15,2050,1.26,1882
shutter,5.15,2491,1.06,4471
shuttle,5.06,2295,1.26,3388
sibling,4.00,1897,1.52,1695
sickle,5.48,2556,1.26,4093
siding,5.00,2532,1.25,1921
signal,4.52,1703,1.18,1212
silent,3.39,2008,1.34,1163
silly,3.00,2203,0.93,2427
silo,5.52,2153,1.38,1843
silver,4.03,1838,1.22,1224
simmer,5.18,1948,1.49,1355
simple,3.91,2115,1.23,1468
simply,3.97,2242,0.93,1754
sincere,5.24,2132,1.01,2292
single,4.21,2167,1.12,1452
sinus,5.18,1933,1.12,963
siren,4.15,1949,1.28,1129
sirloin,5.33,2319,1.05,3133
sister,2.42,2219,1.11,1045
sizzle,4.64,1782,1.10,1175
skillet,4.67,1385,1.33,898
skinny,3.58,1952,1.06,1421
skirmish,5.58,2080,1.34,1668
skittish,5.55,1857,1.17,1311
slander,5.85,1252,1.00,635
slaughter,5.36,2013,1.08,1768
slogan,5.61,1567,1.13,1020
slumber,4.48,1917,1.41,1162
smitten,5.45,1719,1.21,1065
smother,5.06,2342,1.21,1854
smuggle,5.33,1583,1.14,722
snafu,6.27,1728,1.02,1466
snooty,5.09,1836,1.27,1304
snorkel,4.61,2415,1.24,3722
snuggle,3.73,2002,1.61,2072
sober,5.79,2253,1.03,1739
soccer,3.15,1548,0.72,728
social,4.79,3784,0.98,8384
socket,4.88,2386,1.36,2184
soda,3.21,2048,1.12,1328
sofa,3.79,1543,1.23,856
soiree,6.24,2106,0.98,2352
solace,5.73,1606,1.20,1410
solar,5.03,2371,1.15,4680
soldier,4.03,1949,1.22,1708
solemn,5.85,2140,1.18,2999
solid,3.88,1907,0.98,2070
solo,4.61,1991,1.16,1708
solvent,5.97,1875,1.14,1895
someone,3.61,2689,1.05,3621
something,3.45,1697,0.84,1217
somewhere,4.00,2183,1.24,2660
sonar,5.70,2036,1.21,3287
sonic,4.76,1774,1.49,1070
sonnet,5.73,1768,1.03,948
sordid,6.09,1575,1.17,1298
sorrow,4.94,2432,1.15,4686
sorry,2.76,1865,1.11,854
sovereign,6.21,1765,0.80,2194
spandex,5.33,1886,1.14,1774
spaniel,5.70,2015,1.39,1864
sparkle,3.48,1809,1.29,1504
sparrow,4.61,1550,1.30,811
spasm,5.42,1884,1.07,1093
spastic,5.97,2130,1.05,2778
spatter,5.06,1928,1.29,1345
special,3.58,1640,1.23,748
species,4.88,1791,1.03,1245
spectral,5.94,1877,0.94,1185
spectrum,5.79,1847,1.09,1295
spider,2.91,2173,0.92,2245
spiffy,5.12,1997,1.17,1751
spinach,3.97,1779,1.35,1156
spinster,5.97,1759,1.14,1817
spiral,4.48,1901,1.01,2171
spirit,4.45,2018,1.21,1613
splatter,4.48,1817,1.18,1250
splendid,5.09,1659,1.34,1049
splendor,5.55,3610,1.44,10947
sprinkle,3.85,1737,1.15,1148
squadron,6.09,1998,1.11,2215
squander,6.12,1291,1.03,572
squeamish,5.33,1645,1.37,750
squirrel,3.36,1679,1.39,827
stable,4.48,2116,1.07,1531
stagger,5.36,2052,1.08,3005
stampede,4.67,2179,1.18,1481
standard,4.70,1730,1.17,1253
staple,4.21,1735,1.18,990
stapler,4.21,1905,1.10,1786
stardom,5.45,1602,1.26,1032
stardust,5.18,2037,1.56,1550
starlet,5.67,2210,0.95,1486
startle,4.76,1844,1.25,964
statement,4.79,1752,1.08,1096
static,4.97,1884,1.18,908
station,4.24,2624,1.18,3687
statue,4.24,2135,1.34,1779
stature,5.64,2031,1.23,1692
status,5.12,2008,1.28,1908
statute,5.48,2770,1.52,3273
steady,4.82,2387,1.20,2190
stellar,5.76,1597,1.19,1383
sterile,5.52,2087,1.26,2662
sterling,5.76,1841,0.98,1226
sternum,5.91,1987,1.15,1969
steward,5.73,1643,1.09,999
stickler,5.85,2587,1.00,2412
stigma,5.91,1733,1.06,2155
stingy,5.06,2527,1.41,2329
stockade,5.97,2099,1.05,2440
stomach,3.36,1884,1.32,1455
storage,4.48,1565,0.94,710
story,2.76,2190,1.19,3258
straddle,5.21,1887,1.18,1528
stranger,3.30,1688,1.10,759
strangle,4.76,2845,1.20,3980
stretcher,5.09,2040,1.16,2041
stricken,5.82,1846,0.95,1176
stroller,3.27,1994,1.34,1357
strudel,5.79,1940,1.28,1266
struggle,4.64,1851,1.26,1368
stubborn,4.52,2236,1.36,1792
student,3.64,2144,1.08,2359
study,4.27,2229,1.07,1477
stumble,4.73,1554,1.01,773
stupid,3.24,2266,1.10,1900
sturdy,4.94,1791,1.25,1612
subdue,5.88,1906,1.22,1350
subject,3.97,1800,1.12,965
sublet,5.97,1979,1.11,1269
sublime,5.97,1529,1.02,751
submit,4.88,1843,1.09,1126
subscribe,5.33,1861,1.02,1114
substance,5.00,1659,1.08,1181
subtle,5.64,1490,1.28,918
subtract,3.82,3004,1.08,3965
suburb,4.97,3104,1.18,7865
subway,4.30,2011,1.27,1114
succeed,4.88,1643,1.12,885
success,4.27,1756,0.98,1427
suction,5.39,1679,1.34,1094
sudden,4.39,1709,1.19,1237
suffer,4.85,1463,1.05,878
suffice,6.06,1625,1.11,1434
sugar,3.15,2098,0.98,2415
suggest,4.64,2201,1.01,2208
suitor,5.70,2285,1.13,3465
sulfur,5.88,1771,0.98,1342
sully,6.06,1787,1.05,1055
sulphur,6.03,1571,1.13,956
sultan,5.52,1781,1.55,1473
summer,3.12,1661,1.10,741
summit,5.48,2176,1.04,1840
summon,5.70,2642,1.13,5233
summons,5.70,1950,1.16,2166
sundae,3.70,1681,1.15,926
sunny,3.00,1660,1.09,1017
super,3.58,2767,1.09,4675
superb,5.45,2393,1.21,2212
supper,3.42,3089,1.22,4157
supple,5.79,2163,1.18,1905
supply,4.58,2021,1.08,1695
support,4.39,2206,1.11,1532
suppose,4.55,1800,1.09,1109
suppress,5.79,1671,1.06,1000
supreme,5.09,2369,1.02,2469
surface,4.61,2212,1.08,2506
surgeon,5.00,2362,1.35,1751
surly,5.85,2025,1.18,3321
surplus,5.58,2869,1.02,2825
surprise,3.79,1937,1.23,1983
surreal,6.06,1949,0.84,1221
surround,4.64,1702,1.29,1592
survey,4.73,1666,1.21,1345
survive,4.52,2142,1.10,2136
sushi,5.52,1887,1.15,882
suspect,4.91,1955,1.11,1582
suspend,5.03,3103,1.03,3947
suspense,5.18,1793,1.10,961
sustain,5.52,2104,1.03,2114
suture,5.73,2874,1.25,3195
swallow,3.55,2676,1.31,3085
sweater,3.39,1974,0.84,1211
swindle,6.06,1842,1.02,1609
symbol,4.36,2324,0.88,2669
symptom,4.97,2240,1.07,1622
syndrome,5.48,1844,1.18,1369
syringe,5.58,1954,1.34,1992
syrup,3.45,1624,0.98,788
system,4.58,2215,1.20,2118
table,2.70,1993,0.91,1008
tablet,4.67,2030,1.35,1596
tabloid,5.73,1737,1.12,1063
taboo,5.76,2084,1.01,1861
tackle,4.09,1914,0.94,1624
taco,3.21,1806,0.93,1205
tactic,5.48,2580,1.21,2868
taffy,3.88,2097,1.50,1352
tailor,5.03,2177,1.18,2291
talcum,5.94,1371,1.31,963
talent,4.09,1940,0.97,1468
talon,5.45,1569,1.24,937
tampon,5.82,2300,0.98,1280
tangle,4.27,2137,1.16,2693
tango,4.94,1960,1.23,2202
tantrum,4.00,1836,1.68,1283
tardy,4.61,2215,1.11,2487
target,4.27,1859,0.91,1205
tartar,5.48,1882,1.33,1582
tassel,5.76,1801,1.13,1629
tattoo,4.79,1871,1.11,1277
tavern,5.70,2129,1.18,1782
tawdry,6.15,1935,1.21,2280
taxi,4.24,1568,1.29,718
teacher,2.85,2089,0.88,1153
technique,5.30,1749,1.22,1052
teeming,6.27,1529,0.92,1014
temper,4.27,2915,1.16,2590
tempest,6.00,2455,1.06,2714
temple,4.85,2962,1.16,4568
tempo,5.39,1923,1.05,1567
tenant,5.73,1905,1.20,1644
tender,4.79,1956,1.08,1825
tendon,5.48,1866,1.07,1334
tennis,3.94,2099,1.01,1739
tenor,5.67,1669,1.30,1114
tension,5.36,2010,1.32,1345
tenure,6.15,1583,1.00,884
tepee,4.85,1974,1.57,2058
termite,5.09,1690,1.27,1031
terrace,5.67,1632,1.25,1134
terrain,5.73,1756,1.15,1948
terror,4.36,1572,0.98,777
texture,4.82,1712,1.28,1244
theory,5.15,2067,1.15,2608
therefore,5.06,1952,1.04,1867
thermal,5.15,1998,1.18,1414
thesis,5.91,2103,1.00,1560
thorough,4.82,2078,1.18,1315
thousand,4.21,2577,1.18,2575
threshold,5.88,1737,1.05,1047
throttle,5.27,2236,1.29,2040
thunder,3.15,2556,0.84,1673
thyroid,6.06,1812,0.95,1156
ticket,3.94,1807,1.19,1364
tickle,2.85,1791,1.01,1050
tidy,4.48,1709,1.21,803
tiger,2.67,2055,0.92,1592
timber,4.67,1650,0.97,1108
timid,5.33,1667,1.14,1198
tingle,3.85,2184,1.06,1590
tinker,4.79,1952,1.39,1365
tinkle,3.48,1965,1.50,1009
tiny,3.48,1959,1.52,1513
tipsy,5.73,1830,1.20,849
tissue,3.33,2304,1.13,2146
titan,5.55,1635,0.99,772
title,3.88,1983,1.27,1573
today,3.15,1758,1.19,951
toddler,3.58,2017,1.28,1410
tofu,5.70,1824,1.21,1205
toga,5.27,2156,1.29,1394
toilet,2.52,2020,0.98,1231
token,4.73,1784,1.36,1132
toner,5.39,2306,1.19,1961
tonic,5.76,1737,1.27,1489
tonight,3.36,3057,1.19,5459
tonsils,4.85,2752,1.27,5403
topaz,5.91,1946,1.12,1958
topic,4.48,2090,0.98,1991
topple,5.30,2123,1.32,1292
torment,5.36,1532,1.19,1081
torrid,6.00,1299,1.03,609
torso,5.15,2169,1.47,1967
tortoise,4.52,2873,1.52,4599
torture,5.09,1937,1.14,2137
total,4.12,2423,0.95,1920
totem,5.27,1926,1.39,1956
toupee,5.70,1961,1.39,1389
towel,3.12,2391,1.04,2402
tower,3.88,1873,1.32,999
toxic,4.76,2500,1.35,2268
toxin,5.55,1685,1.08,892
traction,5.45,2658,1.16,2446
tractor,3.52,2532,1.24,2094
traffic,4.21,2395,0.97,2046
tragic,4.97,1591,1.07,1051
trailer,4.58,2310,1.20,2063
traitor,5.09,2144,1.11,2039
trample,5.21,1687,1.34,830
tranquil,5.58,2057,1.14,3709
transfer,5.18,2024,1.10,1244
transit,5.58,2395,1.16,2754
translate,5.39,3014,1.05,4045
transmit,5.48,1965,1.15,1287
transplant,5.55,1608,0.96,1074
transport,4.85,1961,1.16,1386
trapeze,5.15,1819,1.47,1259
trauma,5.30,1882,1.22,1867
travel,3.94,1764,1.16,780
traverse,6.06,1854,1.08,1892
treason,5.82,2043,1.02,1409
treasure,3.73,1706,1.37,1025
treatment,4.76,1959,1.06,1587
treaty,4.91,2162,1.22,1720
tremble,5.00,1882,0.85,1213
tremor,5.79,1810,0.93,1310
trespass,5.30,1513,1.05,946
triad,5.94,2411,1.04,3431
trial,4.76,2042,1.03,1773
tribal,5.33,1574,1.19,1082
tribute,5.61,1717,1.10,1706
trifle,5.79,1741,1.26,1316
trigger,4.88,2264,1.18,1443
trinket,5.18,2464,1.21,4445
trio,4.82,1870,1.26,1019
triple,4.36,2161,1.14,1494
tripod,4.97,5388,1.21,18963
triumph,4.88,1696,1.26,1242
trolley,5.12,1599,1.22,1020
trombone,4.61,2163,1.24,1863
trooper,4.97,2098,1.01,1537
trophy,3.76,2384,0.87,2516
tropic,4.61,2154,1.22,1959
trouble,3.27,1787,1.18,839
trouper,5.73,2031,1.25,1722
trousers,5.24,1834,1.24,1822
trumpet,4.24,2428,1.26,2706
tuba,4.67,2177,1.45,1791
tulip,4.45,1953,1.24,1057
tumble,3.91,2150,1.03,1434
tummy,2.70,1653,1.39,725
tumor,5.36,1893,1.16,1379
tuna,3.48,1802,0.98,914
tunic,5.70,1542,1.26,847
tunnel,4.03,2850,1.48,6020
turban,5.70,2416,1.29,2692
turbine,5.94,2224,1.13,2082
turkey,2.67,2077,0.80,1216
turmoil,5.79,2488,1.00,2892
turnip,4.91,2038,1.46,1291
turtle,2.85,2973,0.88,7646
tutor,4.73,1609,1.07,939
tutu,3.73,2013,1.48,1425
twinkle,3.39,2163,1.52,1799
twister,4.06,1552,1.09,697
tycoon,5.67,1749,1.14,1173
typhoon,5.55,1570,0.96,751
typo,5.30,1946,0.98,885
tyrant,5.67,1670,1.30,1127
ugly,3.21,2096,1.15,1497
ulcer,5.70,2483,1.26,3845
ultra,4.97,1989,1.21,910
uncle,3.15,2642,1.41,3121
uncouth,6.39,1422,0.71,631
union,5.52,2144,1.15,2120
unique,4.85,1736,1.19,1105
unite,5.18,1382,1.07,675
unless,4.58,1986,1.22,1283
until,3.91,1607,1.06,1151
upon,3.97,1659,1.20,1151
upset,3.79,1820,1.44,935
urban,5.21,2106,1.26,1599
urgent,4.97,2724,1.16,3271
usher,5.09,2500,1.32,2621
utmost,6.00,2311,1.18,2975
utter,5.12,1591,1.49,995
vacant,5.21,2209,1.18,1994
vacate,5.67,1777,1.08,1503
vaccine,5.33,2001,1.24,1091
vagrant,6.18,1429,1.13,893
valet,5.70,2094,1.16,1327
valid,5.45,1754,1.10,1182
valley,4.33,3855,1.14,9227
valor,5.79,3763,1.28,9440
vamoose,6.03,1590,1.24,1173
vampire,4.27,1657,1.48,815
vanish,4.94,2134,1.20,1813
vanquish,5.94,2026,1.10,1911
vantage,5.55,1967,1.30,1876
vapor,5.36,1728,1.08,1085
varmint,5.94,1684,1.10,1616
vary,4.79,1888,1.22,2211
vassal,5.79,1914,1.26,1997
vector,5.97,1843,1.14,1623
vegan,5.91,1393,0.96,814
velcro,4.85,2068,1.50,1179
velvet,4.82,1906,1.18,1625
vendor,5.36,2016,1.02,1651
veneer,5.97,1452,1.30,832
venom,4.94,1465,1.33,577
venture,5.39,1843,1.16,1140
venue,5.91,2086,1.00,1472
venus,4.88,2304,1.26,1558
verbal,4.36,1905,1.05,1342
verdict,5.85,1825,1.06,1882
vermin,6.00,1627,1.09,1696
vermouth,6.39,2257,0.84,3840
version,4.97,2038,0.94,1331
versus,4.64,2139,1.26,1414
very,3.15,1616,1.11,836
vessel,5.48,2161,1.10,3738
veto,5.79,1714,1.20,1550
vibrant,5.39,1910,1.16,1996
vibrate,5.03,1759,1.03,858
vicar,6.27,1287,0.98,580
vicious,5.18,2076,1.29,1459
victim,4.70,2450,1.17,4611
vigil,5.85,1746,1.28,1269
villa,5.42,1487,1.10,632
village,4.00,2055,0.94,1023
villain,4.88,1602,1.33,1180
vintage,5.48,1855,1.00,1429
vinyl,5.73,1476,1.15,1068
viper,5.15,1556,1.40,958
virgin,5.97,2454,1.11,1948
virile,6.03,2187,1.31,2713
virtue,5.64,1900,1.18,1815
virus,4.76,1764,1.33,1084
visa,5.58,1713,1.22,999
vision,4.27,1766,1.24,1082
visor,5.24,1905,1.19,1244
vital,5.33,1839,1.16,995
vitro,5.85,2189,1.43,3201
vivid,5.39,2170,1.11,2259
vixen,5.82,2569,1.30,2107
vodka,6.18,1786,0.91,1328
voltage,5.30,2346,0.92,2597
volume,4.06,2407,1.20,2701
vomit,3.94,1878,1.11,1062
voodoo,5.09,1696,1.30,904
vortex,5.82,1357,1.16,932
voucher,5.76,1862,1.05,1297
vowel,4.55,2142,1.47,2152
voyage,4.73,2013,1.04,1841
vulgar,5.61,1755,1.04,1121
vulture,5.00,2492,1.22,2556
wacky,4.18,1663,1.42,1023
waffle,3.15,1846,0.95,1142
wager,5.73,1901,0.96,1770
wagon,3.39,1922,1.14,1374
waiter,3.85,1833,0.97,880
waitress,4.09,1913,1.13,1045
waiver,5.61,2019,1.07,1848
wallet,4.21,1726,1.00,1017
wallop,5.70,1911,1.24,1921
wallow,5.79,2529,1.03,3451
walnut,3.94,2927,1.13,3340
walrus,3.52,2060,1.24,1241
wander,4.91,2234,1.22,2585
wanted,3.67,1794,1.18,1125
wanton,5.79,2651,1.33,3520
warden,5.76,1512,1.22,867
warlock,5.64,2052,1.31,1795
warrant,5.67,2540,1.22,4115
wary,5.79,1627,1.18,1437
water,2.45,2129,1.50,1066
weapon,4.00,1975,1.04,1732
weary,5.12,2386,1.11,5674
weasel,4.45,1865,1.78,1298
weather,3.39,1715,0.88,676
wedding,3.79,1793,1.30,946
wedgie,4.12,2343,1.34,1557
wedlock,6.09,1517,1.08,861
weekend,3.70,2279,1.03,2315
weirdo,4.06,1923,0.97,1220
welcome,3.48,2088,0.98,2422
welfare,5.76,2469,1.16,2581
whammy,5.18,2412,1.33,2222
whereas,5.24,2038,1.29,1514
whether,4.52,2574,1.38,3906
whimper,4.70,1709,1.42,1342
whiskey,5.67,1803,1.27,1004
whisky,5.64,1811,1.12,1030
whisper,3.52,2004,1.18,1330
whistle,3.76,1882,1.07,1215
whoopee,4.48,2128,1.62,2125
whopper,4.70,2108,1.17,1126
wicked,4.48,1901,1.34,1227
widow,5.12,2039,1.20,1714
wiggle,3.24,1900,0.83,982
wily,5.58,1994,1.37,2045
window,3.06,3459,1.05,6666
winter,3.09,2343,1.03,2510
wisdom,4.88,2218,0.93,2066
withdraw,5.12,2327,1.30,2054
wither,5.33,2102,0.95,2312
without,3.94,1948,0.95,1356
witness,4.88,2798,1.23,5107
wizard,3.73,1676,0.95,951
wobble,4.39,2079,1.37,3084
woman,3.24,1937,1.10,1094
wonder,4.39,2220,0.98,1498
wondrous,5.45,1712,1.16,898
woozy,5.12,2937,1.28,6178
worry,3.91,1768,0.82,1493
worship,4.27,1719,1.46,1207
wrestle,3.76,1849,1.04,892
wrinkle,4.36,2972,1.22,6837
yahoo,4.88,3314,1.40,6446
yellow,2.27,2042,0.94,1154
yodel,5.33,1866,1.16,1416
yoga,5.67,2182,1.02,1594
yogurt,3.67,1779,1.01,848
yonder,5.64,1713,1.12,1234
yourself,3.21,2392,1.09,2034
yummy,2.36,2381,1.27,1879
yuppie,5.30,1957,1.65,1453
zebra,3.03,1744,0.94,1265
zephyr,6.06,1648,1.24,1520
zero,2.64,2145,0.89,1059
zipper,3.30,1752,1.36,740
zombie,4.15,1743,1.14,801