en_cue,en_target,uk_cue,uk_target,uk_fake_cue,uk_fake_target
ridiculous,absurd,смішний,абсурдний,смскний,абсуахний
incident,accident,інцидент,аварія,інходент,аварби
train,bus,потяг,автобус,подлг,автокас
firm,agency,фірма,агентство,фізка,кбентство
management,administrative,менеджмент,адміністративний,жирівництво,офміністративний
hormone,adrenaline,гормон,адреналін,гоміон,адтоналін
number,address,число,адреса,вусло,шуреса
terminal,airport,термінал,аеропорт,термювал,жщропорт
gesture,act,жест,акт,жеве,чёт
trigger,activate,тригер,активувати,тремер,язтивувати
author,actor,автор,актор,фотор,умтор
voice,accent,голос,акцент,гопас,аккунт
corner,alley,кут,алея,ект,алаш
motive,alibi,мотив,алібі,могав,алугі
bravo,alpha,браво,альфа,брімо,алега
africa,america,африка,америка,фaрика,сперика
autopsy,analysis,аутопсія,аналіз,пітопсія,антиіз
punish,arrest,карати,арешт,покаразо,арaют
legion,army,легіон,армія,лезеон,арагя
vein,artery,вена,артерія,ірна,артеття
cavalry,artillery,кавалерія,артилерія,кавалеття,аровлерія
engineer,architect,інженер,архітектор,іновнер,арейтектор
invasion,attack,вторгнення,атакувати,втрігніння,ідакувати
pacific,atlantic,тихоокеанський,атлантичний,тихоокажнський,ввлантичний
environment,atmosphere,середовище,атмосфера,середовиог,атмосекла
crowd,audience,натовп,аудиторія,натомі,cтдиторія
grandfather,grandmother,дідусь,бабуся,діорсь,бабуту
silk,cotton,шовк,бавовна,шочю,ривовна
poor,rich,бідний,багатий,аздний,пугатий
treasure,wealth,скарбниця,багатство,скчебниця,багаєштво
desire,wish,туга,бажання,мога,бажаєтя
club,bar,клуб,бар,клед,кюр
regiment,battalion,полк,батальйон,покл,бататийон
adult,parent,дорослий,родитель,дорослін,рожнтель
mother,father,мама,батько,масл,баатко
revelation,vision,одкровення,бачення,еркровення,ничення
unreasonable,irresponsible,нерозумний,безвідповідальний,нерозвонил,безвідповідданное
security,safety,гарантія,безпека,гарашкія,безмова
safe,secure,сейф,безпечний,севк,безважний
direct,directly,прямий,безпосередньо,прнсий,безпространял
helpless,powerless,безпорадний,безсилий,безсправний,бездовий
stadium,baseball,стадіон,бейсбол,стадорн,бейссел
toast,bacon,тост,бекон,тоно,беней
superman,batman,супермен,бетмен,супетрен,бегрен
war,battle,війна,битва,візоа,чотва
industry,business,галузь,бізнес,галущо,біллес
suffering,pain,страждання,біль,оправдання,маль
chemical,biological,хімічний,біологічний,хіначний,біоробітний
chemistry,biology,хімія,біологія,хіхая,біолягає
open,close,відчинено,близький,відткнень,близнаий
paranoid,crazy,параноїдальний,божевільний,параноna,боцивільний
god,divine,бог,божественний,нег,божествеприй
hair,beard,волосся,борода,володая,бороят
combat,fight,бойовий,боротися,ботивий,боробуся
grain,flour,зерно,борошно,ісрно,бородро
manager,boss,керівник,бос,жирівник,тус
washington,boston,вашингтон,бостон,ваюснгтон,боджон
dude,bro,чувак,брат,чусик,брию
sister,brother,сестра,брат,вістра,брию
lie,liar,лежати,брехун,леанти,бртаун
shield,armor,щит,броня,отт,брчiя
nasty,filthy,неприємний,брудний,непрошений,брланий
tower,building,башта,будівля,баьба,будійня
construction,build,будівельний,будувати,будівечнний,ходувати
telegram,letter,телеграма,буква,телестана,бупна
cell,prison,клітина,в'язниця,клгвина,їxязниця
birth,pregnancy,народження,вагітність,наромаення,вагіршість
valuable,important,цінний,важливий,ціалий,важливно
meaning,importance,сенс,важливість,сенe,важливнать
antidote,vaccine,антидот,вакцина,антихшт,вачіина
briefcase,suitcase,портфель,валіза,портчула,валією
zombie,vampire,зомбі,вампір,зобьі,вампбе
trailer,van,причіп,фургон,причli,фургво
cinnamon,vanilla,кориця,ваніль,кориво,ватiль
shower,bathroom,душ,ванна кімната,лош,ванновкімната
load,cargo,навантаження,вантаж,надонтаження,ванттр
jeep,truck,джип,вантажівка,джщт,вантаженка
sherlock,watson,шерлок,ватсон,шейдок,сятсон
suicide,murder,самогубство,вбивство,самогурутво,вбившиво
killer,murderer,убивця,вбивця,убивін,ппивця
mercenary,assassin,наємник,вбивця,нагнанці,ппивця
down,up,внизу,вгору,випанутий,neору
excellent,great,відмінний,великий,відземний,величкй
finger,thumb,палець,великий палець,пандць,великитепалець
big,huge,великий,величезний,величкй,величеячий
mars,venus,марс,венера,магo,вещара
valve,ventilation,клапан,вентиляція,клтуан,веджиляція
ambulance,helicopter,швидка допомога,вертоліт,швидка дащомога,вертикіт
lower,upper,нижній,верхній,втжній,верхжил
engagement,wedding,заручення,весілля,долучення,весірия
night,evening,ніч,вечір,лач,веьор
boot,shoe,завантажувати,взуття,завантодувати,взутро
choose,select,обирати,вибирати,піирати,губирати
campaign,election,кампанія,вибори,кампанце,вибочк
candidate,voter,кандидат,виборець,кандидеш,викарця
earthquake,explosion,землетрус,вибух,зекаетрус,вигах
burst,explode,лопатись,вибухнути,лопарась,вигахнути
bomb,explosive,бомба,вибуховий,ботоа,вилаховий
research,study,дослідження,вивчення,дослвиження,вивчасно
kidnap,abduct,викрадати,вигнати,викрадцаи,висяати
gain,win,завиток,виграти,залюток,виставь
eliminate,remove,усунути,видалити,усерути,видакати
live,survive,жити,вижити,лати,вистти
concept,definition,концепція,визначення,концукція,вистачання
student,teacher,студент,викладач,столент,викладпя
obstacle,challenge,перешкода,виклик,перекодую,виерик
hanging,execution,висячий,виконання,вицучий,вичинання
apply,use,застосовувати,використання,запробовувати,використійно
kidnapper,ransom,викрадач,викуп,викрадпя,сткуп
spoon,fork,ложка,вилка,лотна,виїда
grab,catch,хапати,виловити,хапара,йоловити
champion,fighter,чемпіон,винищувач,чемптин,винилевач
innocent,guilty,невинний,винним,невиприй,виерим
forgive,excuse,прощати,виправдання,прбpати,великодання
contamination,radiation,забруднення,випромінювання,заображення,випропонованих
diploma,graduate,диплом,випускник,дипляж,випулиник
create,produce,створювати,виробляти,ствоговати,вироджяти
factory,production,завод,виробництво,забуд,виропоицтво
describe,express,описувати,висловлювати,опхтувати,вислуглювати
low,high,низький,високий,нисский,випикий
majesty,highness,величність,високість,величневть,винькість
weight,height,вага,висота,льга,випата
gallery,exhibition,галерея,виставка,мплерея,виймають
waste,spend,відходи,витрачати,віднали,витротати
exit,entrance,двері,вихід,злері,витад
monday,tuesday,понеділок,вівторок,поневалок,вічіорок
arrival,departure,прибуття,від'їзд,прибратя,віддоза
dna,fingerprint,дна,відбиток пальця,рса,відстерігаються
fidelity,devotion,вірність,відданість,вістість,відданство
dvd,video,двійник,відеоролик,сіійник,віздоровий
leave,abandon,залишати,відмовлятися,закошати,відтворяться
answer,reply,реагувати,відповідати,репоувати,відчувавати
presence,absence,присутність,відсутність,присраність,відйманість
impression,feeling,враження,відчуття,чиаження,відності
curse,witch,прокляття,відьма,проклявкя,відною
civil,military,цивільний,військовий,пoвільний,військійий
aids,hiv,снід,віл,сной,гел
freely,free,вільно,вільний,вільку,тольний
hope,faith,надія,віра,накая,вікр
trust,believe,довіра,вірити,довішо,марити
loyal,faithful,лояльний,вірний,одяльний,журний
protein,vitamin,білок,вітамін,калок,вітайлн
anchor,sail,якор,вітрило,агор,віетило
point,indicate,точка,вказувати,вічка,вкирувати
jurisdiction,authority,юрисдикція,влада,юрисдишнія,влита
property,owner,майно,власник,пойно,властлк
bear,wolf,ведмідь,вовк,вечіідь,вотна
passenger,driver,пасажирський,водій,паножирський,волюй
carbon,hydrogen,вугілля,водневий,цигілля,вораевий
soldier,warrior,солдат,воїн,соажат,воey
portal,gate,портал,ворота,поощал,строта
practice,exercise,практика,вправа,пракнька,вптива
flatter,impress,лестити,вражати,ледоити,вручати
sensational,spectacular,сенсаційний,вражаючий,сеоваційний,чиажаючий
outside,inside,назовні,всередині,надивні,рдередині
flee,escape,бігти,втеча,білли,втаса
refugee,fugitive,біженець,втікач,бічннець,втікll
avenue,street,проспект,вулиця,проагент,вулиін
eye,ear,око,вухо,рло,вудк
genius,scientist,геніальний,вчений,гертальний,вчорий
today,yesterday,сьогодні,вчора,сьогодер,вчена
bay,harbor,затока,гавань,замека,кивань
article,newspaper,стаття,газета,стхотя,гасота
universe,galaxy,всесвіт,галактика,всдевіт,галаарика
illusion,hallucination,ілюзія,галюкування,ирюзія,гавскування
pocket,wallet,кишеня,гаманець,авшеня,гамаршць
sandwich,hamburger,бутерброд,гамбургер,хотерброд,галаургер
workshop,garage,семінар,гараж,семімир,гайдж
balance,harmony,баланс,гармонія,балапа,гармонок
pretty,beautiful,привабливий,гарний,привтеливий,гальий
lesbian,gay,лесбійський,гей,лесбюлський,жій
cocaine,heroin,кокаїн,героїн,кокашт,героrd
deserve,worthy,заслуговувати,гідний,заслововувати,авдний
pride,dignity,гордість,гідність,госність,твдність
piano,guitar,піаніно,гітара,піанкро,интара
national,global,національний,глобальний,натоональний,глежальний
blind,deaf,сліпий,глухий,слзбий,глявий
nude,naked,оголений,голий,огерений,жалий
tired,hungry,втомлений,голодний,втомалний,голосяий
majority,vote,більшість,голосувати,більнюсть,голомівати
marathon,race,марафон,гонка,маракан,годаа
hill,mountain,пагорб,гора,пагоуя,адра
monkey,gorilla,мавпа,горила,маoга,гонала
whiskey,vodka,віскі,горілка,вііті,говолка
play,game,грати,гра,едати,уба
steal,rob,красти,грабувати,крлити,грснувати
coach,player,тренер,гравець,трютер,ювавець
kilo,gram,кілограм,гран,кілобрано,грлі
baron,countess,барон,графиня,балкн,графчая
roman,greek,римський,грецький,рисуький,овецький
lightning,thunder,блискавка,грім,блиссовка,грює
cash,money,готівка,гроші,голдвка,гріпі
november,december,листопад,грудень,литропад,неудень
stomach,chest,шлунок,груди,шлюпок,грїти
gang,group,банда,група,баьна,грйза
orchestra,band,оркестр,група,оркетер,грйза
offer,give,пропозиція,давати,пропозицнї,зовати
near,far,близько,далеко,акизько,далене
compliment,gift,комплімент,дар,компосмент,атр
window,door,вікно,двері,вірґо,злері
tank,engine,танк,двигун,тавш,двиглі
freedom,democracy,свобода,демократія,свобкса,демократьт
protest,demonstration,протест,демонстрація,протомт,демонстревія
stress,depression,стрес,депресія,стенс,дегресує
bush,tree,кущ,дерева,яощ,деребя
federal,state,федеральний,держава,федебольний,держзла
elsewhere,somewhere,деінде,десь,urіншому місці,делб
century,decade,століття,десятиліття,столітив,десяейліття
agent,detective,агент,детектив,счент,нитектив
courage,determination,мужність,детермінація,мужнїеть,детермарація
expensive,cheap,дорогий,дешевий,доробцй,деодвий
romeo,juliet,ромео,джульєтта,рокро,джульєума
reflection,mirror,відбиток,дзеркало,відстоки,вмеркало
look,watch,подивитися,дивитися,почевитися,диактися
unusual,strange,незвичайний,дивний,недвигаемся,зовний
impressive,amazing,вражаючий,дивовижний,чиажаючий,дицивижний
gunpowder,dynamite,порох,динаміт,пошах,динайгт
producer,director,виробник,директор,виропоик,боректор
baby,child,маля,дитина,буля,дитиск
youth,childhood,молодь,дитинство,молохи,дитижнтво
angel,devil,ангел,диявол,анзил,диявпу
boys,girls,хлопчики,дівчата,хллечики,діидата
active,activity,активний,діяльність,язтивний,діяльницть
top,bottom,вершина,дно,вершава,рсо
hello,bye,здравствуйте,до побачення,здравсрбуйте,доїхобачення
volunteer,voluntarily,волонтер,добровільно,володцер,добровжиьно
short,long,короткий,довго,короавий,дорло
size,length,розмір,довжина,розшёл,довжньа
respect,confidence,повага,довіра,пованоння,дофора
extra,additional,більше,додатковий,більті,довитковий
allow,let,дозволяти,дозволяє,домовлять,домовляв
evidence,proof,докази,доказ,докаря,ліказ
surgeon,doctor,хірург,доктор,сбрург,дочнор
file,document,управляти,документ,ціравляти,домімент
pound,dollar,фунт,долар,фусу,доабр
desert,valley,пустеля,долина,пустимя,доличи
fate,destiny,фатум,доля,антум,рiля
help,assist,довідка,допомагати,понадка,доподдгати
support,assistance,підтримка,допомога,піддружка,допомонт
route,path,маршрут,доріжка,магірут,ндріжка
ideal,perfect,ідеальний,досконалий,ввеальний,досконпpий
analyst,investigator,аналітик,дослідник,аналітті,дослерник
enough,sufficient,досить,достатньо,довгть,досталла
manage,succeed,управляти,досягати успіху,ціравляти,досягати спіхом
profit,income,прибуток,дохід,прибутіш,чехід
ping,ding,пінг,дрібний,піка,дровний
cable,wire,кабель,дріт,шибель,yміт
colleague,friend,колега,друг,колеут,дрve
relationship,friendship,відносини,дружба,відносном,дрсуба
husband,wife,чоловік,дружина,чолоідка,дрклина
polite,friendly,ввічливий,дружній,ввціливий,дрозній
extremely,very,надзвичайно,дуже,дисзвичайно,думо
consider,think,розглядати,думати,розступить,пимати
madness,stupidity,божевілля,дурість,божевісия,думксть
naïve,stupid,наївний,дурний,наодний,дурнул
soul,spirit,душа,дух,дубо,спх
stubborn,selfish,упертий,егоїстичний,упхмтий,боєїстичний
fashionable,elegant,модний,елегантний,падний,ельзантний
current,electricity,струм,електрика,сттiм,елековика
magnetic,electric,магнітний,електричний,маихітний,електренний
factor,element,фактор,елемент,біктор,елвлент
mental,emotional,психічний,емоційний,психроний,емшнійний
power,energy,потужність,енергія,потужньоть,енервая
plague,epidemic,чума,епідемія,жима,епгаемія
series,episode,серія,епізод,дурія,іpізод
influence,effect,вплив,ефект,впкав,мaект
useful,effective,корисний,ефективний,кооясний,дйективний
miserable,pathetic,жалкий,жалюгідний,мулкий,целюгідний
trick,joke,трюк,жарт,тред,церт
terrible,horrible,страшний,жахливий,страціий,жахливно
artist,painter,художник,живопис,хужежник,живоюєс
widow,woman,вдова,жінка,усова,винка
male,female,чоловічий,жіночий,чоловірей,жіновуй
september,october,вересень,жовтень,верекань,жовтаєь
red,yellow,червоний,жовтий,червтрий,жоцний
tough,hard,міцний,жорсткий,міарий,жорсючий
brutal,cruel,брутальний,жорстокий,воутальний,жорсавкий
evil,cruelty,зло,жорстокість,кио,жорстолпсть
swallow,chew,проковтнути,жувати,проковтніши,озвати
playboy,magazine,плейбой,журнал,ажейбой,жухвал
reporter,journalist,репортер,журналіст,ретертер,вірналіст
witty,funny,дотепний,забавний,алтепний,забарбий
forbidden,prohibit,заборонений,забороняти,забоденений,забодиняти
naturally,generally,природно,загалом,природку,загаррм
name,title,назва,заголовок,натом,заціловок
recover,heal,відновлювати,загоюватися,відвторювати,загодкатися
normally,usually,нормально,зазвичай,носиально,зазволяй
end,finish,кінець,закінчити,аднець,закіорити
illegal,legal,незаконний,законний,незаконная,заненний
opening,closure,відкриття,закриття,відвчився,закритич
stay,remain,перебування,залишати,перечуження,залиісти
attention,attract,уважність,залучати,увкіність,задичати
replace,substitute,замінити,замінник,замішати,затонник
palace,castle,палац,замку,паенц,заожу
key,lock,ключ,замок,клвк,защик
melt,freeze,розтопити,заморожувати,розмовини,заморопивати
forget,remember,забути,запам'ятати,забухг,запапіятати
taste,smell,смак,запах,смрт,заоих
record,recording,рекорд,записування,рекоар,запичивання
demand,request,попит,запит,лупит,зарут
question,ask,запитання,запитувати,запитатья,заратувати
ignorance,arrogance,незнання,зарозумілість,неграфія,томозумілість
pension,salary,пенсія,зарплата,пенсор,зарпкета
permission,approval,дозвіл,затвердження,доневі,затвергоення
flu,disease,грип,захворювання,грop,захвораяання
protect,defend,боронити,захищати,боробути,захиегти
southern,western,південний,західний,півмінних,завядний
locked,closed,замкнений,зачинено,заступний,занінено
comment,statement,коментар,заява,коментей,заїта
collect,gather,колекціонувати,збирати,колекцвинувати,люирати
pistol,weapon,пістолет,зброю,экстолет,пирою
arsenal,armory,арсенал,зброя,арізнал,збдая
proud,excited,гордий,збуджений,гордйо,збсюжений
ordinary,usual,стандартний,звичайний,стандартерй,звичткний
resignation,dismissal,відставка,звільнення,відрвався,звілймення
noise,sound,шум,звук,адм,звсб
capacity,ability,потенціал,здатність,потерсіал,здатласть
front,rear,фронт,ззаду,ніонт,оюаду
summer,winter,літній,зима,катній,ннма
admit,confess,визнавати,зізнатися,виставать,зізначити
celebrity,star,знаменитість,зірка,знамбритість,зікаа
shot,shoot,постріл,зйомка,постаєш,юкомка
jealous,angry,ревнивий,злий,резвивий,ежий
victim,attacker,жертва,зловмисник,желава,злвaмисник
sin,crime,гріх,злочинність,грев,злочсиність
contain,content,містити,зміст,щестити,змрят
worm,snake,черв'як,змія,червоюк,ерія
recognize,knew,визнавати,знав,виставать,учав
form,sign,форма,знак,фозка,знрт
popular,famous,популярний,знаменитий,пожалярний,знаменитки
now,know,зараз,знання,тераз,евання
experience,knowledge,досвід,знання,долиід,евання
search,find,пошук,знаходження,поцик,знесодження
death,disappearance,смерть,зникнення,смерск,знтонення
internal,external,внутрішній,зовнішній,внутрішним,зовновній
area,zone,площа,зона,плжча,орна
capsule,probe,капсула,зонд,капсжка,минд
spy,traitor,шпигун,зрадник,шпигод,кіадник
finally,eventually,нарешті,зрештою,нарербі,кіештою
realize,understand,усвідомлювати,зрозуміти,усвідратувати,зрочувати
nail,tooth,цвях,зубний,млях,удбний
conference,meeting,конференція,зустріч,коицеренція,зусталь
see,meet,дивитися,зустрічатися,почевитися,зуволікатися
doll,toy,лялька,іграшка,тилька,ігращиа
fool,idiot,дурень,ідіот,дукань,ідміт
food,meal,продукти,їжа,продхати,зга
drive,ride,водити,їздити,воріти,cвдити
imperial,emperor,імперський,імператор,гиперський,імпепотор
dynasty,empire,династія,імперія,династоз,імпетия
dose,injection,доза,ін'єкція,донк,іннекція
banker,investor,банкір,інвестор,банкта,вівестор
finance,invest,фінансування,інвестувати,винансування,інвестадати
person,individual,людина,індивідуальний,люлена,індивіслальний
chicken,turkey,курятина,індичка,куйттина,іншочка
examination,inspection,обстеження,інспекція,обстклення,іналекція
tool,instrument,знаряддя,інструмент,інозрумент,інструмеси
personal,intimate,особистий,інтимний,осюристий,іннюмний
instinct,intuition,інстинкт,інтуїція,омстинкт,інтуарія
virus,infection,вірус,інфекція,віінс,тофекція
source,informant,джерело,інформатор,джергао,інфомнатор
data,information,дані,інформація,инні,інформерія
similar,different,аналогічний,інший,аналогроний,іналй
irony,ironic,іронія,іронічний,іронст,пионічний
feed,eat,годувати,їсти,горівати,южти
probability,likely,вірогідність,ймовірно,віроткдність,въовірно
enter,go,вводити,йти,экодити,лoи
cup,coffee,чашка,кава,чаруа,капе
rock,stone,рок,камінь,чик,каміша
helmet,hat,шолом,капелюх,тїлом,кажалюх
anarchy,capitalism,анархія,капіталізм,анардся,кареталізм
commander,captain,командувач,капітан,командувпя,кажитан
church,chapel,церква,каплиця,цезгва,капляйя
bishop,cardinal,єпископ,кардинал,єписрет,кайтинал
compass,map,компас,карта,компуш,каска
mafia,cartel,мафія,картель,малкя,картирь
torment,torture,мучити,катування,муляти,естування
table,chair,таблиця,кафедра,таваиця,кафееба
goose,duck,гусак,качка,гущек,кадеа
half,quarter,половина,квартал,полофіна,удартал
house,apartment,будинок,квартира,людинок,квектира
plant,flower,рослина,квітка,рожчина,квзіка
picnic,camping,пікнік,кемпінг,піадік,кеббінг
floor,carpet,підлога,килимок,підзоро,айлимок
air,oxygen,повітря,кисень,повікея,китинь
donkey,horse,осел,кінь,ерел,ишнь
dog,cat,собака,кішка,собазо,зршка
typical,classic,типовий,класичний,поповий,клуличний
patient,client,хворий,клієнт,хворех,смієнт
hospital,clinic,лікарня,клініка,лікааля,кламіка
swear,oath,присягати,клятва,присукати,клеива
bible,book,біблія,книга,біaція,кнїда
princess,prince,принцеса,князь,принцеду,стязь
rodeo,cowboy,родео,ковбойський,рормо,копіойський
drop,sip,падіння,ковток,ердіння,коклок
never,ever,ніколи,коли-небудь,ніконн,колинебїль
shoulder,knee,плече,коліна,пломе,коивна
league,team,ліга,команда,лізл,комаьна
spider,insect,павук,комаха,паерк,комайб
drama,comedy,драма,комедія,дріка,кородія
inspector,commissioner,інспектор,комісар,інсмертна,коміґер
commission,committee,комісія,комітет,коллсія,косутет
software,computer,програмне забезпечення,комп'ютер,ексграмне забезпечення,компнітер
racist,communist,расист,комуніст,раинст,комуніве
law,constitution,закон,конституція,зачен,конставився
advice,advise,консультація,консультувати,консультурія,консулихувати
private,privacy,приватний,конфіденційність,привсаний,ковхіденційність
focus,concentrate,зосереджувати,концентрат,зосерештувати,коясентрат
tour,concert,турист,концерт,туриро,коимерт
rum,cognac,ром,коньяк,ніхм,ковдяк
original,copy,оригінальний,копіювати,оригадальний,котиювати
royal,kingdom,королівський,королівство,коровавський,коровавство
queen,king,королева,короля,королере,корожк
company,corporation,компанія,корпорація,компанди,кофлорація
mistress,lover,господиня,коханець,господчая,кояянець
diamond,jewel,алмаз,коштовність,албуз,коштовоксть
bind,tie,пов'язувати,краватка,пойтязувати,кравтяка
charm,beauty,чарівність,краса,злрівність,кріда
credit,loan,борг,кредит,мерг,кредім
situation,crisis,ситуація,криза,інтуація,крдра
thief,criminal,злодій,кримінальний,чаодій,крстінальний
glasses,cap,окуляри,кришка,окулкви,кражка
fox,rabbit,лисиця,кролик,бесиця,кролів
relative,cousin,відносний,кузен,відсічний,куанн
caliber,bullet,калібр,куля,калікл,атля
shirt,jacket,сорочка,куртка,герочка,куртац
dragon,lion,дракон,лев,дрброн,бoв
myth,legend,міф,легенда,ефф,легеица
impossible,easy,неможливий,легкий,неможливно,легков
darkness,light,темрява,легкий,темропа,легков
lord,lady,лорд,леді,лоар,лесл
sergeant,lieutenant,сержант,лейтенант,сержитт,легоенант
seminar,lecture,семінар,лекція,семімир,лекцнї
suck,lick,смоктати,лизати,смдетати,лизапе
june,july,червень,липень,червикь,лишінь
cough,fever,кашель,лихоманка,касиль,лилеманка
conservative,liberal,консервативний,ліберальний,подсорвативний,лізоральний
right,left,правий,ліворуч,прткий,ліпшруч
member,leader,член,лідер,мйен,ліндр
sofa,bed,диван,ліжка,суван,лісна
alcohol,drug,алкоголь,ліки,алкобиль,дски
therapy,treatment,терапія,лікування,тераббя,літавання
taxi,limousine,таксі,лімузин,танкі,лірізин
ming,ling,мін,лін,пхн,усн
jungle,forest,джунглі,ліс,джбіглі,анс
land,fly,земля,літати,зервя,лірити
art,literature,мистецтво,література,мистмство,літепитура
tuna,lobster,тунець,лобстер,тунепр,одбстер
hate,love,ненависть,любов,ненавимаь,люсив
population,people,населення,люди,нахалення,люсь
man,human,людина,людський,люлена,люолький
anger,rage,гнів,лють,аків,четь
scare,frighten,налякати,лякати,напекати,янкати
nerve,muscle,нервовий,м'яз,нелновий,м'їс
pork,meat,свинина,м'ясо,свинтра,м'ґпо
maybe,probably,може бути,мабуть,можеасути,майать
shop,store,крамниця,магазин,крамнинт,магасан
ketchup,mayonnaise,кетчуп,майонез,кечтуп,маранез
minimum,maximum,мінімальний,максимальний,міормальний,малаимальний
little,small,мало,малий,маст,жилий
paint,draw,фарбувати,малювати,горбувати,вклювати
daddy,mum,тато,мама,тайт,авма
control,manipulate,контроль,маніпулювати,контрозі,манізалювати
advertising,marketing,реклама,маркетинг,наклама,маждетинг
yoga,massage,йога,масаж,maга,матож
coal,oil,вугілля,масло,цигілля,дісло
honey,butter,мед,масло,илд,дісло
physics,mathematics,фізика,математика,фіечка,матеманька
pirate,sailor,піратський,матрос,пірагоький,острос
tournament,match,турнір,матч,туфлір,марп
robot,machine,робот,машина,роріт,маріна
vehicle,car,транспортний засіб,машина,транспортналізацію,маріна
trophy,medal,трофей,медаль,трпией,меркль
artifact,medallion,артефакт,медальйон,артеушкт,меткльйон
sheriff,mayor,шериф,мера,итриф,меть
alive,dead,живий,мертвий,девий,мертатй
iron,metal,залізо,металевий,заліiй,метанувий
kilometer,meter,кілометр,метр,зрлометр,меin
technical,mechanical,технічний,механічний,технланий,меатнічний
sweet,cute,солодкий,милий,сологіий,халий
forgiveness,mercy,прощення,милосердя,пршлення,милосепья
future,past,майбутнє,минуле,майбежнє,миасле
clean,wash,чистий,мити,чистсь,ояти
telescope,microscope,телескоп,мікроскоп,телепсон,мікропсон
camera,microphone,камеру,мікрофон,камеам,мікриєон
million,billion,мільйон,мільярд,мільовн,мількуд
embassy,ministry,посольство,міністерство,посовиство,міністердиво
ambassador,minister,посла,міністр,подаа,мінінор
plus,minus,плюс,мінус,плїй,міекс
task,mission,завдання,місія,владання,міжня
capital,city,капітал,місто,кандтал,мітко
regional,local,регіональний,місцевий,реабональний,місцяний
box,bag,коробка,мішок,коропоа,мізек
silent,silence,мовчазний,мовчання,мовчийний,моккання
chance,possibility,шанс,можливість,шарэ,можлчність
dry,wet,сухий,мокрий,суьфй,мокзал
old,young,старий,молодий,старос,молофбй
senior,junior,старший,молодший,старосй,молоящий
stick,hammer,палиця,молоток,палиін,моловнк
orphanage,convent,сиріт,монастир,сишьт,монастзо
temple,monastery,храм,монастир,хрру,монастзо
screen,monitor,екран,монітор,еклин,моніжкр
orgasm,erection,оргазм,монтаж,оргавр,монтлa
aspirin,morphine,аспірин,морфін,аскирин,модіін
hotel,motel,готель,мотель,митель,мойкль
scary,creepy,страшний,моторошний,страціий,моторобаий
chain,rope,ланцюг,мотузка,ланциx,мотуиса
nightmare,dream,кошмар,мрія,кошмрд,мрди
library,museum,бібліотека,музей,бібліоадка,мунбй
jazz,music,джаз,музика,джхо,муечка
singer,musician,співак,музикант,предак,ризикант
bee,ant,бджола,мурашка,бдібла,мурайоа
evolution,mutation,еволюція,мутація,дюолюція,октація
round,around,круглий,навколо,кржолий,наніоло
accidentally,intentionally,випадково,навмисно,викидково,навмиску
opposite,contrary,інший,навпаки,іналй,наpеаки
learn,teach,навчатися,навчати,наводится,нарости
bonus,reward,бонус,нагорода,бойфс,налирода
enable,provide,дозволяти,надавати,домовлять,назовати
urgent,emergency,терміновий,надзвичайний,термуловий,дисзвичайний
bring,send,приносити,надсилати,прининити,наирилати
eternal,forever,вічний,назавжди,ричний,назаскди
ring,necklace,кільце,намисто,иальце,намилио
purpose,intention,призначення,намір,пристачання,настр
reading,writing,читання,написання,читатья,написакся
groom,bride,наречений,наречена,надичений,насмчена
country,nation,країна,народ,кргіна,налад
anniversary,birthday,ювілей,народження,тлілей,тородження
actually,really,фактично,насправді,наспівати,наспівати
inspire,inspiration,надихати,натхнення,авдихати,навпнення
technology,science,технологія,наука,технутогія,наваа
risk,danger,ризик,небезпека,ричнк,небеолека
risky,dangerous,ризикований,небезпечний,ритькований,небезпткний
sky,heavenly,небо,небесний,нейб,неберёий
anonymous,unknown,анонімний,невідомий,анонвкний,невіробив
positive,negative,позитивний,негативний,помнтивний,вигативний
Saturday,Sunday,субота,неділя,суціта,неапля
inability,unable,нездатність,нездатний,неопасность,нестатній
uncomfortable,unpleasant,незручний,неприємний,незрсений,неприємств
worried,nervous,стурбований,нервовий,стоїбований,неітовий
suddenly,unexpectedly,раптом,несподівано,райром,несподамано
injustice,unfair,неправедність,несправедливість,неправедместь,неприветствовать
poverty,misery,бідність,нещастя,біднойть,нещавія
unfortunate,misfortune,нещасний,нещастя,неросний,нещавія
just,recently,просто,нещодавно,просує,неукдавно
soft,gentle,м'який,ніжний,фмякий,фржний
useless,worthless,марний,нікчемний,максий,ніоземний
channel,news,канал,новини,кадом,новиро
sword,knife,меч,ніж,лмч,ояж
healthy,normal,здоровий,нормальний,здртовий,нормалский
mouth,nose,рот,нос,мут,анс
diarrhea,nausea,діарея,нудота,діарог,нуткта
complaint,accusation,скарга,обвинувачення,скаріф,обвинуінчення
conversation,discussion,розмова,обговорення,роздому,объеворення
snack,lunch,закуска,обід,закунта,обви
kiss,hug,поцілунок,обіймати,поцісонок,обідания
guarantee,promise,гарантія,обіцянка,гарашкія,объеянка
equipment,equip,обладнання,обладнувати,облаккання,облалоувати
responsibility,duty,відповідальність,обов'язок,відповідвертість,обоврюзок
insult,offend,образливість,ображати,образлвність,обпожати
service,maintenance,служба,обслуговування,слніба,обіцуговування
dirty,disgusting,брудний,огидний,брланий,огидайй
single,married,одиночний,одружений,одинтиний,даружений
river,lake,річка,озеро,кечка,преро
sea,ocean,море,океан,молв,окeaн
fresh,refresh,свіжий,оновити,сврший,онсоити
profile,description,профіль,опис,профарь,опіт
midnight,noon,опівночі,опівдні,опцяночі,опівіяі
resistance,resist,супротив,опір,сукриття,опнi
enemy,opponent,ворог,опонент,воонг,опімент
planet,orbit,планета,орбіта,планлла,орчита
arrange,organize,сортувати,організувати,чартувати,оргавезувати
tenant,landlord,орендар,орендодавець,оренкур,оренандавець
hire,rent,наймання,орендувати,нагнанні,ордадувати
health,education,здоров'я,освіта,здоровжб,осльта
spring,autumn,весна,осінь,веньа,ркінь
character,personality,характер,особистість,здрактер,осялистість
first,last,спочатку,остання,спєбатку,остатья
final,ultimate,останній,остаточний,вітанній,останічний
crack,hole,тріщина,отворити,трйвина,отвотати
desk,office,стіл,офіс,сткх,офув
waiter,waitress,офіціант,офіціантка,адіціант,офіціантех
officially,official,офіційно,офіційний,фліційно,шуіційний
observation,evaluation,спостереження,оцінка,споставляется,оцініц
admire,appreciate,захоплюватися,оцінювати,захонцюватися,оцнцювати
clearly,obviously,чітко,очевидно,нятко,сревидно
wait,expect,чекати,очікувати,челити,срікувати
sober,drunk,тверезий,п'яний,фоерезий,ьpяний
internet,web,інтернет,павутина,інтерной,совутина
envelope,package,конверт,пакет,коиберт,пасит
gas,fuel,газ,паливо,оуз,диливо
cabin,deck,кабіна,палуба,кащена,палужи
uncle,dad,дядько,папа,ведько,пахи
section,paragraph,розділ,параграф,розпри,парастан
choice,option,вибір,параметр,вицар,параїнтр
supernatural,paranormal,надприродливий,паранормальний,дисприродливий,паратьрмальний
wall,fence,стіна,паркан,стяла,паклан
code,password,кодекс,пароль,кококс,паробу
reception,party,прийом,партія,прутом,партой
lipstick,perfume,помада,парфуми,поддда,парфьни
ticket,passport,квиток,паспорт,квитит,паспіст
guard,patrol,охоронець,патруль,охороноль,патрадь
mouse,rat,миша,пацюк,милт,патік
paradise,hell,рай,пекло,лий,пердо
vagina,penis,піхва,пеніс,піежа,емніс
secondary,primary,вторинний,первинний,втортоний,пеоринний
underestimate,exaggerate,недооцінювати,перебільшувати,недоклінювати,переголошувати
sensor,transmitter,датчик,передавач,даитик,перебачав
move,transfer,рухатися,передача,руботися,передомі
loser,winner,невдаха,переможець,небоаха,переношень
smash,break,розбити,перерва,розника,перемов
follow,chase,слідувати,переслідувати,слязувати,перешкодувати
radius,perimeter,радіус,периметр,раділк,перитнтр
phase,period,фаза,період,фаже,періря
view,perspective,погляд,перспективний,подані,здіспективний
kidney,liver,нирка,печінка,нимса,перьнка
drink,beer,пити,пиво,літи,питт
ash,dust,зола,пил,ігла,ейл
rusty,dusty,іржавий,пильний,нджавий,шальний
read,write,читати,писати,адтати,пироти
poet,writer,поет,письменник,порц,письмексик
south,north,південний,північний,півмінних,півмовний
ready,prepare,готовий,підготувати,готогой,підказувати
contact,connection,контакт,підключення,контйпт,підлученням
teenage,teenager,підлітковий,підліток,підздоровий,підїздок
doubt,suspect,сумніватися,підозрювати,сумнюдатися,підозірвуть
stamp,signature,печатка,підпис,печаріа,підвёл
millionaire,entrepreneur,мільйонер,підприємець,мільтенер,підприємних
unit,division,відділ,підрозділ,відати,підрозпрос
check,verify,відмовляти,затверджувати,відмістити,підкредитувати
confirmation,confirm,підтвердження,підтверджувати,підпорядження,підкредитувати
preserve,maintain,заповідник,підтримувати,заповідйди,піддрукувати
astronaut,pilot,космонавт,пілот,космонзіт,ислот
album,song,альбом,пісня,алсьом,піиея
mud,sand,бруд,пісок,бррг,пільк
rifle,gun,гвинтівка,пістолет,оринтівка,піхоолет
oven,stove,духовка,піч,дупивка,роч
drown,swim,занурений,плавати,занувоний,одавати
preparation,planning,підготовка,планування,підголовий,пландрання
cement,plastic,цемент,пластик,цемесу,пласшок
grandson,nephew,онук,племінник,онлa,племюзник
glass,bottle,склянка,пляшка,скуднка,плдука
back,return,замикання,повертатися,замиміння,повеахатися
layer,surface,шар,поверхня,ьор,провідня
warning,message,увага,повідомлення,увума,повітворення
report,inform,доповідь,повідомляти,дополодь,повідіслати
empty,full,порожній,повний,поротрій,почуий
total,complete,загальний,повний,загарнний,почуий
absolutely,completely,абсолютно,повністю,счсолютно,тивністю
turn,rotate,поворот,крутити,повоеят,крквити
good,bad,добрий,поганий,добрач,покуний
theft,robbery,крадіжка,пограбування,крадьбка,подтабування
phenomenon,event,явище,подія,узище,помая
hospitality,gratitude,гостинність,подяка,гостданість,пордка
text,poem,текст,поема,тетот,даема
charity,donation,благодійність,пожертвування,блігоднїність,пожертневання
penalty,imprisonment,штраф,позбавлення волі,тираф,посправедливість
status,position,статус,позиція,статко,погація
gambling,poker,гральний,покер,гребьний,сткер
insert,put,вставляти,покладати,встанаяти,поклучати
nanny,maid,няня,покоївка,азня,поконюка
seller,buyer,продавець,покупець,прплавець,посипець
arena,battlefield,арена,поле бою,геена,полецфою
change,improvement,зміна,поліпшення,змлла,полівоення
landing,flight,посадка,політ,побідка,позут
policy,politician,політика,політик,полінька,попатик
journalism,politics,журналістика,політика,жухвалістика,поантика
critical,political,критичний,політичний,критенний,пожатичний
general,colonel,загальний,полковник,загарнний,поєдовник
fire,flame,пожежа,полум'я,потажа,полутця
banana,strawberry,банан,полуниця,баґен,поизниця
green,orange,зелений,помаранчевий,іслений,помаранчяний
suffer,die,страждати,померти,стракеати,поменни
error,mistake,похибка,помилка,помириа,помириа
fake,FALSE,підробка,помилковий,підгроза,помириовий
potato,tomato,картопля,помідор,картітля,поездор
secretary,assistant,секретар,помічник,секривар,поначник
victory,defeat,перемога,поразка,перекопе,поратяа
command,order,командування,порядок,комаятування,побідок
always,constantly,завжди,постійно,зарїйди,постання
disgusting,ugly,жалюгідний,потворний,пелюгідний,потвортай
necessary,need,необхідний,потреба,необисдний,потрожа
double,triple,подвійний,потрійний,подалений,почнійний
dig,bury,копати,поховати,копадк,потувати
coffin,funeral,труна,похоронний,шлуна,похороский
listen,hear,слухати,почути,слрчати,подети
explanation,plausible,пояснення,правдоподібний,поясувння,прававподібний
wrong,correct,неправильний,правильний,нецьавильний,правилский
literally,practically,буквально,практично,хоквально,прбитично
object,subject,об'єкт,предмет,обозкт,прпхмет
chancellor,president,канцлер,президент,кауглер,прогидент
button,press,кнопок,прес,кнелок,прол
crown,throne,корона,престол,корори,пресайл
congratulate,greet,вітати,привітати,віакти,привощати
comfortable,pleasant,зручний,приємний,кіучний,приєіший
nobel,prize,нова,приз,ноое,прбт
refuse,accept,відмовляти,приймати,відмістити,придания
ass,butt,попряма,приклад,попріда,приквид
chip,device,чіп,прилад,скп,приліє
trap,bait,пастка,приманка,тестка,пріванка
conclusion,assumption,висновок,припущення,висновці,припьнення
enthusiasm,passion,ентузіазм,пристрасть,ентузіхам,пристршать
refuge,shelter,безпека,притулок,безмова,притенок
arrive,come,прибути,приходити,прибави,прородити
reason,cause,результат,причина,базультат,профина
nickname,surname,псевдонім,прізвище,псевбінім,неузвище
out,about,з,про,кс,цио
trouble,problem,неприємність,проблема,непритомніла,протнемо
success,failure,успіх,провал,усхдх,провей
project,program,проект,програма,проедж,простана
nap,stroll,дрімати,прогулянка,друшати,прогулміка
run,walk,запустити,прогулянка,завостити,прогулміка
buy,sell,купувати,продавати,куневати,прплавати
auction,sale,аукціон,продаж,roкціон,продin
proceed,continue,дотепність,продовжувати,докопність,продовимвати
brand,product,марка,продукт,маста,продкбт
show,performance,показувати,продуктивність,показаде,продуктивнойть
lawyer,prosecutor,юрист,прокурор,ейист,прокабор
speech,sermon,виступ,проповідь,виграф,проповорь
propose,suggest,рекомендувати,пропонувати,рекокандувати,пропнтувати
simply,simple,просто,простий,просує,просней
rule,protocol,правила,протокол,правтоа,протокея
model,prototype,модель,прототип,могиль,прототег
amateur,professional,аматорський,професійний,аматормікий,профстійний
dean,professor,декан,професор,дефон,профятор
warm,cool,теплий,прохолодний,тебpий,прохоронних
process,procedure,процес,процедура,пркрес,процедода
medical,psychological,медичний,психологічний,медивуий,психологроний
anatomy,psychology,анатомія,психологія,анатомди,псхнологія
butterfly,bird,метелик,птах,уєтелик,уиах
pleasure,joy,задоволення,радість,зайнволення,радіозь
county,district,округ,район,оклег,радян
tumor,cancer,пухлина,рак,пухляда,зок
rocket,missile,ракета,ракетний,раждта,ракенсий
toilet,sink,туалет,раковина,иналет,нсковина
late,early,пізно,рано,піито,отно
tomorrow,morning,завтра,ранок,затьра,отнок
squirrel,raccoon,білка,раноподібний,релка,ратьподібний
generator,reactor,генератор,реактор,арнератор,редатор
optimistic,realistic,оптимістичний,реалістичний,оптищестичний,реалектичний
TRUE,real,справжній,реальний,спраконій,ренньний
result,outcome,підсумок,результат,підвиток,базультат
philosophy,religion,філософія,релігія,вилософія,реергія
fix,repair,виправляти,ремонт,виправнати,ремога
career,reputation,кар'єра,репутація,канієра,речнтація
pub,restaurant,паб,ресторан,дйб,реліоран
word,sentence,слово,речення,слуго,ресуння
shark,fish,акула,риба,акита,изба
hunting,fishing,полювання,риболовля,потовання,риболоайя
caesar,rome,кесар,рим,кечур,вимї
badge,uniform,значок,рівномірний,значем,рівнквірний
liquid,fluid,потік,рідина,рятік,гoдина
occasionally,rarely,зрідка,рідко,зранка,рінто
make,do,виробляти,робити,вироджяти,тебити
farmer,worker,фермер,робітник,фенцер,родотник
job,work,праця,робота,ростта,ростта
fall,collapse,падіння,розвал,ердіння,розняв
progress,development,прогрес,розвиток,проднем,роззвимо
calendar,schedule,календар,розклад,кантндар,роззван
talk,speak,розмова,розмовляти,роздому,розтворити
say,tell,сказати,розповідати,сказіви,роздавивати
count,calculate,рахувати,розраховувати,ратавати,розвойовувати
tear,cut,розрив,розрізати,розлік,роззвести
examine,investigate,вивчати,розслідувати,випроти,розшкодувати
place,location,місце,розташування,мівже,розвідування
smart,intelligent,кмітливий,розумний,срітливий,розвонит
fair,reasonable,ярмарок,розумний,яропрок,розвонит
surprise,disappointment,сюрприз,розчарування,сюрпецi,роздозування
dramatic,romantic,драматичний,романтичний,друзатичний,романтенний
creation,destruction,створення,руйнування,стобрення,лайнування
hand,arm,ручний,ручка,исчний,рухоа
paper,pen,папір,ручка,пайтр,рухоа
blanket,towel,ковдра,рушник,коезра,руетик
hero,savior,герой,рятівник,аррой,рялавник
espionage,sabotage,шпигунство,саботаж,шпигунiвво,садятаж
soup,salad,суп,салат,тап,сагут
alone,lonely,єдиний,самотній,єдвгий,самогиій
ninja,samurai,ніндзя,самурай,ніндос,садорай
mile,centimeter,миля,сантиметр,миме,сантимзар
cow,pig,корова,свиня,короіе,свгая
horn,whistle,ріг,свисток,онг,тристок
witness,testimony,свідок,свідчення,свідал,свлючення
international,world,міжнародний,світ,спінародний,свис
sunset,dawn,захід сонця,світанок,захіпісонця,світанут
lamp,candle,лампа,свічка,латеа,свелка
christmas,holiday,різдвяний,свято,різдeбний,свгло
monk,priest,монах,священик,моших,свящящик
camp,village,табір,село,тагер,усло
parliament,senate,парламент,сенат,пагоамент,севит
governor,senator,губернатор,сенатор,губерницор,семотор
blood,urine,кров,сеча,паов,туча
smoke,cigar,дим,сигара,цем,сидіра
tobacco,cigarette,тютюн,сигарета,тюврн,сигарезо
frequency,signal,частота,сигнал,злстота,сизвал
alert,alarm,сповіщення,сигналізація,сповосення,сигналграція
stand,sit,стояти,сидіти,стбути,сигати
strength,force,міць,сила,рець,опла
firmly,strongly,міцно,сильно,міпро,сильку
heavy,heavily,важкий,сильно,ваєвий,сильку
flag,symbol,прапор,символ,пругор,симвпу
daughter,son,дочка,син,дохна,льун
symptom,syndrome,симптом,синдром,симпьюм,нокдром
brown,blue,коричневий,синій,ковічневий,пеній
scratch,bruise,дряпати,синяк,дрбкати,есняк
bread,cheese,хліб,сир,хляж,ьор
network,system,мережа,система,мереяю,систада
milk,juice,молочний,сік,моловуий,шук
clan,family,клан,сім'я,ркан,сікея
gossip,scandal,плітки,скандал,снітки,сковдал
increase,reduce,збільшити,скорочувати,збілтрити,скоружувати
humble,modest,стриманий,скромний,стритуний,скроблий
strong,weak,сильний,слабкий,звльний,слабовй
glorious,glory,славний,слава,славлюй,слжна
slave,servant,раб,слуга,ьдб,слмна
tasty,delicious,апетитний,смачний,яретитний,смгений
trash,garbage,кошик,сміття,ковчк,смиртя
smile,laugh,усмішка,сміятися,устяшка,смветися
shooter,sniper,шутер,снайпер,нітер,храйпер
rain,snow,дощ,сніг,ьцщ,снрх
dinner,breakfast,обід,сніданок,обьім,сніденну
lemonade,soda,лимонад,сода,дімонад,сомб
moon,sun,місяць,сонце,міраць,союче
lunar,solar,місячний,сонячний,мінечний,солдчний
cream,sauce,крем,соус,круж,сожр
lasagna,spaghetti,лазанья,спагетті,лазаждя,спаглаті
room,bedroom,кімната,спальня,учмната,спалайя
chaos,confusion,хаос,спантеличеність,хаєш,ужантеличеність
grateful,thank,вдячний,спасибі,вдшиний,спасйті
rest,sleep,спокійний,спати,спокманий,итати
expert,specialist,експерт,спеціаліст,експиши,спеціаліза
patience,compassion,терпіння,співчуття,теісіння,співкрити
navigation,communication,навігація,спілкування,навіавція,спаркування
society,community,суспільство,спільнота,сустільного,спільниса
quiet,calm,спокійно,спокійний,спокочно,спокманий
hobby,sport,хобі,спорт,хоун,сплит
revenge,justice,помститися,справедливість,порутитися,справедлчність
hunger,thirst,голод,спрага,гоойд,спрахy
try,attempt,спробувати,спроба,спрольвати,спровї
golden,silver,золотий,срібло,зологій,сропло
opinion,attitude,думка,ставлення,дусна,стюблення
concrete,steel,бетон,сталь,яштон,стноь
platform,station,платформа,станція,платфозка,станкая
occur,happen,виникнути,статися,винишпути,струися
monument,statue,пам'ятник,статуя,панзятник,статєї
monster,creature,монстр,створіння,монсal,стводання
rhythm,style,ритм,стиль,риьс,стечь
thousand,hundred,тисяча,сто,тисяиш,тко
prevent,stop,заважати,стоп,заваноти,ствo
hit,strike,ударити,страйк,кварити,страцi
plan,strategy,планувати,стратегія,планецати,стратервя
horror,fear,жах,страх,ржх,стших
climb,jump,підйом,стрибок,піддеш,ворибок
pyramid,structure,піраміда,структура,пірамімо,структейа
court,judge,судовий,судити,судомой,редити
crew,ship,екіпаж,судно,екулаж,сумео
hearing,trial,слух,судовий процес,сляд,судовийпробуем
skirt,dress,спідниця,сукня,спишниця,суфпя
sum,amount,число,сума,вусло,сужд
combination,mixture,поєднання,суміш,поєддайте,таміш
conflict,dispute,конфлікт,суперечка,конфліск,супережеа
escort,accompany,ескорт,супроводжувати,алкорт,супровождается
radar,satellite,радар,супутник,рахер,сувотник
west,east,західний,східний,завядний,схерний
cover,hide,покривати,сховатися,секривати,рговатися
tablet,pill,капсула,таблетка,капсжка,таблочка
secret,mystery,секретний,таємниця,секрцений,таавниця
detonator,timer,детонатор,таймер,астонатор,таерер
okay,yeah,гаразд,так,гаратч,няк
potential,talent,потенціал,талант,потерсіал,таласу
here,there,тут,там,янт,рем
dancer,dance,танцівниця,танцювати,таорівниця,таінювати
bowl,plate,чаша,тарілка,киша,ндрілка
beast,animal,звір,тварина,звes,твсвина
imagination,creativity,уява,творчість,езва,творвусть
cinema,theater,кінотеатр,театр,кірстеатр,здатр
radio,television,радіо,телебачення,рарго,теленичення
call,telephone,зателефонувати,телефон,зателеикнувати,телерін
shadow,dark,тінь,темний,тіво,теіший
heat,temperature,тепло,температура,теяго,термература
golf,tennis,гольф,теніс,іальф,йоніс
idea,theory,ідея,теорія,ідпу,теорди
experiment,test,експеримент,тестування,експерервна,тестадання
method,technique,метод,техніка,мерёд,технама
month,week,місяць,тиждень,міраць,тисцень
pulse,pressure,пульс,тиск,пунес,типе
skin,tissue,шкіра,тканина,шкєва,eканина
thin,thick,тонкий,товстий,ранкий,тонетий
commercial,merchant,комерційний,торговець,кометкійний,торговщиь
hurricane,tornado,ураган,торнадо,ураглі,товеадо
dessert,cake,десерт,торт,дейкрт,тові
wound,injury,рана,травма,рате,травніє
sad,tragic,сумний,трагічний,суіший,трагланий
modern,traditional,сучасний,традиційний,сучаснов,трулиційний
circle,triangle,кола,трикутник,обла,трчнутник
body,corpse,тіло,труп,згло,триі
one,three,один,три,лоин,чеи
cloud,fog,хмара,туман,зхара,туєтн
bridge,tunnel,міст,тунель,міве,туємль
concern,worry,занепокоєння,турбота,занепокоійня,турбана
interrupt,disturb,переривати,турбувати,перегадати,тустувати
push,pull,штовхати,тягнути,штовійти,тягншки
poison,kill,отрута,убити,отвiта,рдити
hostage,prisoner,заручниця,ув'язнений,загичниця,увбiзнений
contract,agreement,договір,угоду,догодар,угачу
beach,coast,пляжний,узбережжі,плірний,узберепті
college,university,коледж,університет,колеур,універкатет
special,unique,особливий,унікальний,особповий,унршальний
administration,government,адміністрація,уряд,адміністенція,урнщ
rescue,save,порятунок,урятувати,потатунок,уримувати
heritage,inherit,спадщина,успадковувати,спадеена,непадковувати
hold,keep,зберігати,утримувати,саерігати,утьсмувати
mail,fax,пошта,факс,поєда,інкс
reality,fantasy,реальність,фантазія,реальненть,фантазди
wonderful,fantastic,чудовий,фантастичний,чудодай,фабрастичний
deadly,fatal,смертельний,фатальний,чеертельний,файтльний
colony,federation,колонія,федерація,коатнія,федеенція
carnival,festival,карнавал,фестиваль,каогавал,дістиваль
sexual,physical,сексуальний,фізичний,сексмільний,фізитиий
porn,movie,порно,фільм,поупо,вельм
banking,financial,банківський,фінансовий,баанівський,винансовий
budget,funding,бюджет,фінансування,бюзует,фінаудування
financially,financing,фінансово,фінансування,винансово,фінаудування
naval,fleet,морський,флот,мокрький,адот
marine,navy,корабель,флот,корабезп,адот
autograph,photographer,автограф,фотограф,однограф,фоторвав
picture,photo,картина,фотографія,картвоа,фотознания
dictionary,phrase,словник,фраза,слугник,фреба
english,french,англійська мова,французький,англійськашвова,францусский
apple,fruit,яблучний,фрукти,мллучний,фрукат
operational,functional,оперативний,функціональний,оператобний,футиціональний
basketball,football,баскетбол,футбол,баллетбол,сдтбол
second,minute,другий,хвилина,дролий,хвєдина
ill,sick,нездоровий,хворий,недеоролик,хвакий
prey,predator,здобич,хижак,здобои,хивек
operate,surgery,працювати,хірургія,превювати,хірунзія
girl,boy,дівчина,хлопчик,ливчина,хлопадк
hot,cold,гарячий,холодний,гапечий,булодний
noble,brave,благородний,хоробрий,благорівний,хорозкий
catholic,christian,католицький,християнин,католиччкий,христиноин
cloth,handkerchief,тканина,хустка,тканійа,хутрка
grave,cemetery,могила,цвинтар,моолла,млинтар
brain,cerebral,мозок,церебральний,мотак,цереплальний
ritual,ceremony,ритуальний,церемонія,рииральний,жаремонія
garlic,onion,часник,цибуля,кисник,цибурх
culture,civilization,культура,цивілізація,кульшора,циублізація
naive,cynical,наївний,цинічний,наодний,нанічний
zoo,circus,зоопарк,цирк,зоопмик,циоу
exciting,interesting,захоплюючий,цікавий,захоплдячий,квкавий
value,price,вартість,ціна,вартизть,онна
attractive,charming,привабливий,чарівний,привтеливий,чативний
magic,wizard,магія,чарівник,маоля,чативник
matter,particle,матерія,частка,матеття,кистка
sometimes,often,іноді,часто,інмні,злсто
competition,championship,конкуренція,чемпіонат,конкуррація,чемпіоіст
spinal,abdominal,хребетний,черевний,стебетний,черениий
bone,skull,кістка,череп,учстка,чеьнп
snail,turtle,равлик,черепаха,раітик,череайха
decent,honest,пристойний,чесний,придвійний,чеснов
loyalty,honesty,лояльність,чесність,фіяльність,чеснееть
privilege,honor,привілей,честь,привмрей,смсть
third,fourth,третій,четвертий,трвсій,четверенй
submarine,boat,підводний човен,човен,підответственно,чоррн
white,black,білий,чорний,еслий,бирний
two,four,два,чотири,єра,чобари
exceptional,remarkable,винятковий,чудовий,вичітковий,чудогой
nice,lovely,приємний,чудовий,приєіший,чудогой
ufo,alien,НЛО,чужий,яро,чумбй
delicate,sensitive,делікатний,чутливий,еллікатний,чутливно
wine,champagne,виноробство,шампанське,винорозмтво,шарианське
bribe,blackmail,хабар,шантаж,рібар,шантмн
cabinet,closet,кабінет,шафа,каткнет,алфа
conspiracy,fraud,змагання,шахрайство,жеагання,шаечайство
slow,fast,повільний,швидкий,погольний,швонкий
distance,speed,відстань,швидкість,відглянь,узидкість
slowly,quickly,повільно,швидко,повільку,швечко
cook,chef,готувати,шеф-кухар,гоховати,шефкулир
throat,neck,горло,шийка,гояно,рэйка
narrow,wide,вузький,широкий,вуаткий,широтай
class,school,клас,школу,кляю,шкугу
pump,hose,насос,шланг,найтс,зданг
divorce,marriage,розлучення,шлюб,рознесення,шлбi
fragment,piece,фрагмент,шматок,фрнумент,шмочок
sugar,chocolate,цукор,шоколад,ушкор,шооблад
road,highway,дорога,шосе,дорози,шопл
needle,syringe,голка,шприц,силка,орриц
tattoo,scar,татуювання,шрам,татускання,cлам
base,headquarters,база,штаб-квартира,бами,штаббиартира
wind,storm,вітер,штурм,віртр,шткум
natural,artificial,природний,штучний,прирівний,штюзний
satisfied,happy,задоволений,щасливий,захвволений,сисливий
already,still,вже,ще,кне,ює
compassionate,generous,співчувати,щедрий,співсунути,щедраж
what,that,що саме,що,яб,яб
lip,cheek,губа,щока,гуще,щове
nothing,something,ніщо,щось,нісщ,щове
daily,weekly,щодня,щотижня,щороя,ідтижня
atomic,nuclear,атомний,ядерний,ідомний,пiерний
nest,egg,гніздо,яйце,гнаддо,акце
quantity,quality,кількість,якість,кірокість,якубть
shine,bright,блиск,яскравий,блчак,яскримий
frog,lizard,жаба,ящірка,жамн,ящмека
