target_word_unique,word_combo_related,cue_word_related,word_combo_unrelated,cue_word_unrelated
абсурдний,смішнийабсурдний,смішний,мінабсурдний,мін
аварія,інцидентаварія,інцидент,конвертаварія,конверт
автобус,потягавтобус,потяг,онукавтобус,онук
агентство,фірмаагентство,фірма,ескортагентство,ескорт
адміністративний,менеджментадміністративний,менеджмент,постріладміністративний,постріл
адреналін,гормонадреналін,гормон,благороднийадреналін,благородний
адреса,числоадреса,число,страшнийадреса,страшний
аеропорт,терміналаеропорт,термінал,останнійаеропорт,останній
акт,жестакт,жест,дорогаакт,дорога
активувати,тригерактивувати,тригер,чоловікактивувати,чоловік
актор,авторактор,автор,чіткоактор,чітко
акцент,голосакцент,голос,кавалеріяакцент,кавалерія
алея,куталея,кут,позитивнийалея,позитивний
алібі,мотивалібі,мотив,венаалібі,вена
альфа,бравоальфа,браво,літнійальфа,літній
америка,африкаамерика,африка,кілограмамерика,кілограм
аналіз,аутопсіяаналіз,аутопсія,окоаналіз,око
арешт,каратиарешт,карати,капсулаарешт,капсула
армія,легіонармія,легіон,тостармія,тост
артерія,венаартерія,вена,молодьартерія,молодь
артилерія,кавалеріяартилерія,кавалерія,замкненийартилерія,замкнений
архітектор,інженерархітектор,інженер,дріматиархітектор,дрімати
атакувати,вторгненняатакувати,вторгнення,роботатакувати,робот
атлантичний,тихоокеанськийатлантичний,тихоокеанський,повагаатлантичний,повага
атмосфера,середовищеатмосфера,середовище,тихоокеанськийатмосфера,тихоокеанський
аудиторія,натовпаудиторія,натовп,полюванняаудиторія,полювання
бабуся,дідусьбабуся,дідусь,компасбабуся,компас
бавовна,шовкбавовна,шовк,спокійнобавовна,спокійно
багатий,біднийбагатий,бідний,детонаторбагатий,детонатор
багатство,скарбницябагатство,скарбниця,калібрбагатство,калібр
бажання,тугабажання,туга,орендарбажання,орендар
бар,клуббар,клуб,дотепністьбар,дотепність
батальйон,полкбатальйон,полк,танцівницябатальйон,танцівниця
родитель,дорослийродитель,дорослий,вражаючийродитель,вражаючий
батько,мамабатько,мама,райбатько,рай
бачення,одкровеннябачення,одкровення,чоловічийбачення,чоловічий
безвідповідальний,нерозумнийбезвідповідальний,нерозумний,рігбезвідповідальний,ріг
безпека,гарантіябезпека,гарантія,назвабезпека,назва
безпечний,сейфбезпечний,сейф,голкабезпечний,голка
безпосередньо,прямийбезпосередньо,прямий,захоплюючийбезпосередньо,захоплюючий
безсилий,безпораднийбезсилий,безпорадний,може бутибезсилий,може бути
бейсбол,стадіонбейсбол,стадіон,баронбейсбол,барон
бекон,тостбекон,тост,ворогбекон,ворог
бетмен,суперменбетмен,супермен,м'якийбетмен,м'який
битва,війнабитва,війна,марнийбитва,марний
бізнес,галузьбізнес,галузь,богбізнес,бог
біль,стражданнябіль,страждання,незаконнийбіль,незаконний
біологічний,хімічнийбіологічний,хімічний,вашингтонбіологічний,вашингтон
біологія,хіміябіологія,хімія,супбіологія,суп
близький,відчиненоблизький,відчинено,ковдраблизький,ковдра
божевільний,параноїдальнийбожевільний,параноїдальний,шарбожевільний,шар
божественний,богбожественний,бог,газбожественний,газ
борода,волоссяборода,волосся,зосереджуватиборода,зосереджувати
боротися,бойовийборотися,бойовий,стандартнийборотися,стандартний
борошно,зерноборошно,зерно,національнийборошно,національний
бос,керівникбос,керівник,критичнийбос,критичний
бостон,вашингтонбостон,вашингтон,створюватибостон,створювати
брат,чувакбрат,чувак,замінитибрат,замінити
брат.1,сестрабрат,сестра,нормальнобрат,нормально
брехун,лежатибрехун,лежати,прибуттябрехун,прибуття
броня,щитброня,щит,терміновийброня,терміновий
брудний,неприємнийбрудний,неприємний,частотабрудний,частота
будівля,баштабудівля,башта,теплийбудівля,теплий
будувати,будівельнийбудувати,будівельний,камерубудувати,камеру
буква,телеграмабуква,телеграма,ідеальнийбуква,ідеальний
в'язниця,клітинав'язниця,клітина,фатумв'язниця,фатум
вагітність,народженнявагітність,народження,чистийвагітність,чистий
важливий,ціннийважливий,цінний,числоважливий,число
важливість,сенсважливість,сенс,каративажливість,карати
вакцина,антидотвакцина,антидот,важкийвакцина,важкий
валіза,портфельваліза,портфель,інцидентваліза,інцидент
вампір,зомбівампір,зомбі,враженнявампір,враження
фургон,причіпфургон,причіп,південнийфургон,південний
ваніль,корицяваніль,кориця,дідусьваніль,дідусь
ванна кімната,душванна кімната,душ,смішнийванна кімната,смішний
вантаж,навантаженнявантаж,навантаження,галузьвантаж,галузь
вантажівка,джипвантажівка,джип,потенціалвантажівка,потенціал
ватсон,шерлокватсон,шерлок,тепловатсон,тепло
вбивство,самогубствовбивство,самогубство,круглийвбивство,круглий
вбивця,убивцявбивця,убивця,дослідженнявбивця,дослідження
вбивця.1,наємниквбивця,наємник,великийвбивця,великий
вгору,внизувгору,внизу,біженецьвгору,біженець
великий,відміннийвеликий,відмінний,марсвеликий,марс
великий палець,палецьвеликий палець,палець,наївнийвеликий палець,наївний
величезний,великийвеличезний,великий,дочкавеличезний,дочка
венера,марсвенера,марс,лордвенера,лорд
вентиляція,клапанвентиляція,клапан,офіційновентиляція,офіційно
вертоліт,швидка допомогавертоліт,швидка допомога,перешкодавертоліт,перешкода
верхній,нижнійверхній,нижній,дуреньверхній,дурень
весілля,зарученнявесілля,заручення,реальністьвесілля,реальність
вечір,нічвечір,ніч,кремвечір,крем
взуття,завантажувативзуття,завантажувати,парламентвзуття,парламент
вибирати,обиративибирати,обирати,храмвибирати,храм
вибори,кампаніявибори,кампанія,простовибори,просто
виборець,кандидатвиборець,кандидат,лялькавиборець,лялька
вибух,землетрусвибух,землетрус,завданнявибух,завдання
вибухнути,лопатисьвибухнути,лопатись,колегавибухнути,колега
вибуховий,бомбавибуховий,бомба,ювілейвибуховий,ювілей
вивчення,дослідженнявивчення,дослідження,різдвянийвивчення,різдвяний
вигнати,викрадативигнати,викрадати,методвигнати,метод
виграти,завитоквиграти,завиток,хлібвиграти,хліб
видалити,усунутивидалити,усунути,бджолавидалити,бджола
вижити,житивижити,жити,протествижити,протест
визначення,концепціявизначення,концепція,зануренийвизначення,занурений
викладач,студентвикладач,студент,падіннявикладач,падіння
виклик,перешкодавиклик,перешкода,планетавиклик,планета
виконання,висячийвиконання,висячий,бідністьвиконання,бідність
використання,застосовувативикористання,застосовувати,дорослийвикористання,дорослий
викуп,викрадачвикуп,викрадач,милявикуп,миля
вилка,ложкавилка,ложка,запитаннявилка,запитання
виловити,хапативиловити,хапати,мотиввиловити,мотив
винищувач,чемпіонвинищувач,чемпіон,моревинищувач,море
винним,невиннийвинним,невинний,картоплявинним,картопля
виправдання,прощативиправдання,прощати,корицявиправдання,кориця
випромінювання,забрудненнявипромінювання,забруднення,ввічливийвипромінювання,ввічливий
випускник,дипломвипускник,диплом,мистецтвовипускник,мистецтво
виробляти,створювативиробляти,створювати,баскетболвиробляти,баскетбол
виробництво,заводвиробництво,завод,інтернетвиробництво,інтернет
висловлювати,описувативисловлювати,описувати,грипвисловлювати,грип
високий,низькийвисокий,низький,родеовисокий,родео
високість,величністьвисокість,величність,вугіллявисокість,вугілля
висота,вагависота,вага,стурбованийвисота,стурбований
виставка,галереявиставка,галерея,міфвиставка,міф
витрачати,відходивитрачати,відходи,хребетнийвитрачати,хребетний
вихід,дверівихід,двері,шкіравихід,шкіра
вівторок,понеділоквівторок,понеділок,тканинавівторок,тканина
від'їзд,прибуттявід'їзд,прибуття,дівчинавід'їзд,дівчина
відбиток пальця,днавідбиток пальця,дна,апетитнийвідбиток пальця,апетитний
відданість,вірністьвідданість,вірність,палецьвідданість,палець
відеоролик,двійниквідеоролик,двійник,фронтвідеоролик,фронт
відмовлятися,залишативідмовлятися,залишати,зеленийвідмовлятися,зелений
відповідати,реагувативідповідати,реагувати,тугавідповідати,туга
відсутність,присутністьвідсутність,присутність,драконвідсутність,дракон
відчуття,враженнявідчуття,враження,бібліотекавідчуття,бібліотека
відьма,прокляттявідьма,прокляття,бетонвідьма,бетон
військовий,цивільнийвійськовий,цивільний,могилавійськовий,могила
віл,снідвіл,снід,словниквіл,словник
вільний,вільновільний,вільно,антидотвільний,антидот
віра,надіявіра,надія,короткийвіра,короткий
вірити,довіравірити,довіра,навантаженнявірити,навантаження
вірний,лояльнийвірний,лояльний,лазаньявірний,лазанья
вітамін,білоквітамін,білок,кандидатвітамін,кандидат
вітрило,якорвітрило,якор,підтримкавітрило,підтримка
вказувати,точкавказувати,точка,трюквказувати,трюк
влада,юрисдикціявлада,юрисдикція,кмітливийвлада,кмітливий
власник,майновласник,майно,спочаткувласник,спочатку
вовк,ведмідьвовк,ведмідь,пізнововк,пізно
водій,пасажирськийводій,пасажирський,вітативодій,вітати
водневий,вугілляводневий,вугілля,картинаводневий,картина
воїн,солдатвоїн,солдат,розділвоїн,розділ
ворота,порталворота,портал,статусворота,статус
вправа,практикавправа,практика,конфліктвправа,конфлікт
вражати,леститивражати,лестити,художниквражати,художник
вражаючий,сенсаційнийвражаючий,сенсаційний,площавражаючий,площа
всередині,назовнівсередині,назовні,місячнийвсередині,місячний
втеча,бігтивтеча,бігти,заважативтеча,заважати
втікач,біженецьвтікач,біженець,визнавативтікач,визнавати
вулиця,проспектвулиця,проспект,працювативулиця,працювати
вухо,оковухо,око,характервухо,характер
вчений,геніальнийвчений,геніальний,рухатисявчений,рухатися
вчора,сьогоднівчора,сьогодні,створеннявчора,створення
гавань,затокагавань,затока,фермергавань,фермер
газета,статтягазета,стаття,тунецьгазета,тунець
галактика,всесвітгалактика,всесвіт,цукоргалактика,цукор
галюкування,ілюзіягалюкування,ілюзія,струмгалюкування,струм
гаманець,кишенягаманець,кишеня,суспільствогаманець,суспільство
гамбургер,бутербродгамбургер,бутерброд,політикагамбургер,політика
гараж,семінаргараж,семінар,гордийгараж,гордий
гармонія,балансгармонія,баланс,посольствогармонія,посольство
гарний,привабливийгарний,привабливий,комісіягарний,комісія
гей,лесбійськийгей,лесбійський,колоніягей,колонія
героїн,кокаїнгероїн,кокаїн,тілогероїн,тіло
гідний,заслуговуватигідний,заслуговувати,карнавалгідний,карнавал
гідність,гордістьгідність,гордість,капсулагідність,капсула
гітара,піаніногітара,піаніно,ніщогітара,ніщо
глобальний,національнийглобальний,національний,завантажуватиглобальний,завантажувати
глухий,сліпийглухий,сліпий,доказиглухий,докази
голий,оголенийголий,оголений,сьогодніголий,сьогодні
голодний,втомленийголодний,втомлений,програмне забезпеченняголодний,програмне забезпечення
голосувати,більшістьголосувати,більшість,лампаголосувати,лампа
гонка,марафонгонка,марафон,запуститигонка,запустити
гора,пагорбгора,пагорб,слухатигора,слухати
горила,мавпагорила,мавпа,поворотгорила,поворот
горілка,віскігорілка,віскі,вдячнийгорілка,вдячний
гра,гратигра,грати,зерногра,зерно
грабувати,крастиграбувати,красти,абсолютнограбувати,абсолютно
гравець,тренергравець,тренер,духовкагравець,духовка
гран,кілограмгран,кілограм,рекомендуватигран,рекомендувати
графиня,баронграфиня,барон,вториннийграфиня,вторинний
грецький,римськийгрецький,римський,лояльністьгрецький,лояльність
грім,блискавкагрім,блискавка,кнопокгрім,кнопок
гроші,готівкагроші,готівка,хмарагроші,хмара
грудень,листопадгрудень,листопад,подвійнийгрудень,подвійний
груди,шлунокгруди,шлунок,управлятигруди,управляти
група,бандагрупа,банда,сповіщеннягрупа,сповіщення
група.1,оркестргрупа,оркестр,впливгрупа,вплив
давати,пропозиціядавати,пропозиція,драмадавати,драма
далеко,близькодалеко,близько,ромдалеко,ром
дар,компліментдар,комплімент,здар,з
двері,вікнодвері,вікно,банкірдвері,банкір
двигун,танкдвигун,танк,стражданнядвигун,страждання
демократія,свободадемократія,свобода,дивандемократія,диван
демонстрація,протестдемонстрація,протест,дряпатидемонстрація,дряпати
депресія,стресдепресія,стрес,ведмідьдепресія,ведмідь
дерева,кущдерева,кущ,телеграмадерева,телеграма
держава,федеральнийдержава,федеральний,повільнодержава,повільно
десь,деіндедесь,деінде,крадіжкадесь,крадіжка
десятиліття,століттядесятиліття,століття,темрявадесятиліття,темрява
детектив,агентдетектив,агент,загальнийдетектив,загальний
детермінація,мужністьдетермінація,мужність,щоднядетермінація,щодня
дешевий,дорогийдешевий,дорогий,визнаватидешевий,визнавати
джульєтта,ромеоджульєтта,ромео,жалюгіднийджульєтта,жалюгідний
дзеркало,відбитокдзеркало,відбиток,поетдзеркало,поет
дивитися,подивитисядивитися,подивитися,портфельдивитися,портфель
дивний,незвичайнийдивний,незвичайний,черв'якдивний,черв'як
дивовижний,вражаючийдивовижний,вражаючий,супротивдивовижний,супротив
динаміт,порохдинаміт,порох,сказатидинаміт,сказати
директор,виробникдиректор,виробник,піанінодиректор,піаніно
дитина,малядитина,маля,збільшитидитина,збільшити
дитинство,молодьдитинство,молодь,закондитинство,закон
диявол,ангелдиявол,ангел,каналдиявол,канал
дівчата,хлопчикидівчата,хлопчики,шлунокдівчата,шлунок
діяльність,активнийдіяльність,активний,солдатдіяльність,солдат
дно,вершинадно,вершина,відмовлятидно,відмовляти
до побачення,здравствуйтедо побачення,здравствуйте,вічнийдо побачення,вічний
добровільно,волонтердобровільно,волонтер,порталдобровільно,портал
довго,короткийдовго,короткий,явищедовго,явище
довжина,розмірдовжина,розмір,справжнійдовжина,справжній
довіра,повагадовіра,повага,кілометрдовіра,кілометр
додатковий,більшедодатковий,більше,божевіллядодатковий,божевілля
дозволяє,дозволятидозволяє,дозволяти,студентдозволяє,студент
доказ,доказидоказ,докази,надзвичайнодоказ,надзвичайно
доктор,хірургдоктор,хірург,загальнийдоктор,загальний
документ,управлятидокумент,управляти,налякатидокумент,налякати
долар,фунтдолар,фунт,блискавкадолар,блискавка
долина,пустелядолина,пустеля,атомнийдолина,атомний
доля,фатумдоля,фатум,особливийдоля,особливий
допомагати,довідкадопомагати,довідка,насосдопомагати,насос
допомога,підтримкадопомога,підтримка,стілдопомога,стіл
доріжка,маршрутдоріжка,маршрут,гарантіядоріжка,гарантія
досконалий,ідеальнийдосконалий,ідеальний,кокаїндосконалий,кокаїн
дослідник,аналітикдослідник,аналітик,штовхатидослідник,штовхати
достатньо,доситьдостатньо,досить,тренердостатньо,тренер
досягати успіху,управлятидосягати успіху,управляти,супермендосягати успіху,супермен
дохід,прибутокдохід,прибуток,словодохід,слово
дрібний,пінгдрібний,пінг,перебуваннядрібний,перебування
дріт,кабельдріт,кабель,країнадріт,країна
друг,колегадруг,колега,ланцюгдруг,ланцюг
дружба,відносинидружба,відносини,південнийдружба,південний
дружина,чоловікдружина,чоловік,плечедружина,плече
дружній,ввічливийдружній,ввічливий,кабінадружній,кабіна
дуже,надзвичайнодуже,надзвичайно,банківськийдуже,банківський
думати,розглядатидумати,розглядати,оселдумати,осел
дурість,божевіллядурість,божевілля,генератордурість,генератор
дурний,наївнийдурний,наївний,НЛОдурний,НЛО
дух,душадух,душа,статтядух,стаття
егоїстичний,упертийегоїстичний,упертий,нижнійегоїстичний,нижній
елегантний,моднийелегантний,модний,ниркаелегантний,нирка
електрика,струмелектрика,струм,календарелектрика,календар
електричний,магнітнийелектричний,магнітний,обстеженняелектричний,обстеження
елемент,факторелемент,фактор,мільйонерелемент,мільйонер
емоційний,психічнийемоційний,психічний,відмовлятиемоційний,відмовляти
енергія,потужністьенергія,потужність,готуватиенергія,готувати
епідемія,чумаепідемія,чума,дивитисяепідемія,дивитися
епізод,серіяепізод,серія,внутрішнійепізод,внутрішній
ефект,впливефект,вплив,чашаефект,чаша
ефективний,кориснийефективний,корисний,єпископефективний,єпископ
жалюгідний,жалкийжалюгідний,жалкий,свининажалюгідний,свинина
жарт,трюкжарт,трюк,ручнийжарт,ручний
жахливий,страшнийжахливий,страшний,знаряддяжахливий,знаряддя
живопис,художникживопис,художник,більшеживопис,більше
жінка,вдоважінка,вдова,кабінетжінка,кабінет
жіночий,чоловічийжіночий,чоловічий,текстжіночий,текст
жовтень,вересеньжовтень,вересень,компліментжовтень,комплімент
жовтий,червонийжовтий,червоний,договіржовтий,договір
жорсткий,міцнийжорсткий,міцний,розмоважорсткий,розмова
жорстокий,брутальнийжорстокий,брутальний,технологіяжорстокий,технологія
жорстокість,зложорстокість,зло,таксіжорстокість,таксі
жувати,проковтнутижувати,проковтнути,майбутнєжувати,майбутнє
журнал,плейбойжурнал,плейбой,мучитижурнал,мучити
журналіст,репортержурналіст,репортер,стоятижурналіст,стояти
забавний,дотепнийзабавний,дотепний,фарбуватизабавний,фарбувати
забороняти,забороненийзабороняти,заборонений,акулазабороняти,акула
загалом,природнозагалом,природно,вітерзагалом,вітер
заголовок,назвазаголовок,назва,дозазаголовок,доза
загоюватися,відновлюватизагоюватися,відновлювати,гарячийзагоюватися,гарячий
зазвичай,нормальнозазвичай,нормально,кошмарзазвичай,кошмар
закінчити,кінецьзакінчити,кінець,іроніязакінчити,іронія
законний,незаконнийзаконний,незаконний,африказаконний,африка
закриття,відкриттязакриття,відкриття,собаказакриття,собака
залишати,перебуваннязалишати,перебування,золотийзалишати,золотий
залучати,уважністьзалучати,уважність,профільзалучати,профіль
замінник,замінитизамінник,замінити,помститисязамінник,помститися
замку,палацзамку,палац,жертвазамку,жертва
замок,ключзамок,ключ,рекламазамок,реклама
заморожувати,розтопитизаморожувати,розтопити,кар'єразаморожувати,кар'єра
запам'ятати,забутизапам'ятати,забути,аутопсіязапам'ятати,аутопсія
запах,смакзапах,смак,семінарзапах,семінар
записування,рекордзаписування,рекорд,моднийзаписування,модний
запит,попитзапит,попит,хіміязапит,хімія
запитувати,запитаннязапитувати,запитання,ангелзапитувати,ангел
зарозумілість,незнаннязарозумілість,незнання,кільцезарозумілість,кільце
зарплата,пенсіязарплата,пенсія,блискзарплата,блиск
затвердження,дозвілзатвердження,дозвіл,нездоровийзатвердження,нездоровий
захворювання,грипзахворювання,грип,вузькийзахворювання,вузький
захищати,боронитизахищати,боронити,коробказахищати,коробка
західний,південнийзахідний,південний,читаннязахідний,читання
зачинено,замкненийзачинено,замкнений,часникзачинено,часник
заява,коментарзаява,коментар,розбитизаява,розбити
збирати,колекціонуватизбирати,колекціонувати,пухлиназбирати,пухлина
зброю,пістолетзброю,пістолет,експертзброю,експерт
зброя,арсеналзброя,арсенал,чудовийзброя,чудовий
збуджений,гордийзбуджений,гордий,підлогазбуджений,підлога
звичайний,стандартнийзвичайний,стандартний,пов'язуватизвичайний,пов'язувати
звільнення,відставказвільнення,відставка,десертзвільнення,десерт
звук,шумзвук,шум,пасажирськийзвук,пасажирський
здатність,потенціалздатність,потенціал,брутальнийздатність,брутальний
ззаду,фронтззаду,фронт,аматорськийззаду,аматорський
зима,літнійзима,літній,квитокзима,квиток
зізнатися,визнаватизізнатися,визнавати,західнийзізнатися,західний
зірка,знаменитістьзірка,знаменитість,готовийзірка,готовий
зйомка,пострілзйомка,постріл,ревнивийзйомка,ревнивий
злий,ревнивийзлий,ревнивий,змаганнязлий,змагання
зловмисник,жертвазловмисник,жертва,конференціязловмисник,конференція
злочинність,гріхзлочинність,гріх,висячийзлочинність,висячий
зміст,міститизміст,містити,комерційнийзміст,комерційний
змія,черв'якзмія,черв'як,марафонзмія,марафон
знав,визнаватизнав,визнавати,природнийзнав,природний
знак,формазнак,форма,мозокзнак,мозок
знаменитий,популярнийзнаменитий,популярний,попитзнаменитий,попит
знання,зараззнання,зараз,джипзнання,джип
знання.1,досвідзнання,досвід,опівночізнання,опівночі
знаходження,пошукзнаходження,пошук,годуватизнаходження,годувати
зникнення,смертьзникнення,смерть,сорочказникнення,сорочка
зовнішній,внутрішнійзовнішній,внутрішній,фазазовнішній,фаза
зона,площазона,площа,плейбойзона,плейбой
зонд,капсулазонд,капсула,низькийзонд,низький
зрадник,шпигунзрадник,шпигун,крамницязрадник,крамниця
зрештою,нарештізрештою,нарешті,шерлокзрештою,шерлок
зрозуміти,усвідомлюватизрозуміти,усвідомлювати,пожежазрозуміти,пожежа
зубний,цвяхзубний,цвях,зберігатизубний,зберігати
зустріч,конференціязустріч,конференція,купуватизустріч,купувати
зустрічатися,дивитисязустрічатися,дивитися,палицязустрічатися,палиця
іграшка,лялькаіграшка,лялька,консервативнийіграшка,консервативний
ідіот,дуреньідіот,дурень,рекордідіот,рекорд
їжа,продуктиїжа,продукти,зарученняїжа,заручення
їздити,водитиїздити,водити,стресїздити,стрес
імператор,імперськийімператор,імперський,алмазімператор,алмаз
імперія,династіяімперія,династія,іншийімперія,інший
ін'єкція,дозаін'єкція,доза,журналістикаін'єкція,журналістика
інвестор,банкірінвестор,банкір,забрудненняінвестор,забруднення
інвестувати,фінансуванняінвестувати,фінансування,голосінвестувати,голос
індивідуальний,людинаіндивідуальний,людина,мечіндивідуальний,меч
індичка,курятинаіндичка,курятина,незручнийіндичка,незручний
інспекція,обстеженняінспекція,обстеження,вільноінспекція,вільно
інструмент,знаряддяінструмент,знаряддя,зателефонуватиінструмент,зателефонувати
інтимний,особистийінтимний,особистий,захід сонцяінтимний,захід сонця
інтуїція,інстинктінтуїція,інстинкт,готельінтуїція,готель
інфекція,вірусінфекція,вірус,делікатнийінфекція,делікатний
інформатор,джерелоінформатор,джерело,відносиниінформатор,відносини
інформація,даніінформація,дані,обідінформація,обід
інший,аналогічнийінший,аналогічний,розтопитиінший,розтопити
іронічний,іроніяіронічний,іронія,модельіронічний,модель
їсти,годуватиїсти,годувати,старшийїсти,старший
ймовірно,вірогідністьймовірно,вірогідність,міжнароднийймовірно,міжнародний
йти,вводитийти,вводити,кількістьйти,кількість
кава,чашкакава,чашка,міцькава,міць
камінь,роккамінь,рок,юрисдикціякамінь,юрисдикція
капелюх,шоломкапелюх,шолом,медичнийкапелюх,медичний
капіталізм,анархіякапіталізм,анархія,значоккапіталізм,значок
капітан,командувачкапітан,командувач,вартістькапітан,вартість
каплиця,церквакаплиця,церква,монстркаплиця,монстр
кардинал,єпископкардинал,єпископ,порожнійкардинал,порожній
карта,компаскарта,компас,ярмароккарта,ярмарок
картель,мафіякартель,мафія,незнаннякартель,незнання
катування,мучитикатування,мучити,платформакатування,платформа
кафедра,таблицякафедра,таблиця,солодкийкафедра,солодкий
качка,гусаккачка,гусак,мільйонкачка,мільйон
квартал,половинаквартал,половина,сумніватисяквартал,сумніватися
квартира,будинокквартира,будинок,упертийквартира,упертий
квітка,рослинаквітка,рослина,необхіднийквітка,необхідний
кемпінг,пікніккемпінг,пікнік,більшістькемпінг,більшість
килимок,підлогакилимок,підлога,ціннийкилимок,цінний
кисень,повітрякисень,повітря,розміркисень,розмір
кінь,оселкінь,осел,данікінь,дані
кішка,собакакішка,собака,менеджменткішка,менеджмент
класичний,типовийкласичний,типовий,заручницякласичний,заручниця
клієнт,хворийклієнт,хворий,доситьклієнт,досить
клініка,лікарняклініка,лікарня,інспекторклініка,інспектор
клятва,присягатиклятва,присягати,покриватиклятва,покривати
книга,бібліякнига,біблія,білкакнига,білка
князь,принцесакнязь,принцеса,виноробствокнязь,виноробство
ковбойський,родеоковбойський,родео,бібліяковбойський,біблія
ковток,падінняковток,падіння,губернаторковток,губернатор
коли-небудь,ніколиколи-небудь,ніколи,мафіяколи-небудь,мафія
коліна,плечеколіна,плече,шерифколіна,шериф
команда,лігакоманда,ліга,гусаккоманда,гусак
комаха,павуккомаха,павук,послакомаха,посла
комедія,драмакомедія,драма,дозволятикомедія,дозволяти
комісар,інспекторкомісар,інспектор,аспіринкомісар,аспірин
комітет,комісіякомітет,комісія,гольфкомітет,гольф
комп'ютер,програмне забезпеченнякомп'ютер,програмне забезпечення,завждикомп'ютер,завжди
комуніст,расисткомуніст,расист,відчиненокомуніст,відчинено
конституція,законконституція,закон,бруднийконституція,брудний
консультувати,консультаціяконсультувати,консультація,курятинаконсультувати,курятина
конфіденційність,приватнийконфіденційність,приватний,ураганконфіденційність,ураган
концентрат,зосереджуватиконцентрат,зосереджувати,населенняконцентрат,населення
концерт,туристконцерт,турист,таблицяконцерт,таблиця
коньяк,ромконьяк,ром,кампаніяконьяк,кампанія
копіювати,оригінальнийкопіювати,оригінальний,пікніккопіювати,пікнік
королівство,королівськийкоролівство,королівський,навігаціякоролівство,навігація
короля,королевакороля,королева,тютюнкороля,тютюн
корпорація,компаніякорпорація,компанія,малокорпорація,мало
коханець,господинякоханець,господиня,плануватикоханець,планувати
коштовність,алмазкоштовність,алмаз,другийкоштовність,другий
краватка,пов'язуватикраватка,пов'язувати,досвідкраватка,досвід
краса,чарівністькраса,чарівність,бонускраса,бонус
кредит,боргкредит,борг,затокакредит,затока
криза,ситуаціякриза,ситуація,датчиккриза,датчик
кримінальний,злодійкримінальний,злодій,здобичкримінальний,здобич
кришка,окулярикришка,окуляри,жахкришка,жах
кролик,лисицякролик,лисиця,радіокролик,радіо
кузен,відноснийкузен,відносний,еволюціякузен,еволюція
куля,калібркуля,калібр,рахуватикуля,рахувати
куртка,сорочкакуртка,сорочка,наївнийкуртка,наївний
лев,драконлев,дракон,питилев,пити
легенда,міфлегенда,міф,відновлюватилегенда,відновлювати
легкий,неможливийлегкий,неможливий,одкровеннялегкий,одкровення
легкий.1,темрявалегкий,темрява,гніздолегкий,гніздо
леді,лордледі,лорд,кориснийледі,корисний
лейтенант,сержантлейтенант,сержант,описуватилейтенант,описувати
лекція,семінарлекція,семінар,волоссялекція,волосся
лизати,смоктатилизати,смоктати,терміналлизати,термінал
липень,червеньлипень,червень,спадщиналипень,спадщина
лихоманка,кашельлихоманка,кашель,простолихоманка,просто
ліберальний,консервативнийліберальний,консервативний,ромеоліберальний,ромео
ліворуч,правийліворуч,правий,транспортний засібліворуч,транспортний засіб
лідер,членлідер,член,людиналідер,людина
ліжка,диванліжка,диван,керівникліжка,керівник
ліки,алкогольліки,алкоголь,галереяліки,галерея
лікування,терапіялікування,терапія,усмішкалікування,усмішка
лімузин,таксілімузин,таксі,анатоміялімузин,анатомія
лін,мінлін,мін,порятуноклін,порятунок
ліс,джунгліліс,джунглі,розмоваліс,розмова
літати,землялітати,земля,пульслітати,пульс
література,мистецтволітература,мистецтво,нещаснийлітература,нещасний
лобстер,тунецьлобстер,тунець,винятковийлобстер,винятковий
любов,ненавистьлюбов,ненависть,колалюбов,кола
люди,населеннялюди,населення,охоронецьлюди,охоронець
людський,людиналюдський,людина,іноділюдський,іноді
лють,гнівлють,гнів,бананлють,банан
лякати,налякатилякати,налякати,альбомлякати,альбом
м'яз,нервовийм'яз,нервовий,невиннийм'яз,невинний
м'ясо,свининам'ясо,свинина,нареченийм'ясо,наречений
мабуть,може бутимабуть,може бути,округмабуть,округ
магазин,крамницямагазин,крамниця,вторгненнямагазин,вторгнення
майонез,кетчупмайонез,кетчуп,тутмайонез,тут
максимальний,мінімальниймаксимальний,мінімальний,натовпмаксимальний,натовп
малий,маломалий,мало,поцілунокмалий,поцілунок
малювати,фарбуватималювати,фарбувати,контактмалювати,контакт
мама,татомама,тато,ритуальниймама,ритуальний
маніпулювати,контрольманіпулювати,контроль,прийомманіпулювати,прийом
маркетинг,рекламамаркетинг,реклама,злодіймаркетинг,злодій
масаж,йогамасаж,йога,призначеннямасаж,призначення
масло,вугіллямасло,вугілля,пошукмасло,пошук
масло.1,медмасло,мед,пристойниймасло,пристойний
математика,фізикаматематика,фізика,кесарматематика,кесар
матрос,піратськийматрос,піратський,показуватиматрос,показувати
матч,турнірматч,турнір,вводитиматч,вводити
машина,роботмашина,робот,здравствуйтемашина,здравствуйте
машина.1,транспортний засібмашина,транспортний засіб,особистиймашина,особистий
медаль,трофеймедаль,трофей,маршрутмедаль,маршрут
медальйон,артефактмедальйон,артефакт,лояльниймедальйон,лояльний
мера,шерифмера,шериф,заповідникмера,заповідник
мертвий,живиймертвий,живий,підводний човенмертвий,підводний човен
металевий,залізометалевий,залізо,війнаметалевий,війна
метр,кілометрметр,кілометр,смертьметр,смерть
механічний,технічниймеханічний,технічний,пінгмеханічний,пінг
милий,солодкиймилий,солодкий,найманнямилий,наймання
милосердя,прощеннямилосердя,прощення,результатмилосердя,результат
минуле,майбутнєминуле,майбутнє,дядькоминуле,дядько
мити,чистиймити,чистий,землетрусмити,землетрус
мікроскоп,телескопмікроскоп,телескоп,татомікроскоп,тато
мікрофон,камерумікрофон,камеру,недооцінюватимікрофон,недооцінювати
мільярд,мільйонмільярд,мільйон,природномільярд,природно
міністерство,посольствоміністерство,посольство,двійникміністерство,двійник
міністр,посламіністр,посла,замиканняміністр,замикання
мінус,плюсмінус,плюс,татуюваннямінус,татуювання
місія,завданнямісія,завдання,алкогольмісія,алкоголь
місто,капіталмісто,капітал,страшниймісто,страшний
місцевий,регіональниймісцевий,регіональний,задоволеннямісцевий,задоволення
мішок,коробкамішок,коробка,ненавистьмішок,ненависть
мовчання,мовчазниймовчання,мовчазний,базамовчання,база
можливість,шансможливість,шанс,димможливість,дим
мокрий,сухиймокрий,сухий,командувачмокрий,командувач
молодий,стариймолодий,старий,матеріямолодий,матерія
молодший,старшиймолодший,старший,забутимолодший,забути
молоток,палицямолоток,палиця,ілюзіямолоток,ілюзія
монастир,сирітмонастир,сиріт,лежатимонастир,лежати
монастир.1,храммонастир,храм,добриймонастир,добрий
монітор,екранмонітор,екран,хлопчикимонітор,хлопчики
монтаж,оргазммонтаж,оргазм,ударитимонтаж,ударити
морфін,аспіринморфін,аспірин,випадковоморфін,випадково
мотель,готельмотель,готель,надихатимотель,надихати
моторошний,страшниймоторошний,страшний,капіталмоторошний,капітал
мотузка,ланцюгмотузка,ланцюг,прибутимотузка,прибути
мрія,кошмармрія,кошмар,горломрія,горло
музей,бібліотекамузей,бібліотека,виправлятимузей,виправляти
музика,джазмузика,джаз,викрадачмузика,викрадач
музикант,співакмузикант,співак,падіннямузикант,падіння
мурашка,бджоламурашка,бджола,швидка допомогамурашка,швидка допомога
мутація,еволюціямутація,еволюція,офіціантмутація,офіціант
навколо,круглийнавколо,круглий,жестнавколо,жест
навмисно,випадковонавмисно,випадково,містнавмисно,міст
навпаки,іншийнавпаки,інший,пенсіянавпаки,пенсія
навчати,навчатисянавчати,навчатися,аренанавчати,арена
нагорода,бонуснагорода,бонус,страждатинагорода,страждати
надавати,дозволятинадавати,дозволяти,сумнийнадавати,сумний
надзвичайний,терміновийнадзвичайний,терміновий,бруднадзвичайний,бруд
надсилати,приноситинадсилати,приносити,туалетнадсилати,туалет
назавжди,вічнийназавжди,вічний,службаназавжди,служба
намисто,кільценамисто,кільце,заразнамисто,зараз
намір,призначеннянамір,призначення,ложканамір,ложка
написання,читаннянаписання,читання,прибутокнаписання,прибуток
наречена,нареченийнаречена,наречений,волонтернаречена,волонтер
народ,країнанарод,країна,довідканарод,довідка
народження,ювілейнародження,ювілей,гріхнародження,гріх
насправді,фактичнонасправді,фактично,ваганасправді,вага
натхнення,надихатинатхнення,надихати,живийнатхнення,живий
наука,технологіянаука,технологія,невдаханаука,невдаха
небезпека,ризикнебезпека,ризик,коричневийнебезпека,коричневий
небезпечний,ризикованийнебезпечний,ризикований,рананебезпечний,рана
небесний,небонебесний,небо,майнонебесний,майно
невідомий,анонімнийневідомий,анонімний,ротневідомий,рот
негативний,позитивнийнегативний,позитивний,веснанегативний,весна
неділя,суботанеділя,субота,хірургнеділя,хірург
нездатний,нездатністьнездатний,нездатність,корованездатний,корова
неприємний,незручнийнеприємний,незручний,трунанеприємний,труна
нервовий,стурбованийнервовий,стурбований,культуранервовий,культура
несподівано,раптомнесподівано,раптом,управлятинесподівано,управляти
несправедливість,неправедністьнесправедливість,неправедність,щитнесправедливість,щит
нещастя,бідністьнещастя,бідність,технічнийнещастя,технічний
нещастя.1,нещаснийнещастя,нещасний,серіянещастя,серія
нещодавно,простонещодавно,просто,іржавийнещодавно,іржавий
ніжний,м'якийніжний,м'який,виникнутиніжний,виникнути
нікчемний,марнийнікчемний,марний,помаданікчемний,помада
новини,каналновини,канал,отрутановини,отрута
ніж,мечніж,меч,секретарніж,секретар
нормальний,здоровийнормальний,здоровий,пліткинормальний,плітки
нос,ротнос,рот,оптимістичнийнос,оптимістичний
нудота,діареянудота,діарея,славнийнудота,славний
обвинувачення,скаргаобвинувачення,скарга,подивитисяобвинувачення,подивитися
обговорення,розмоваобговорення,розмова,жалкийобговорення,жалкий
обід,закускаобід,закуска,радаробід,радар
обіймати,поцілунокобіймати,поцілунок,виступобіймати,виступ
обіцянка,гарантіяобіцянка,гарантія,лимонадобіцянка,лимонад
обладнувати,обладнанняобладнувати,обладнання,понеділокобладнувати,понеділок
обов'язок,відповідальністьобов'язок,відповідальність,відміннийобов'язок,відмінний
ображати,образливістьображати,образливість,потікображати,потік
обслуговування,службаобслуговування,служба,тіньобслуговування,тінь
огидний,бруднийогидний,брудний,дипломогидний,диплом
одружений,одиночнийодружений,одиночний,філософіяодружений,філософія
озеро,річкаозеро,річка,секретнийозеро,секретний
океан,мореокеан,море,здоровийокеан,здоровий
оновити,свіжийоновити,свіжий,відставкаоновити,відставка
опис,профільопис,профіль,клітинаопис,клітина
опівдні,опівночіопівдні,опівночі,авторопівдні,автор
опір,супротивопір,супротив,мишаопір,миша
опонент,ворогопонент,ворог,водитиопонент,водити
орбіта,планетаорбіта,планета,прощатиорбіта,прощати
організувати,сортуватиорганізувати,сортувати,клапанорганізувати,клапан
орендодавець,орендарорендодавець,орендар,єдинийорендодавець,єдиний
орендувати,найманняорендувати,наймання,гніворендувати,гнів
освіта,здоров'яосвіта,здоров'я,віскіосвіта,віскі
осінь,веснаосінь,весна,корабельосінь,корабель
особистість,характерособистість,характер,фунтособистість,фунт
остання,спочаткуостання,спочатку,дорогийостання,дорогий
остаточний,останнійостаточний,останній,членостаточний,член
отворити,тріщинаотворити,тріщина,незвичайнийотворити,незвичайний
офіс,стілофіс,стіл,читатиофіс,читати
офіціантка,офіціантофіціантка,офіціант,підйомофіціантка,підйом
офіційний,офіційноофіційний,офіційно,деіндеофіційний,деінде
оцінка,спостереженняоцінка,спостереження,обиратиоцінка,обирати
оцінювати,захоплюватисяоцінювати,захоплюватися,окуляриоцінювати,окуляри
очевидно,чіткоочевидно,чітко,сержанточевидно,сержант
очікувати,чекатиочікувати,чекати,агенточікувати,агент
п'яний,тверезийп'яний,тверезий,факторп'яний,фактор
павутина,інтернетпавутина,інтернет,кланпавутина,клан
пакет,конвертпакет,конверт,шпигунствопакет,шпигунство
паливо,газпаливо,газ,уважністьпаливо,уважність
палуба,кабінапалуба,кабіна,активнийпалуба,активний
папа,дядькопапа,дядько,привабливийпапа,привабливий
параграф,розділпараграф,розділ,зручнийпараграф,зручний
параметр,вибірпараметр,вибір,пляжнийпараметр,пляжний
паранормальний,надприродливийпаранормальний,надприродливий,хабарпаранормальний,хабар
паркан,стінапаркан,стіна,фактичнопаркан,фактично
пароль,кодекспароль,кодекс,близькопароль,близько
партія,прийомпартія,прийом,внизупартія,внизу
парфуми,помадапарфуми,помада,перемогапарфуми,перемога
паспорт,квитокпаспорт,квиток,концепціяпаспорт,концепція
патруль,охоронецьпатруль,охоронець,пропозиціяпатруль,пропозиція
пацюк,мишапацюк,миша,дозволятипацюк,дозволяти
пекло,райпекло,рай,завитокпекло,завиток
пеніс,піхвапеніс,піхва,шутерпеніс,шутер
первинний,вториннийпервинний,вторинний,англійська мовапервинний,англійська мова
перебільшувати,недооцінюватиперебільшувати,недооцінювати,автографперебільшувати,автограф
передавач,датчикпередавач,датчик,мужністьпередавач,мужність
передача,рухатисяпередача,рухатися,палацпередача,палац
переможець,невдахапереможець,невдаха,психічнийпереможець,психічний
перерва,розбитиперерва,розбити,стадіонперерва,стадіон
переслідувати,слідуватипереслідувати,слідувати,відбитокпереслідувати,відбиток
периметр,радіуспериметр,радіус,ніколипериметр,ніколи
період,фазаперіод,фаза,мавпаперіод,мавпа
перспективний,поглядперспективний,погляд,зомбіперспективний,зомбі
печінка,ниркапечінка,нирка,свідокпечінка,свідок
пиво,питипиво,пити,табірпиво,табір
пил,золапил,зола,річкапил,річка
пильний,іржавийпильний,іржавий,печаткапильний,печатка
писати,читатиписати,читати,вибірписати,вибір
письменник,поетписьменник,поет,залізописьменник,залізо
північний,південнийпівнічний,південний,виробникпівнічний,виробник
підготувати,готовийпідготувати,готовий,вірогідністьпідготувати,вірогідність
підключення,контактпідключення,контакт,правийпідключення,правий
підліток,підлітковийпідліток,підлітковий,кодекспідліток,кодекс
підозрювати,сумніватисяпідозрювати,сумніватися,арсеналпідозрювати,арсенал
підпис,печаткапідпис,печатка,тисячапідпис,тисяча
підприємець,мільйонерпідприємець,мільйонер,вікнопідприємець,вікно
підрозділ,відділпідрозділ,відділ,господиняпідрозділ,господиня
затверджувати,відмовлятизатверджувати,відмовляти,магіязатверджувати,магія
підтверджувати,підтвердженняпідтверджувати,підтвердження,драматичнийпідтверджувати,драматичний
підтримувати,заповідникпідтримувати,заповідник,століттяпідтримувати,століття
пілот,космонавтпілот,космонавт,смакпілот,смак
пісня,альбомпісня,альбом,розривпісня,розрив
пісок,брудпісок,бруд,наємникпісок,наємник
пістолет,гвинтівкапістолет,гвинтівка,надприродливийпістолет,надприродливий
піч,духовкапіч,духовка,усвідомлюватипіч,усвідомлювати
плавати,зануренийплавати,занурений,репортерплавати,репортер
планування,підготовкапланування,підготовка,копатипланування,копати
пластик,цементпластик,цемент,навчатисяпластик,навчатися
племінник,онукплемінник,онук,одинплемінник,один
пляшка,склянкапляшка,склянка,чемпіонпляшка,чемпіон
повертатися,замиканняповертатися,замикання,образливістьповертатися,образливість
поверхня,шарповерхня,шар,кінотеатрповерхня,кінотеатр
повідомлення,увагаповідомлення,увага,білийповідомлення,білий
повідомляти,доповідьповідомляти,доповідь,всесвітповідомляти,всесвіт
повний,порожнійповний,порожній,чіпповний,чіп
повний.1,загальнийповний,загальний,пасткаповний,пастка
повністю,абсолютноповністю,абсолютно,кущповністю,кущ
крутити,повороткрутити,поворот,легіонкрутити,легіон
поганий,добрийпоганий,добрий,попрямапоганий,попряма
пограбування,крадіжкапограбування,крадіжка,увагапограбування,увага
подія,явищеподія,явище,червеньподія,червень
подяка,гостинністьподяка,гостинність,гральнийподяка,гральний
поема,текстпоема,текст,відповідальністьпоема,відповідальність
пожертвування,благодійністьпожертвування,благодійність,червонийпожертвування,червоний
позбавлення волі,штрафпозбавлення волі,штраф,танкпозбавлення волі,танк
позиція,статуспозиція,статус,одиночнийпозиція,одиночний
покер,гральнийпокер,гральний,вершинапокер,вершина
покладати,вставлятипокладати,вставляти,оргазмпокладати,оргазм
покоївка,няняпокоївка,няня,типовийпокоївка,типовий
покупець,продавецьпокупець,продавець,якорпокупець,якор
поле бою,аренаполе бою,арена,старийполе бою,старий
поліпшення,змінаполіпшення,зміна,хаосполіпшення,хаос
політ,посадкаполіт,посадка,довіраполіт,довіра
політик,політикаполітик,політика,хобіполітик,хобі
політика,журналістикаполітика,журналістика,цвяхполітика,цвях
політичний,критичнийполітичний,критичний,метеликполітичний,метелик
полковник,загальнийполковник,загальний,вставлятиполковник,вставляти
полум'я,пожежаполум'я,пожежа,стриманийполум'я,стриманий
полуниця,бананполуниця,банан,неможливийполуниця,неможливий
помаранчевий,зеленийпомаранчевий,зелений,підготовкапомаранчевий,підготовка
померти,страждатипомерти,страждати,мережапомерти,мережа
помилка,похибкапомилка,похибка,викрадатипомилка,викрадати
помилковий,підробкапомилковий,підробка,повітряпомилковий,повітря
помідор,картопляпомідор,картопля,вжепомідор,вже
помічник,секретарпомічник,секретар,безпекапомічник,безпека
поразка,перемогапоразка,перемога,оголенийпоразка,оголений
порядок,командуванняпорядок,командування,конкуренціяпорядок,конкуренція
постійно,завждипостійно,завжди,убивцяпостійно,убивця
потворний,жалюгіднийпотворний,жалюгідний,працяпотворний,праця
потреба,необхіднийпотреба,необхідний,пагорбпотреба,пагорб
потрійний,подвійнийпотрійний,подвійний,колекціонуватипотрійний,колекціонувати
поховати,копатипоховати,копати,білокпоховати,білок
похоронний,трунапохоронний,труна,боргпохоронний,борг
почути,слухатипочути,слухати,магнітнийпочути,магнітний
правдоподібний,поясненняправдоподібний,пояснення,папірправдоподібний,папір
правильний,неправильнийправильний,неправильний,спідницяправильний,спідниця
практично,буквальнопрактично,буквально,об'єктпрактично,об'єкт
предмет,об'єктпредмет,об'єкт,лікарняпредмет,лікарня
президент,канцлерпрезидент,канцлер,міститипрезидент,містити
прес,кнопокпрес,кнопок,відстаньпрес,відстань
престол,коронапрестол,корона,спостереженняпрестол,спостереження
привітати,вітатипривітати,вітати,золапривітати,зола
приємний,зручнийприємний,зручний,чумаприємний,чума
приз,новаприз,нова,безпораднийприз,безпорадний
приймати,відмовлятиприймати,відмовляти,міцноприймати,міцно
приклад,попрямаприклад,попряма,адміністраціяприклад,адміністрація
прилад,чіпприлад,чіп,бравоприлад,браво
приманка,пасткаприманка,пастка,фінансовоприманка,фінансово
припущення,висновокприпущення,висновок,підлітковийприпущення,підлітковий
пристрасть,ентузіазмпристрасть,ентузіазм,кабельпристрасть,кабель
притулок,безпекапритулок,безпека,вугілляпритулок,вугілля
приходити,прибутиприходити,прибути,космонавтприходити,космонавт
причина,результатпричина,результат,сирітпричина,сиріт
прізвище,псевдонімпрізвище,псевдонім,сильнийпрізвище,сильний
про,зпро,з,кісткапро,кістка
проблема,неприємністьпроблема,неприємність,сліпийпроблема,сліпий
провал,успіхпровал,успіх,душпровал,душ
програма,проектпрограма,проект,сортуватипрограма,сортувати
прогулянка,дріматипрогулянка,дрімати,федеральнийпрогулянка,федеральний
прогулянка.1,запуститипрогулянка,запустити,мінімальнийпрогулянка,мінімальний
продавати,купуватипродавати,купувати,хімічнийпродавати,хімічний
продаж,аукціонпродаж,аукціон,ситуаціяпродаж,ситуація
продовжувати,дотепністьпродовжувати,дотепність,оригінальнийпродовжувати,оригінальний
продукт,маркапродукт,марка,суботапродукт,субота
продуктивність,показуватипродуктивність,показувати,расистпродуктивність,расист
прокурор,юристпрокурор,юрист,звірпрокурор,звір
проповідь,виступпроповідь,виступ,сейфпроповідь,сейф
пропонувати,рекомендуватипропонувати,рекомендувати,католицькийпропонувати,католицький
простий,простопростий,просто,доповідьпростий,доповідь
протокол,правилапротокол,правила,джунгліпротокол,джунглі
прототип,модельпрототип,модель,закускапрототип,закуска
професійний,аматорськийпрофесійний,аматорський,підтвердженняпрофесійний,підтвердження
професор,деканпрофесор,декан,тріщинапрофесор,тріщина
прохолодний,теплийпрохолодний,теплий,фрагментпрохолодний,фрагмент
процедура,процеспроцедура,процес,втомленийпроцедура,втомлений
психологічний,медичнийпсихологічний,медичний,чекатипсихологічний,чекати
психологія,анатоміяпсихологія,анатомія,проковтнутипсихологія,проковтнути
птах,метеликптах,метелик,командуванняптах,командування
радість,задоволеннярадість,задоволення,піратськийрадість,піратський
район,округрайон,округ,судовийрайон,судовий
рак,пухлинарак,пухлина,назовнірак,назовні
ракетний,ракетаракетний,ракета,нездатністьракетний,нездатність
раковина,туалетраковина,туалет,трофейраковина,трофей
рано,пізнорано,пізно,екранрано,екран
ранок,завтраранок,завтра,заводранок,завод
раноподібний,білкараноподібний,білка,біднийраноподібний,бідний
реактор,генераторреактор,генератор,присутністьреактор,присутність
реалістичний,оптимістичнийреалістичний,оптимістичний,церквареалістичний,церква
реальний,справжнійреальний,справжній,прапорреальний,прапор
результат,підсумокрезультат,підсумок,яблучнийрезультат,яблучний
релігія,філософіярелігія,філософія,смертельнийрелігія,смертельний
ремонт,виправлятиремонт,виправляти,лисицяремонт,лисиця
репутація,кар'єрарепутація,кар'єра,тонкийрепутація,тонкий
ресторан,пабресторан,паб,співчуватиресторан,співчувати
речення,словоречення,слово,класречення,клас
риба,акулариба,акула,хворийриба,хворий
риболовля,полюванняриболовля,полювання,мовчазнийриболовля,мовчазний
рим,кесаррим,кесар,скарбницярим,скарбниця
рівномірний,значокрівномірний,значок,нянярівномірний,няня
рідина,потікрідина,потік,співакрідина,співак
рідко,зрідкарідко,зрідка,дозвілрідко,дозвіл
робити,вироблятиробити,виробляти,третійробити,третій
робітник,фермерробітник,фермер,усунутиробітник,усунути
робота,працяробота,праця,поглядробота,погляд
розвал,падіннярозвал,падіння,пам'ятникрозвал,пам'ятник
розвиток,прогресрозвиток,прогрес,снідрозвиток,снід
розклад,календаррозклад,календар,екіпажрозклад,екіпаж
розмовляти,розмоварозмовляти,розмова,кетчупрозмовляти,кетчуп
розповідати,сказатирозповідати,сказати,династіярозповідати,династія
розраховувати,рахуватирозраховувати,рахувати,медрозраховувати,мед
розрізати,розриврозрізати,розрив,практикарозрізати,практика
розслідувати,вивчатирозслідувати,вивчати,кошикрозслідувати,кошик
розташування,місцерозташування,місце,лесбійськийрозташування,лесбійський
розумний,кмітливийрозумний,кмітливий,коледжрозумний,коледж
розумний.1,ярмарокрозумний,ярмарок,здоров'ярозумний,здоров'я
розчарування,сюрпризрозчарування,сюрприз,жабарозчарування,жаба
романтичний,драматичнийромантичний,драматичний,діареяромантичний,діарея
руйнування,створенняруйнування,створення,ключруйнування,ключ
ручка,ручнийручка,ручний,оперативнийручка,оперативний
ручка.1,папірручка,папір,крастиручка,красти
рушник,ковдрарушник,ковдра,морськийрушник,морський
рятівник,геройрятівник,герой,поштарятівник,пошта
саботаж,шпигунствосаботаж,шпигунство,небосаботаж,небо
салат,супсалат,суп,лігасалат,ліга
самотній,єдинийсамотній,єдиний,продуктисамотній,продукти
самурай,ніндзясамурай,ніндзя,посадкасамурай,посадка
сантиметр,милясантиметр,миля,роксантиметр,рок
свиня,коровасвиня,корова,заслуговуватисвиня,заслуговувати
свисток,рігсвисток,ріг,ідеясвисток,ідея
свідчення,свідоксвідчення,свідок,молочнийсвідчення,молочний
світ,міжнароднийсвіт,міжнародний,цементсвіт,цемент
світанок,захід сонцясвітанок,захід сонця,висновоксвітанок,висновок
свічка,лампасвічка,лампа,шанссвічка,шанс
свято,різдвянийсвято,різдвяний,склянкасвято,склянка
священик,монахсвященик,монах,приноситисвященик,приносити
село,табірсело,табір,симптомсело,симптом
сенат,парламентсенат,парламент,відноснийсенат,відносний
сенатор,губернаторсенатор,губернатор,неприємністьсенатор,неприємність
сеча,кровсеча,кров,телескопсеча,телескоп
сигара,димсигара,дим,сучаснийсигара,сучасний
сигарета,тютюнсигарета,тютюн,відділсигарета,відділ
сигнал,частотасигнал,частота,терапіясигнал,терапія
сигналізація,сповіщеннясигналізація,сповіщення,сенсаційнийсигналізація,сенсаційний
сидіти,стоятисидіти,стояти,полксидіти,полк
сила,міцьсила,міць,неприємнийсила,неприємний
сильно,міцносильно,міцно,людинасильно,людина
сильно.1,важкийсильно,важкий,формасильно,форма
символ,прапорсимвол,прапор,нічсимвол,ніч
син,дочкасин,дочка,чашкасин,чашка
синдром,симптомсиндром,симптом,привілейсиндром,привілей
синій,коричневийсиній,коричневий,надіясиній,надія
синяк,дряпатисиняк,дряпати,перериватисиняк,переривати
сир,хлібсир,хліб,прогрессир,прогрес
система,мережасистема,мережа,місяцьсистема,місяць
сік,молочнийсік,молочний,анархіясік,анархія
сім'я,клансім'я,клан,сексуальнийсім'я,сексуальний
скандал,пліткискандал,плітки,днаскандал,дна
скорочувати,збільшитискорочувати,збільшити,геройскорочувати,герой
скромний,стриманийскромний,стриманий,відходискромний,відходи
слабкий,сильнийслабкий,сильний,самогубствослабкий,самогубство
слава,славнийслава,славний,поясненняслава,пояснення
слуга,рабслуга,раб,вироблятислуга,виробляти
смачний,апетитнийсмачний,апетитний,двасмачний,два
сміття,кошиксміття,кошик,знаменитістьсміття,знаменитість
сміятися,усмішкасміятися,усмішка,імперськийсміятися,імперський
снайпер,шутерснайпер,шутер,вдоваснайпер,вдова
сніг,дощсніг,дощ,мамасніг,мама
сніданок,обідсніданок,обід,злосніданок,зло
сода,лимонадсода,лимонад,терпіннясода,терпіння
сонце,місяцьсонце,місяць,коментарсонце,коментар
сонячний,місячнийсонячний,місячний,лопатисьсонячний,лопатись
соус,кремсоус,крем,присягатисоус,присягати
спагетті,лазаньяспагетті,лазанья,місцеспагетті,місце
спальня,кімнатаспальня,кімната,хапатиспальня,хапати
спантеличеність,хаосспантеличеність,хаос,нерозумнийспантеличеність,нерозумний
спасибі,вдячнийспасибі,вдячний,цивільнийспасибі,цивільний
спати,спокійнийспати,спокійний,інженерспати,інженер
спеціаліст,експертспеціаліст,експерт,повільнийспеціаліст,повільний
співчуття,терпінняспівчуття,терпіння,пірамідаспівчуття,піраміда
спілкування,навігаціяспілкування,навігація,ніндзяспілкування,ніндзя
спільнота,суспільствоспільнота,суспільство,контрольспільнота,контроль
спокійний,спокійноспокійний,спокійно,порохспокійний,порох
спорт,хобіспорт,хобі,бомбаспорт,бомба
справедливість,помститисясправедливість,помститися,місяцьсправедливість,місяць
спрага,голодспрага,голод,листопадспрага,листопад
спроба,спробуватиспроба,спробувати,причіпспроба,причіп
срібло,золотийсрібло,золотий,нервовийсрібло,нервовий
ставлення,думкаставлення,думка,зоопаркставлення,зоопарк
сталь,бетонсталь,бетон,новасталь,нова
станція,платформастанція,платформа,успіхстанція,успіх
статися,виникнутистатися,виникнути,шпигунстатися,шпигун
статуя,пам'ятникстатуя,пам'ятник,гормонстатуя,гормон
створіння,монстрстворіння,монстр,туристстворіння,турист
стиль,ритмстиль,ритм,землястиль,земля
сто,тисячасто,тисяча,равликсто,равлик
стоп,заважатистоп,заважати,бандастоп,банда
страйк,ударитистрайк,ударити,задоволенийстрайк,задоволений
стратегія,плануватистратегія,планувати,пабстратегія,паб
страх,жахстрах,жах,проектстрах,проект
стрибок,підйомстрибок,підйом,залишатистрибок,залишати
структура,пірамідаструктура,піраміда,боронитиструктура,боронити
судити,судовийсудити,судовий,кімнатасудити,кімната
судно,екіпажсудно,екіпаж,житисудно,жити
судовий процес,слухсудовий процес,слух,продавецьсудовий процес,продавець
сукня,спідницясукня,спідниця,правиласукня,правила
сума,числосума,число,леститисума,лестити
суміш,поєднаннясуміш,поєднання,спокійнийсуміш,спокійний
суперечка,конфліктсуперечка,конфлікт,павуксуперечка,павук
супроводжувати,ескортсупроводжувати,ескорт,потужністьсупроводжувати,потужність
супутник,радарсупутник,радар,смоктатисупутник,смоктати
східний,західнийсхідний,західний,штрафсхідний,штраф
сховатися,покриватисховатися,покривати,числосховатися,число
таблетка,капсулатаблетка,капсула,прощеннятаблетка,прощення
таємниця,секретнийтаємниця,секретний,ризикованийтаємниця,ризикований
таймер,детонатортаймер,детонатор,величністьтаймер,величність
так,гараздтак,гаразд,гвинтівкатак,гвинтівка
талант,потенціалталант,потенціал,кровталант,кров
там,туттам,тут,кашельтам,кашель
танцювати,танцівницятанцювати,танцівниця,юристтанцювати,юрист
тарілка,чашатарілка,чаша,ризиктарілка,ризик
тварина,звіртварина,звір,декантварина,декан
творчість,уяватворчість,уява,прямийтворчість,прямий
театр,кінотеатртеатр,кінотеатр,піхватеатр,піхва
телебачення,радіотелебачення,радіо,сенстелебачення,сенс
телефон,зателефонуватителефон,зателефонувати,поєднаннятелефон,поєднання
темний,тіньтемний,тінь,гарантіятемний,гарантія
температура,теплотемпература,тепло,приватнийтемпература,приватний
теніс,гольфтеніс,гольф,підробкатеніс,підробка
теорія,ідеятеорія,ідея,аукціонтеорія,аукціон
тестування,експерименттестування,експеримент,тверезийтестування,тверезий
техніка,методтехніка,метод,канцлертехніка,канцлер
тиждень,місяцьтиждень,місяць,прокляттятиждень,прокляття
тиск,пульстиск,пульс,точкатиск,точка
тканина,шкіратканина,шкіра,бойовийтканина,бойовий
товстий,тонкийтовстий,тонкий,народженнятовстий,народження
торговець,комерційнийторговець,комерційний,балансторговець,баланс
торнадо,ураганторнадо,ураган,рабторнадо,раб
торт,десертторт,десерт,фінансуванняторт,фінансування
травма,ранатравма,рана,забороненийтравма,заборонений
трагічний,сумнийтрагічний,сумний,коронатрагічний,корона
традиційний,сучаснийтрадиційний,сучасний,принцесатрадиційний,принцеса
трикутник,колатрикутник,кола,потягтрикутник,потяг
труп,тілотруп,тіло,розглядатитруп,розглядати
три,одинтри,один,артефакттри,артефакт
туман,хмаратуман,хмара,благодійністьтуман,благодійність
тунель,місттунель,міст,йогатунель,йога
турбота,занепокоєннятурбота,занепокоєння,римськийтурбота,римський
турбувати,перериватитурбувати,переривати,клубтурбувати,клуб
тягнути,штовхатитягнути,штовхати,гордістьтягнути,гордість
убити,отрутаубити,отрута,шумубити,шум
ув'язнений,заручницяув'язнений,заручниця,потенціалув'язнений,потенціал
угоду,договіругоду,договір,рослинаугоду,рослина
узбережжі,пляжнийузбережжі,пляжний,джазузбережжі,джаз
університет,коледжуніверситет,коледж,плюсуніверситет,плюс
унікальний,особливийунікальний,особливий,королеваунікальний,королева
уряд,адміністраціяуряд,адміністрація,дверіуряд,двері
урятувати,порятунокурятувати,порятунок,експериментурятувати,експеримент
успадковувати,спадщинауспадковувати,спадщина,кінецьуспадковувати,кінець
утримувати,зберігатиутримувати,зберігати,монахутримувати,монах
факс,поштафакс,пошта,привабливийфакс,привабливий
фантазія,реальністьфантазія,реальність,сухийфантазія,сухий
фантастичний,чудовийфантастичний,чудовий,радіусфантастичний,радіус
фатальний,смертельнийфатальний,смертельний,консультаціяфатальний,консультація
федерація,колоніяфедерація,колонія,дощфедерація,дощ
фестиваль,карнавалфестиваль,карнавал,неправильнийфестиваль,неправильний
фізичний,сексуальнийфізичний,сексуальний,бігтифізичний,бігти
фільм,порнофільм,порно,вірністьфільм,вірність
фінансовий,банківськийфінансовий,банківський,душафінансовий,душа
фінансування,бюджетфінансування,бюджет,пустеляфінансування,пустеля
фінансування.1,фінансовофінансування,фінансово,шовкфінансування,шовк
флот,морськийфлот,морський,уявафлот,уява
флот.1,корабельфлот,корабель,думкафлот,думка
фотограф,автограффотограф,автограф,нарештіфотограф,нарешті
фотографія,картинафотографія,картина,приємнийфотографія,приємний
фраза,словникфраза,словник,бюджетфраза,бюджет
французький,англійська мовафранцузький,англійська мова,половинафранцузький,половина
фрукти,яблучнийфрукти,яблучний,шоломфрукти,шолом
функціональний,оперативнийфункціональний,оперативний,псевдонімфункціональний,псевдонім
футбол,баскетболфутбол,баскетбол,середовищефутбол,середовище
хвилина,другийхвилина,другий,популярнийхвилина,популярний
хворий,нездоровийхворий,нездоровий,свободахворий,свобода
хижак,здобичхижак,здобич,ритмхижак,ритм
хірургія,працюватихірургія,працювати,будинокхірургія,будинок
хлопчик,дівчинахлопчик,дівчина,джерелохлопчик,джерело
холодний,гарячийхолодний,гарячий,вірусхолодний,вірус
хоробрий,благороднийхоробрий,благородний,розлученняхоробрий,розлучення
християнин,католицькийхристиянин,католицький,турнірхристиянин,турнір
хустка,тканинахустка,тканина,регіональнийхустка,регіональний
цвинтар,могилацвинтар,могила,застосовуватицвинтар,застосовувати
церебральний,мозокцеребральний,мозок,що самецеребральний,що саме
церемонія,ритуальнийцеремонія,ритуальний,губацеремонія,губа
цибуля,часникцибуля,часник,пістолетцибуля,пістолет
цивілізація,культурацивілізація,культура,сюрпризцивілізація,сюрприз
цинічний,наївнийцинічний,наївний,кутцинічний,кут
цирк,зоопаркцирк,зоопарк,слідуватицирк,слідувати
цікавий,захоплюючийцікавий,захоплюючий,компаніяцікавий,компанія
ціна,вартістьціна,вартість,королівськийціна,королівський
чарівний,привабливийчарівний,привабливий,тригерчарівний,тригер
чарівник,магіячарівник,магія,стіначарівник,стіна
частка,матеріячастка,матерія,параноїдальнийчастка,параноїдальний
часто,інодічасто,іноді,гараздчасто,гаразд
чемпіонат,конкуренціячемпіонат,конкуренція,сестрачемпіонат,сестра
черевний,хребетнийчеревний,хребетний,спробуватичеревний,спробувати
череп,кісткачереп,кістка,аналітикчереп,аналітик
черепаха,равликчерепаха,равлик,процесчерепаха,процес
чесний,пристойнийчесний,пристойний,обладнаннячесний,обладнання
чесність,лояльністьчесність,лояльність,проспектчесність,проспект
честь,привілейчесть,привілей,готівкачесть,готівка
четвертий,третійчетвертий,третій,зміначетвертий,зміна
човен,підводний човенчовен,підводний човен,буквальночовен,буквально
чорний,білийчорний,білий,занепокоєннячорний,занепокоєння
чотири,двачотири,два,порночотири,порно
чудовий,винятковийчудовий,винятковий,скаргачудовий,скарга
чудовий.1,приємнийчудовий,приємний,реагуватичудовий,реагувати
чужий,НЛОчужий,НЛО,кишенячужий,кишеня
чутливий,делікатнийчутливий,делікатний,гостинністьчутливий,гостинність
шампанське,виноробствошампанське,виноробство,чувакшампанське,чувак
шантаж,хабаршантаж,хабар,гратишантаж,грати
шафа,кабінетшафа,кабінет,аналогічнийшафа,аналогічний
шахрайство,змаганняшахрайство,змагання,захоплюватисяшахрайство,захоплюватися
швидкий,повільнийшвидкий,повільний,неправедністьшвидкий,неправедність
швидкість,відстаньшвидкість,відстань,бутербродшвидкість,бутерброд
швидко,повільношвидко,повільно,завтрашвидко,завтра
шеф-кухар,готуватишеф-кухар,готувати,геніальнийшеф-кухар,геніальний
шийка,горлошийка,горло,раптомшийка,раптом
широкий,вузькийширокий,вузький,ракеташирокий,ракета
школу,класшколу,клас,інстинктшколу,інстинкт
шланг,насосшланг,насос,фірмашланг,фірма
шлюб,розлученняшлюб,розлучення,свіжийшлюб,свіжий
шматок,фрагментшматок,фрагмент,зрідкашматок,зрідка
шоколад,цукоршоколад,цукор,вивчатишоколад,вивчати
шосе,дорогашосе,дорога,ентузіазмшосе,ентузіазм
шприц,голкашприц,голка,голодшприц,голод
шрам,татуюванняшрам,татуювання,будівельнийшрам,будівельний
штаб-квартира,базаштаб-квартира,база,чарівністьштаб-квартира,чарівність
штурм,вітерштурм,вітер,похибкаштурм,похибка
штучний,природнийштучний,природний,вересеньштучний,вересень
щасливий,задоволенийщасливий,задоволений,баштащасливий,башта
ще,вжеще,вже,дотепнийще,дотепний
щедрий,співчуватищедрий,співчувати,маркащедрий,марка
що,що самещо,що саме,підсумокщо,підсумок
щока,губащока,губа,семінарщока,семінар
щось,ніщощось,ніщо,фізикащось,фізика
щотижня,щоднящотижня,щодня,міцнийщотижня,міцний
ядерний,атомнийядерний,атомний,маляядерний,маля
яйце,гніздояйце,гніздо,слухяйце,слух
якість,кількістьякість,кількість,анонімнийякість,анонімний
яскравий,блискяскравий,блиск,відкриттяяскравий,відкриття
ящірка,жабаящірка,жаба,оркестрящірка,оркестр
