run_id,n_precision,n_reliability,max_sample_size,max_reliability,variable,n_items,n_per_item
Alario1999,52.17639257133962,50,80,0.9901983260481636,familiar,398,30
Barca2002,57.98874196080348,70,90,0.9704357523555678,familiar,626,44
Bogunovic2023,77.43062989242634,60,130,0.9838647550093809,familiar,1307,20
Bonin2003,32.70377700512951,30,50,0.9573510042383825,familiar,299,20
Bonin2021,40.05444511016726,40,60,0.9361037104296334,familiar,506,31
Borsa2025,32.59835394140513,30,50,0.9541214131118055,familiar,964,20
Boukadi2016,37.28793132840573,40,50,0.9380360062617835,familiar,400,25
Chan2024,25.257556433234377,30,50,0.8773473050903603,familiar,25281,20
Clarke2018,54.56183710131097,70,90,0.9596305706575052,familiar,480,58
Conca2024,19.873129141161527,20,40,0.9593409809614613,familiar,503,10
Conde2026_familiar_human,36.121797891224254,30,60,0.9859473974361052,familiar,11010,12
DeDeyne2008,41.978217769570556,40,60,0.9694995373715184,familiar,663,28
Dellacqua2000_1,27.065043720308395,30,40,0.9720624250554083,familiar,264,15
DellaRosa2010,67.03887348652594,60,90,0.9999969045764011,familiar,417,35
Falcinelli2024,32.7259205090987,30,40,0.9285104190383978,familiar,200,20
Ferre2012,56.558548314968256,60,80,0.9758613817169808,familiar,380,47
Fiez1997,46.43703619089237,50,70,0.9399956816984903,familiar,275,40
Gilhooly1977,51.4637125408518,60,80,0.9795170380556626,familiar,205,40
Gilhooly1980,98.48748873424553,100,130,0.9439889146383954,familiar,902,35
Gilhooly1980a,49.19991654727752,50,70,0.9739946559252198,familiar,1920,36
Granja2025,57.16075033654032,NA,110,0.6238572684745045,familiar,500,85
Grigoriev2013,32.624679095094685,30,50,0.9645462218419728,familiar,288,20
Guasch2016,39.13828532531176,40,50,0.9558993946194763,familiar,1400,21
Hermans1994,58.546241340433816,80,110,0.9722141530748041,familiar,740,64
Hinojosa2016b,41.071885878488466,40,60,0.9343906646946667,familiar,875,30
Janschewitz2008,148.04058441841954,240,270,0.9768785478569384,familiar,1380,84
Janssen2011,41.32845835636435,40,60,0.9710532568485334,familiar,150,29
Kerr1991,37.577468995571046,30,40,0.8419639311224697,familiar,306,12
Khwaileh2018,62.22491191537753,140,160,0.9133161555344109,familiar,861,116
Kraljevic2018,78.79152369931447,60,130,0.982796742814836,familiar,2283,33
Lachaud2007,68.32570717217993,60,110,0.979178135917243,familiar,1225,20
Li2021,51.757302154718396,60,80,0.9657405145508232,familiar,72,40
Liu2025,40.439042716882525,40,50,0.9180758351700039,familiar,1200,30
Manoiloff2010,49.24521054819967,50,70,0.9771039337252583,familiar,400,35
Masterson1998,56.37313835290223,60,80,0.9784514059625136,familiar,266,40
Montefinese2014,46.170088098348415,40,60,0.9430560943746138,familiar,1121,31
Moreno-Martinez2012,71.8851662622533,100,130,0.9863301244395227,familiar,360,77
Moreno-Martinez2014,52.567401830453434,60,80,0.9806021392200245,familiar,820,38
Navarrete2019,65.819456095284,100,130,0.9857836640795087,familiar,357,81
Quadflieg2014,25.00524059200447,30,40,0.914045215258926,familiar,875,20
Rogic2013,55.28507754876521,70,90,0.9553396366313275,familiar,61,56
Russell1970,24.89396427462789,30,40,0.9353909377895876,familiar,824,20
Salmon2010,72.4379724656368,90,120,0.99213386642903445,familiar,320,55
Schroder2012,24.995725091414528,30,40,0.926830560068026,familiar,824,20
Schwitter2004,46.76889574370547,50,60,0.9677920551194166,familiar,112,30
Scott2017,46.076377501724785,50,60,0.9558440866313881,familiar,5553,31
Scott2019,44.9815810962088,50,70,0.9600436877888366,familiar,5553,33
Snodgrass1980,56.44686387337568,60,80,0.9796917220696736,familiar,260,40
Stration1975,41.40465804334973,40,60,0.970785709258355,familiar,506,30
Surprenant1999,59.20479168897716,80,100,0.9568963678244389,familiar,199,63
Tabossi2011,50.197071036957,60,70,0.9294157429260472,familiar,245,42
Toglia1978,73.18713554131519,90,130,0.9839054998601213,familiar,2639,60
Tsaparina2011,48.6796829846623,50,70,0.9610786131920275,familiar,260,36
Verheyen2020,32.82568889177733,30,50,0.9643464951458948,familiar,1000,20
Whalen1994,45.744778773466386,40,60,0.9496040235578148,familiar,120,32
Yao2017,73.41153371950507,80,120,0.9844894227523383,familiar,1100,48
Yee2017,24.207018574617145,30,50,0.8405626879396786,familiar,292,22
Yoon2004,NA,20,500,0.9806125703071044,familiar,344,100
Barca2002,62.56393618827188,70,90,0.9780895564035795,concrete,626,44
Bogunovic2023,46.35380106682765,40,50,0.8752909174733957,concrete,1307,20
Bonin2018,43.39078305214789,40,60,0.9799817456874944,concrete,1659,25
Borsa2025,39.61093936550465,30,50,0.9783307154034988,concrete,964,20
Brysbaert2014,36.98012247953223,40,50,0.973300428750609,concrete,39954,25
Brysbaert2014a,37.27300843675788,40,60,0.9776154965795318,concrete,30065,25
Chan2024,25.17987315127688,30,40,0.8776993576784692,concrete,25281,20
Coso2019,25.00613731971653,30,40,0.9410712612166913,concrete,3022,20
DellaRosa2010,71.89493174927142,70,110,0.9999995074930236,concrete,417,35
Falcinelli2024,32.27056523058431,30,40,0.9657491066960221,concrete,200,20
Ferre2012,51.82984687097966,60,80,0.9477097395448907,concrete,380,47
Friendly1982,54.35210566268036,70,90,0.9854751265253269,concrete,1093,50
Gilhooly1977,51.54191466134253,50,70,0.9666708907655671,concrete,205,40
Gilhooly1980,94.12897118497585,100,120,0.9128088397820934,concrete,902,36
Gilhooly1980a,49.42444000647619,50,70,0.9806447706982152,concrete,1920,35
Guasch2016,32.17533912377306,30,50,0.9664342951385466,concrete,1400,21
Hinojosa2016a,43.910747229646525,50,60,0.9309776415783243,concrete,875,35
Kanske2010,84.43954019133227,110,150,0.99304544078718,concrete,1000,64
Kerr1991,44.69395345494385,40,50,0.9711521973562048,concrete,306,12
Klee1976,49.127641115080756,50,70,0.9892913855904354,concrete,200,26
Kraljevic2018,44.764065641868406,50,60,0.9712835068558855,concrete,2283,33
Liu2025,34.84867983028243,40,50,0.9152146252884324,concrete,1200,30
Montefinese2014,45.9103960874269,50,60,0.9723834966584725,concrete,1121,31
Montefinese2023_en,221.1589505153678,350,420,0.9932645028671758,concrete,544,63
Montefinese2023_it,160.91254906828482,200,260,0.9903119211985384,concrete,562,39
Muraki2025,37.783763492863855,40,50,0.9501214453306622,concrete,2938,24
Paivio1968,79.86838722004768,70,130,0.9956659647077847,concrete,921,31
PetiStantic2021,40.793779647942266,40,60,0.9575596647046907,concrete,6000,30
Quadflieg2014,25.253815091033545,30,40,0.8627773431157101,concrete,875,20
Scott2017,50.45666658698929,50,70,0.9830083745383217,concrete,5553,33
Scott2019,50.47341602520728,50,70,0.9832261668811101,concrete,5553,33
Siew2025,52.02991048045466,70,90,0.9475166324396005,concrete,283,55
Soares2017,58.648505898317694,70,100,0.9808996702625146,concrete,3800,57
Toglia1978,53.414502875089944,70,90,0.9507522288663496,concrete,2853,60
VanderGoten1999,49.29291271829211,50,70,0.9740329631569296,concrete,399,35
Verheyen2020,25.182173257915736,30,40,0.8932636762620109,concrete,1000,20
Yao2017,84.63517622175331,90,140,0.9895576239428572,concrete,1100,48
Yee2017,31.83514658969729,30,40,0.9144044724232135,concrete,292,22
Bogunovic2023,46.631311460728284,40,60,0.9209885169951104,valence,1307,20
Bonin2018,41.88090386796976,40,60,0.9700473797565311,valence,1659,29
Borsa2025,40.032889818325486,40,60,0.989827373476845,valence,963,20
Bradley1999,10.073284011520741,20,30,0.9745196476208859,valence,976,8
Chan2024,33.1700359586656,30,50,0.9504635897030101,valence,25281,20
Cheng2025,25.285309478585035,30,40,0.9203801820186376,valence,3971,20
Conca2024,9.348978502499065,20,30,0.9098846992778841,valence,503,10
Coso2019,33.13873578551612,30,50,0.9790659787762046,valence,3022,20
Falcinelli2024,33.00954892798118,30,50,0.9748783139568167,valence,200,20
Ferre2012,61.5319862890759,70,90,0.9838336328684181,valence,380,47
Guasch2016,45.5122758738146,40,70,0.988538301494657,valence,1400,22
Hinojosa2016a,54.98998636113413,60,90,0.9932952902063831,valence,875,35
Imbir2015,60.10986313696711,70,90,0.9902750404692338,valence,1586,42
Janschewitz2008,183.72755788803914,280,410,0.9974741212025009,valence,1380,84
Kanske2010,58.482212361234076,80,100,0.9140994577593085,valence,1000,64
Kurdi2017,87.49481619160603,150,210,0.9945050068011811,valence,900,102
Liu2025,47.47575006930313,50,70,0.9910014315906076,valence,1200,30
Monnier2017,42.68168891204711,40,60,0.963282616928927,valence,1031,27
Montefinese2014,52.03603746247649,50,80,0.9900532771331457,valence,1121,31
Moors2013,71.09047798851044,90,140,0.9935968834680766,valence,4299,64
Muraki2025,42.548270030744376,40,70,0.9788408862548567,valence,2938,28
Quadflieg2014,40.36589765501314,30,60,0.9897182885226874,valence,875,20
Raslescu2023,79.94879156069717,270,350,0.9992498538691688,valence,300,199
Ric2013,84.17518627645649,120,180,0.9963702076412612,valence,524,80
Rocklage2018,53.01332835647254,50,80,0.9956185051517455,valence,1541,30
Roest2017,79.57723132736689,120,180,0.9956267146369041,valence,672,87
Schauenburg2015,54.96533405437196,50,80,0.9872964183079105,valence,858,35
Schmidtke2014,40.23685518877483,30,60,0.9878807058133515,valence,1003,20
Scott2017,56.262954842783294,50,90,0.9894929932762098,valence,5553,33
Scott2019,55.7417058638646,50,90,0.9887776644718049,valence,5553,34
Siew2025,61.249665819317194,100,120,0.9636457965203435,valence,283,78
Soares2012,73.14468476181594,90,130,0.9937565892934861,valence,167,60
Stadthagen-Gonzalez2017,85.58407969426425,140,220,0.9938505951099134,valence,14031,96
Stadthagen-Gonzalez2017a,34.10363342603519,30,50,0.9694935940952588,valence,10491,18
Syssau2009,73.25193910880284,130,170,0.9866350817977304,valence,470,100
VanderGoten1999,49.576990355298264,50,70,0.9725987152511627,valence,399,35
Verheyen2020,33.147861195526474,30,50,0.9788583604246087,valence,1000,20
Vo2009,40.16608379795349,40,60,0.9866486614662248,valence,2902,20
Warriner2013,33.106581710677915,30,50,0.9539795027797543,valence,13915,20
Yao2017,84.66294380927982,90,150,0.9937251494359122,valence,1100,48
Yee2017,38.73121782347085,40,60,0.9751556000486141,valence,292,22
Bogunovic2023,39.99966040677357,40,50,0.8559633752718662,arousal,1307,20
Bonin2018,41.73773314958204,40,60,0.9280139903613639,arousal,1657,29
Borsa2025,32.880200428797714,30,40,0.9606617696821529,arousal,963,20
Bradley1999,10.625449705519927,20,20,0.8385160042300319,arousal,976,8
Chan2024,25.274994196551177,30,40,0.8621486988763134,arousal,25281,20
Cheng2025,25.33223327308221,NA,40,0.7977670912632119,arousal,3971,20
Conca2024,9.551369479057541,20,30,0.9232803362493714,arousal,503,10
Coso2019,25.189397413519842,30,40,0.9139131559186123,arousal,3022,20
Falcinelli2024,24.726995932355052,NA,40,0.6232889357377842,arousal,200,20
Ferre2012,52.62661751182659,60,80,0.9302415315768879,arousal,380,47
Guasch2016,32.55957424699031,30,40,0.9378476183039068,arousal,1400,21
Hinojosa2016a,44.09260666970286,50,60,0.9523945496060714,arousal,875,35
Imbir2015,45.551548711039274,50,70,0.9068463265788216,arousal,1586,42
Janschewitz2008,173.1963547310903,280,340,0.9925421919442209,arousal,1380,84
Kanske2010,58.75218117854661,80,100,0.9701227898212796,arousal,1000,64
Kurdi2017,59.14394933623438,120,140,0.9441459845200045,arousal,900,102
Liu2025,40.8229067312902,40,60,0.9561430616816512,arousal,1200,30
Monnier2017,36.68863445134525,40,50,0.8526813916510787,arousal,1031,27
Montefinese2014,40.691680289859654,40,60,0.8861842488357304,arousal,1121,31
Moors2013,59.0012648243536,80,110,0.974036910945461,arousal,4299,64
Muraki2025,25.729583446680437,30,40,0.9315772091550193,arousal,2938,19
Roest2017,62.4747976364389,100,120,0.9372797113383364,arousal,672,87
Schauenburg2015,49.62900223375061,50,70,0.9700250671135042,arousal,858,35
Scott2017,39.61904520496956,40,60,0.9167835430257838,arousal,5553,33
Scott2019,45.491510956951494,50,60,0.930076678440899,arousal,5553,33
Siew2025,54.58715011180807,80,100,0.8135321240816655,arousal,283,72
Soares2012,56.95439674648307,80,90,0.9629052267326794,arousal,167,60
Stadthagen-Gonzalez2017,79.11597480275233,140,190,0.9815560195517549,arousal,14031,96
Stadthagen-Gonzalez2017a,26.149197891123237,30,40,0.9179163231202101,arousal,10491,18
Verheyen2020,32.86546635365703,30,40,0.9528385165752772,arousal,1000,20
Vo2009,25.148724926690292,30,40,0.9310319160482068,arousal,2902,20
Warriner2013,24.834528521684675,30,40,0.8336169622088457,arousal,13915,21
Yao2017,80.97117642757544,80,130,0.9871762045928218,arousal,1100,48
Yee2017,24.495521632895176,30,40,0.8852610912597902,arousal,292,22
Barca2002,53.814520672457185,60,80,0.9627536045491564,imagine,626,44
Bennett2011,54.51173125578155,60,80,0.9434754428737075,imagine,599,43
Berrian1979,60.47256815867685,90,110,0.9790815982488896,imagine,324,67
Bonin2021,40.0658958595909,40,60,0.9612344182812255,imagine,506,31
Borsa2025,32.492868216144956,30,50,0.9758292805679402,imagine,964,20
Boukadi2016,37.435611559734866,40,50,0.9574885374026987,imagine,348,25
Chan2024,25.185820000865675,30,40,0.898262072409255,imagine,25281,20
Clarke2024,176.98226335666988,190,340,0.9975589418722244,imagine,627,60
Conca2024,9.109973585515334,20,30,0.9552226731367259,imagine,503,10
Cortese2004,40.69605960742822,40,60,0.9582080000894412,imagine,3000,30
DeDeyne2008,47.60595057822092,40,60,0.9455786698152842,imagine,663,28
DellaRosa2010,76.36730202744926,70,110,0.9999993758422117,imagine,417,35
Desrochers2009,59.973534228857375,90,110,0.9806493439473579,imagine,3600,72
Desrochers2010,53.84508964788394,70,80,0.9788619443564909,imagine,3600,50
Falcinelli2024,24.964326084563666,NA,40,0.7274100952138443,imagine,200,20
Gilhooly1977,59.078992199723864,70,90,0.9751067027040372,imagine,205,50
Gilhooly1980,97.14719751102095,110,130,0.9339924188234697,imagine,901,37
Gilhooly1980a,48.26452104818759,50,70,0.9562238024090449,imagine,1920,37
Grigoriev2013,40.71492244196852,30,60,0.9090818433914968,imagine,267,20
Guasch2016,45.45301777172347,40,60,0.985906763648597,imagine,1400,21
Janschewitz2008,160.87335738970825,270,330,0.9954582202151403,imagine,1380,84
Janssen2011,40.29345609863154,40,60,0.9304196660126526,imagine,150,31
Kerr1991,50.771708918469386,40,60,0.9775716260402121,imagine,306,12
Khwaileh2018,62.71591817752413,170,200,0.9603715271859031,imagine,861,148
Kraljevic2018,50.35183819654277,50,70,0.9781773257837538,imagine,2872,33
Lippman1974,63.38642609855084,110,130,0.964930111058397,imagine,226,85
Manoiloff2010,44.00562958271882,50,60,0.9284661705014418,imagine,400,35
Masterson1998,46.6867679644935,50,70,0.899639983624497,imagine,266,40
Miklashevsky2018,52.23741602164489,40,70,0.9845973659150054,imagine,506,20
Montefinese2014,45.898042125316756,50,60,0.9580853380041296,imagine,1121,31
Muraki2025,37.14810438387842,40,50,0.9587240115754633,imagine,2938,25
Paivio1968,51.62429600812997,50,80,0.9824552616274088,imagine,923,31
PetiStantic2021,40.652885455190805,40,60,0.9560164816844322,imagine,6000,30
Rami2022,40.945748283011056,50,50,0.9115810126040432,imagine,130,40
Raslescu2023,51.90923429644704,220,250,0.9756960482592031,imagine,300,197
Rinaldi2004,54.940210961043995,70,80,0.9319906947417497,imagine,519,50
Schmidtke2014,32.805971926505926,30,50,0.9713056818780305,imagine,1003,20
Scott2017,50.276273997819935,50,70,0.9804787145394618,imagine,5553,33
Scott2019,50.32341704270229,50,70,0.9790713202248734,imagine,5553,33
Soares2017,56.551768385171826,80,90,0.954394528462189,imagine,3800,61
Stration1975,40.978909267691165,40,60,0.9470030338844505,imagine,506,30
Toglia1978,53.18490904620882,70,90,0.94628260050082,imagine,2853,60
Tsaparina2011,60.03880152524033,60,80,0.9676397571558463,imagine,260,34
Verheyen2020,25.049850718421517,30,40,0.937702734862448,imagine,1000,20
Vo2009,32.89424963591889,30,50,0.9723985629994472,imagine,2902,20
Walker1970,51.55383105090961,60,80,0.9784464839325603,imagine,334,40
Walley1992,24.94257211319359,30,40,0.9310834481628804,imagine,87,20
Yao2017,73.11591992044617,80,120,0.9878631660714994,imagine,1100,48
Yee2017,24.094151436956494,30,40,0.885869162381567,imagine,292,22
Alario1999,41.2818735951993,40,60,0.9717499899888384,aoa,398,30
Alonso2015,33.08401854587919,30,50,0.9789438930742407,aoa,7039,20
Alonso2016,55.962946829179145,70,90,0.9836198792226584,aoa,4640,49
Barca2002,58.993030259522286,60,90,0.9868386260256355,aoa,626,44
Birchenough2017,46.41698884529609,40,60,0.982943352934673,aoa,3259,20
Bonin2003,33.16099913011112,30,50,0.9726038112004928,aoa,299,20
Bonin2021,40.43078373674562,40,60,0.9695638533553248,aoa,506,31
Borsa2025,39.94798145578906,40,60,0.9822770760407176,aoa,964,20
Brysbaert2014a,44.69713220805395,40,70,0.9757826027640423,aoa,25881,25
Cameirao2010,56.83328408164355,60,80,0.9866469499231597,aoa,1749,40
Carroll1973,47.64722763877699,50,70,0.9923029748632428,aoa,220,29
Clarke2018,62.89466461682416,80,100,0.9811403427040282,aoa,480,58
Clarke2024,65.45840751997613,90,120,0.9871946315642363,aoa,628,60
Conca2024,9.60312446277851,20,30,0.968099896434094,aoa,503,10
Dellacqua2000_1,27.28198797066952,30,50,0.9714994389543797,aoa,264,15
DellaRosa2010,72.74457240308467,60,100,0.9999988486602295,aoa,417,35
Diez-Alamo2018,18.591927678551244,20,30,0.863648593917294,aoa,5500,15
Falcinelli2024,25.1536889365849,30,40,0.9361173494813941,aoa,200,20
Ferrand2008,52.041420089917814,50,80,0.9838702044159735,aoa,1493,31
Gilhooly1977,56.82705340208747,60,90,0.9917443887806707,aoa,205,40
Gilhooly1980,104.68875798904165,110,150,0.9828017204884408,aoa,902,36
Gilhooly1980a,54.54087785393035,50,80,0.9909084592048152,aoa,1920,36
Khwaileh2018,66.08695122684689,160,190,0.9809863723430872,aoa,861,132
Kraljevic2018,86.8550120813998,70,140,0.9898863226303428,aoa,2280,33
Kuperman2012,40.47995599119667,40,60,0.9791084252894557,aoa,31105,20
Lachaud2007,63.73026605668341,50,100,0.9890812288442253,aoa,1225,20
Manoiloff2010,49.776916981385554,50,70,0.9716541770028487,aoa,400,35
Marques2007,45.72665815133342,40,70,0.9867676059432434,aoa,834,22
Masterson1998,56.55966487193963,60,80,0.9674707519115554,aoa,266,40
Miklashevsky2018,32.895300198225236,30,50,0.9552003491472786,aoa,506,20
Mochizuki2025,51.75791488761731,60,70,0.96235510625867,aoa,5736,40
Montefinese2019,49.96540321901807,40,70,0.9797979666542381,aoa,1957,25
Moors2013,51.446574513190804,50,70,0.9744089790099344,aoa,4299,32
Moreno-Martinez2012,82.51647392118946,110,150,0.99197121003667,aoa,360,77
Navarrete2019,73.04819141230055,110,140,0.9910570661040718,aoa,357,81
PetiStantic2021,47.22250292732379,50,70,0.979670917865762,aoa,6000,30
Raman2014,52.3604687344431,NA,80,0.5665190865991672,aoa,260,61
Rami2022,65.227040397129,60,110,0.9897824964659446,aoa,130,40
Russell1970,39.79391848049702,40,60,0.9836923405256137,aoa,824,20
Ruts2004,37.91015242031034,40,60,0.9755952073039826,aoa,338,24
Schock2012,45.95095258717577,50,60,0.963281135237953,aoa,3000,32
Schroder2012,39.85247755446013,40,50,0.9839382325851503,aoa,824,20
Schwitter2004,41.04412331052571,40,60,0.9453622549771654,aoa,112,30
Scott2017,50.34264809872277,50,70,0.9833361830763572,aoa,5553,34
Scott2019,50.38579955115072,50,70,0.984120589952967,aoa,5553,34
Stration1975,47.363500647310175,50,70,0.986976432833108,aoa,506,30
Tabossi2011,45.74293324586842,50,70,0.8569926205935192,aoa,245,42
Tsaparina2011,49.89592424945028,50,80,0.9657052187366926,aoa,260,35
Valueva2025,52.833659231897364,50,80,0.9851016469576437,aoa,30846,30
Verheyen2020,33.21887227690012,30,60,0.979836586526507,aoa,1000,20
Xu2021,18.522041487697862,20,40,0.8990904585613629,aoa,19716,15
