dataset,variable,word_column,mean_column,sd_column,n_items,min_score,max_score,n_per_item
Alario1999.csv,familiar,word_spanish,familiar_mean,familiar_sd,398,1.03,4.97,30
Barca2002.csv,familiar,word_italian,familiar_mean,familiar_sd,626,3.41,7,44
Barca2002.csv,concrete,word_italian,concrete_mean,concrete_sd,626,2.05,7,44
Barca2002.csv,imagine,word_italian,imagine_mean,imagine_sd,626,1.89,6.68,44
Bennett2011.csv,imagine,word_english,imagine_mean,imagine_sd,599,2.26,6.67,43
Berrian1979.csv,imagine,word_english,imagine_mean,imagine_sd,324,1.7,4.79,67
Bogunovic2023.csv,familiar,word_croatian_equivalent,familiar_mean,familiar_sd,1307,3.3,7,20
Bogunovic2023.csv,concrete,word_croatian_equivalent,concrete_mean,concrete_sd,1307,2.71,6.9,20
Bogunovic2023.csv,valence,word_croatian_equivalent,valence_mean,valence_sd,1307,1.6,8.65,20
Bogunovic2023.csv,arousal,word_croatian_equivalent,arousal_mean,arousal_sd,1307,2.1,8.15,20
Bonin2003.csv,familiar,word_french,familiar_mean,familiar_sd,299,1.25,4.95,20
Bonin2018.csv,concrete,word_french,concrete_mean,concrete_sd,1659,1.23,5,25
Bonin2018.csv,valence,word_french,valence_mean,valence_sd,1659,1,4.9,29
Bonin2018.csv,arousal,word_french,arousal_mean,arousal_sd,1657,1.21,4.9,29
Bonin2021.csv,familiar,word_french,familiar_mean,familiar_sd,506,1.7,5,31
Bonin2021.csv,imagine,word_french,imagine_mean,imagine_sd,506,1.6,4.97,31
Borsa2025.csv,familiar,word_italian,familiar_mean,familiar_sd,964,1.421052632,7,20
Borsa2025.csv,concrete,word_italian,concrete_mean,concrete_sd,964,1.105263158,7,20
Borsa2025.csv,valence,word_italian,valence_mean,valence_sd,963,1.210526316,8.944444444,20
Borsa2025.csv,arousal,word_italian,arousal_mean,arousal_sd,963,1.333333333,9,20
Borsa2025.csv,imagine,word_italian,imagine_mean,imagine_sd,964,1.176470588,7,20
Boukadi2016.csv,familiar,word_arabic_intended,familiar_mean,familiar_sd,400,1.67,4.92,25
Boukadi2016.csv,imagine,word_arabic_intended,imagine_mean,imagine_sd,348,1.44,6.84,25
Bradley1999.csv,valence,word_english,valence_mean,valence_sd,976,1.25,8.82,8
Bradley1999.csv,arousal,word_english,arousal_mean,arousal_sd,976,2.39,8.17,8
Brysbaert2014.csv,concrete,word_english,concrete_mean,concrete_sd,39954,1.04,5,25
Brysbaert2014a.csv,concrete,word_dutch,concrete_mean,concrete_sd,30065,1,5,25
Chan2024.csv,familiar,word_chinese_traditional,familiar_mean,familiar_sd,25281,2.75,6.9,20
Chan2024.csv,concrete,word_chinese_traditional,concrete_mean,concrete_sd,25281,2.2,6.65,20
Chan2024.csv,valence,word_chinese_traditional,valence_mean,valence_sd,25281,1.4,7.95,20
Chan2024.csv,arousal,word_chinese_traditional,arousal_mean,arousal_sd,25281,1.6,7.6,20
Chan2024.csv,imagine,word_chinese_traditional,imagine_mean,imagine_sd,25281,1.85,6.65,20
Cheng2025.csv,valence,word_chinese_traditional,valence_mean,valence_sd,3971,1.75,7.95,20
Cheng2025.csv,arousal,word_chinese_traditional,arousal_mean,arousal_sd,3971,2.1,7.2,20
Chiarello1999.csv,imagine,word_english,imagine_mean,imagine_sd,1196,1.21,7,28
Clarke2018.csv,familiar,word_thai_intended,familiar_mean,familiar_sd,480,1.29,5,58
Clarke2024.csv,imagine,word_english,imagine_mean,imagine_sd,627,1.5714285714285714,7,60
Conca2024.csv,familiar,word_turkish,familiar_mean,familiar_sd,503,1.375,7,10
Conca2024.csv,valence,word_turkish,valence_mean,valence_sd,503,1.6,8.3,10
Conca2024.csv,arousal,word_turkish,arousal_mean,arousal_sd,503,1,8.166666666666666,10
Conca2024.csv,imagine,word_turkish,imagine_mean,imagine_sd,503,1,7,10
Conde2026_familiar_human.csv,familiar,word_german,familiar_mean,familiar_sd,11010,1,7,12
Cortese2004.csv,imagine,word_english,imagine_mean,imagine_sd,3000,1.2,6.9,30
Coso2019.csv,concrete,word_croatian,concrete_mean,concrete_sd,3022,2,6.95,20
Coso2019.csv,valence,word_croatian,valence_mean,valence_sd,3022,1.1428571428571428,8.789473684210526,20
Coso2019.csv,arousal,word_croatian,arousal_mean,arousal_sd,3022,1.4,8.277777777777779,20
DeDeyne2008.csv,familiar,word_dutch,familiar_mean,familiar_sd,663,1.607142857,4.928571429,28
DeDeyne2008.csv,imagine,word_dutch,imagine_mean,imagine_sd,663,2.68,6.823529412,28
DellaRosa2010.csv,familiar,word_italian,familiar_mean,familiar_sd,417,253,700,35
DellaRosa2010.csv,concrete,word_italian,concrete_mean,concrete_sd,417,132,700,35
DellaRosa2010.csv,imagine,word_italian,imagine_mean,imagine_sd,417,129,700,35
Dellacqua2000_1.csv,familiar,word_italian,familiar_mean,familiar_sd,264,1.2,7,15
Desrochers2009.csv,imagine,word_french,imagine_mean,imagine_sd,3600,1.08,7,72
Desrochers2010.csv,imagine,word_french,imagine_mean,imagine_sd,3600,1.08,7,50
Falcinelli2024.csv,familiar,word_italian,familiar_mean,familiar_sd,200,2.3,6.75,20
Falcinelli2024.csv,concrete,word_italian,concrete_mean,concrete_sd,200,1,5.6,20
Falcinelli2024.csv,valence,word_italian,valence_mean,valence_sd,200,1.35,6.75,20
Falcinelli2024.csv,arousal,word_italian,arousal_mean,arousal_sd,200,3.3,4.95,20
Falcinelli2024.csv,imagine,word_italian,imagine_mean,imagine_sd,200,3.2,5.95,20
Ferre2012.csv,familiar,word_spanish,familiar_mean,familiar_sd,380,1.63,8.64,47
Ferre2012.csv,concrete,word_spanish,concrete_mean,concrete_sd,380,3.68,8.64,47
Ferre2012.csv,valence,word_spanish,valence_mean,valence_sd,380,1.21,8.08,47
Ferre2012.csv,arousal,word_spanish,arousal_mean,arousal_sd,380,2.55,8.21,47
Fiez1997.csv,familiar,word_english,familiar_mean,familiar_sd,275,1.53,4.85,40
Friendly1982.csv,concrete,word_english,concrete_mean,concrete_sd,1093,1.8,7,50
Gilhooly1977.csv,familiar,word_english,familiar_mean,familiar_sd,205,1.52,6.67,40
Gilhooly1977.csv,concrete,word_english,concrete_mean,concrete_sd,205,2,6.7,40
Gilhooly1977.csv,imagine,word_english,imagine_mean,imagine_sd,205,1.34,6.68,50
Gilhooly1980.csv,familiar,word_english,familiar_mean,familiar_sd,902,1.1,6.66,35
Gilhooly1980.csv,concrete,word_english,concrete_mean,concrete_sd,902,1.69,6.64,36
Gilhooly1980.csv,imagine,word_english,imagine_mean,imagine_sd,901,2.03,6.43,37
Gilhooly1980a.csv,familiar,word_english,familiar_mean,familiar_sd,1920,1.26,7.7,36
Gilhooly1980a.csv,concrete,word_english,concrete_mean,concrete_sd,1920,1.57,6.83,35
Gilhooly1980a.csv,imagine,word_english,imagine_mean,imagine_sd,1920,1.35,6.73,37
Granja2025.csv,familiar,word_galician,familiar_mean,familiar_sd,500,52.65882353,79.68235294,85
Grigoriev2013.csv,familiar,word_russian,familiar_mean,familiar_sd,288,1.02,4.95,20
Grigoriev2013.csv,imagine,word_russian,imagine_mean,imagine_sd,267,0.25,6.87,20
Guasch2016.csv,familiar,word_spanish,familiar_mean,familiar_sd,1400,1.65,7,21
Guasch2016.csv,concrete,word_spanish,concrete_mean,concrete_sd,1400,1.55,7,21
Guasch2016.csv,valence,word_spanish,valence_mean,valence_sd,1400,1,8.91,22
Guasch2016.csv,arousal,word_spanish,arousal_mean,arousal_sd,1400,1.5,8.4,21
Guasch2016.csv,imagine,word_spanish,imagine_mean,imagine_sd,1400,1.2,7,21
Hermans1994.csv,familiar,word_dutch,familiar_mean,familiar_sd,740,1.81,6.73,64
Hinojosa2016a.csv,concrete,word_spanish,concrete_mean,concrete_sd,875,1.8,6.75,35
Hinojosa2016a.csv,valence,word_spanish,valence_mean,valence_sd,875,1.1,8.67,35
Hinojosa2016a.csv,arousal,word_spanish,arousal_mean,arousal_sd,875,1.73,8.29,35
Hinojosa2016b.csv,familiar,word_spanish,familiar_mean,familiar_sd,875,2.24,8.6,30
Imbir2015.csv,valence,word_polish,valence_mean,valence_sd,1586,1.29,8.68,42
Imbir2015.csv,arousal,word_polish,arousal_mean,arousal_sd,1586,1.67,8.07,42
Janschewitz2008.csv,familiar,word_english,familiar_mean,familiar_sd,1380,1.73,8.56,84
Janschewitz2008.csv,valence,word_english,valence_mean,valence_sd,1380,1.39,8.29,84
Janschewitz2008.csv,arousal,word_english,arousal_mean,arousal_sd,1380,1.13,7.11,84
Janschewitz2008.csv,imagine,word_english,imagine_mean,imagine_sd,1380,1.4,8.63,84
Janssen2011.csv,familiar,word_english,familiar_mean,familiar_sd,150,1.32,6.87,29
Janssen2011.csv,imagine,word_english,imagine_mean,imagine_sd,150,2.39,6.78,31
Kanske2010.csv,concrete,word_german,concrete_mean,concrete_sd,1000,1.190476,8.377049,64
Kanske2010.csv,valence,word_german,valence_mean,valence_sd,1000,2.516129,7.396825,64
Kanske2010.csv,arousal,word_german,arousal_mean,arousal_sd,1000,1.645161,7.921875,64
Kerr1991.csv,familiar,word_english,familiar_mean,familiar_sd,306,3.67,7,12
Kerr1991.csv,concrete,word_english,concrete_mean,concrete_sd,306,1.71,6.83,12
Kerr1991.csv,imagine,word_english,imagine_mean,imagine_sd,306,1.17,6.92,12
Khwaileh2018.csv,familiar,word_arabic_aralex,familiar_mean,familiar_sd,861,2.06,4.74,116
Khwaileh2018.csv,imagine,word_arabic_aralex,imagine_mean,imagine_sd,861,3.23,6.75,148
Klee1976.csv,concrete,word_english,concrete_mean,concrete_sd,200,1.35,4.94,26
Kraljevic2018.csv,familiar,word_croatian,familiar_mean,familiar_sd,2283,1.2,5,33
Kraljevic2018.csv,concrete,word_croatian,concrete_mean,concrete_sd,2283,1.1,5,33
Kraljevic2018.csv,imagine,word_croatian,imagine_mean,imagine_sd,2872,1,5,33
Kurdi2017.csv,valence,theme,valence_mean,valence_sd,900,1.107843137,6.490196078,102
Kurdi2017.csv,arousal,theme,arousal_mean,arousal_sd,900,1.693069307,5.722772277,102
Lachaud2007.csv,familiar,word_french,familiar_mean,familiar_sd,1225,-2.37,3,20
Li2021.csv,familiar,word_chinese_traditional,familiar_mean,familiar_sd,72,3.407,5.983,40
Lippman1974.csv,imagine,word_english,imagine_mean,imagine_sd,226,1.65,6.51,85
Liu2025.csv,familiar,word_chinese_simplified,familiar_mean,familiar_sd,1200,4.6429,7,30
Liu2025.csv,concrete,word_chinese_simplified,concrete_mean,concrete_sd,1200,1.1111,5.7037,30
Liu2025.csv,valence,word_chinese_simplified,valence_mean,valence_sd,1200,-2.6667,2.6667,30
Liu2025.csv,arousal,word_chinese_simplified,arousal_mean,arousal_sd,1200,1.25,6.4643,30
Manoiloff2010.csv,familiar,word_spanish,familiar_mean,familiar_sd,400,1.18,4.94,35
Manoiloff2010.csv,imagine,word_spanish,imagine_mean,imagine_sd,400,1.57,4.77,35
Masterson1998.csv,familiar,word_english,familiar_mean,familiar_sd,266,1.4,6.71,40
Masterson1998.csv,imagine,word_english,imagine_mean,imagine_sd,266,3,6.64,40
Miklashevsky2018.csv,imagine,word_russian,imagine_mean,imagine_sd,506,1.93,7,20
Monnier2017.csv,valence,word_french,valence_mean,valence_sd,1031,1.35,8.58,27
Monnier2017.csv,arousal,word_french,arousal_mean,arousal_sd,1031,2.14,7.86,27
Montefinese2014.csv,familiar,word_italian,familiar_mean,familiar_sd,1121,2.8,8.85,31
Montefinese2014.csv,concrete,word_italian,concrete_mean,concrete_sd,1121,2.4,9,31
Montefinese2014.csv,valence,word_italian,valence_mean,valence_sd,1121,1.18,8.88,31
Montefinese2014.csv,arousal,word_italian,arousal_mean,arousal_sd,1121,2,8.11,31
Montefinese2014.csv,imagine,word_italian,imagine_mean,imagine_sd,1121,3.4,9,31
Montefinese2023_en.csv,concrete,word_english,concrete_mean,concrete_sd,544,1.31,7,63
Montefinese2023_it.csv,concrete,word_italian,concrete_mean,concrete_sd,562,1.44,6.96,39
Moors2013.csv,valence,word_dutch,valence_mean,valence_sd,4299,1.14,6.61,64
Moors2013.csv,arousal,word_dutch,arousal_mean,arousal_sd,4299,1.45,6.52,64
Moreno-Martinez2012.csv,familiar,word_spanish,familiar_mean,familiar_sd,360,1.32,4.97,77
Moreno-Martinez2014.csv,familiar,word_spanish,familiar_mean,familiar_sd,820,0.45,5,38
Muraki2025.csv,concrete,item,concrete_mean,concrete_sd,2938,1.35,5,24
Muraki2025.csv,valence,item,valence_mean,valence_sd,2938,1,8.78,28
Muraki2025.csv,arousal,item,arousal_mean,arousal_sd,2938,1.6,8.47,19
Muraki2025.csv,imagine,item,imagine_mean,imagine_sd,2938,1.42,7,25
Navarrete2019.csv,familiar,word_italian,familiar_mean,familiar_sd,357,1.02,4.93,81
Paivio1968.csv,concrete,word_english,concrete_mean,concrete_sd,921,1.18,7.7,31
Paivio1968.csv,imagine,word_english,imagine_mean,imagine_sd,923,1.63,6.9,31
PetiStantic2021.csv,concrete,word_croatian,concrete_mean,concrete_sd,6000,1.166666667,5,30
PetiStantic2021.csv,imagine,word_croatian,imagine_mean,imagine_sd,6000,1.24137931,5,30
Quadflieg2014.csv,familiar,word_french,familiar_mean,familiar_sd,875,1.83,6.83,20
Quadflieg2014.csv,concrete,word_french,concrete_mean,concrete_sd,875,1.94,6.16,20
Quadflieg2014.csv,valence,word_french,valence_mean,valence_sd,875,1.05,6.74,20
Rami2022.csv,imagine,word_arabic_moroccan,imagine_mean,imagine_sd,130,1,2.4,40
Raslescu2023.csv,valence,word_english,valence_mean,valence_sd,300,7.316582915,89.30653266,199
Raslescu2023.csv,imagine,word_english,imagine_mean,imagine_sd,300,31.01612903,92.10152284,197
Ric2013.csv,valence,word_french,valence_mean,valence_sd,524,-2.7,2.5,80
Rinaldi2004.csv,imagine,word_italian,imagine_mean,imagine_sd,519,2.7,6.7,50
Rocklage2018.csv,valence,word_english,valence_mean,valence_sd,1541,0.26,8.57,30
Roest2017.csv,valence,word_dutch,valence_mean,valence_sd,672,1.07,6.23,87
Roest2017.csv,arousal,word_dutch,arousal_mean,arousal_sd,672,1.59,5.59,87
Rogic2013.csv,familiar,word_croatian,familiar_mean,familiar_sd,61,2,4.8,56
Russell1970.csv,familiar,word_german,familiar_mean,familiar_sd,824,1.26,5,20
Salmon2010.csv,familiar,word_english,familiar_mean,familiar_sd,320,1.127272727,4.981818182,55
Schauenburg2015.csv,valence,word_german,valence_mean,valence_sd,858,1.655,8.593,35
Schauenburg2015.csv,arousal,word_german,arousal_mean,arousal_sd,858,2.053,8.083,35
Schmidtke2014.csv,valence,word_german,valence_mean,valence_sd,1003,-2.9,2.9,20
Schmidtke2014.csv,imagine,word_german,imagine_mean,imagine_sd,1003,1.65,6.9,20
Schroder2012.csv,familiar,word_german,familiar_mean,familiar_sd,824,1.263157894736842,5,20
Schwitter2004.csv,familiar,word_french,familiar_mean,familiar_sd,112,1.4,4.9,30
Scott2017.csv,familiar,word_english,familiar_mean,familiar_sd,5553,1.6471,6.9375,31
Scott2017.csv,concrete,word_english,concrete_mean,concrete_sd,5553,1.6176,6.9394,33
Scott2017.csv,valence,word_english,valence_mean,valence_sd,5553,1.0303,8.6471,33
Scott2017.csv,arousal,word_english,arousal_mean,arousal_sd,5553,2.0606,8.1765,33
Scott2017.csv,imagine,word_english,imagine_mean,imagine_sd,5553,1.7368,6.9394,33
Scott2019.csv,familiar,word_english,familiar_mean,familiar_sd,5553,1.647,6.939,33
Scott2019.csv,concrete,word_english,concrete_mean,concrete_sd,5553,1.636,6.943,33
Scott2019.csv,valence,word_english,valence_mean,valence_sd,5553,1.03,8.647,34
Scott2019.csv,arousal,word_english,arousal_mean,arousal_sd,5553,2.057,8.177,33
Scott2019.csv,imagine,word_english,imagine_mean,imagine_sd,5553,1.737,6.941,33
Siew2025.csv,concrete,word_english_singapore,concrete_mean,concrete_sd,283,1.409836066,4.682539683,55
Siew2025.csv,valence,word_english_singapore,valence_mean,valence_sd,283,2.329268293,8.292134831,78
Siew2025.csv,arousal,word_english_singapore,arousal_mean,arousal_sd,283,3.506666667,7.11627907,72
Snodgrass1980.csv,familiar,word_english,familiar_mean,familiar_sd,260,1.18,4.9,40
Soares2012.csv,valence,word_spanish,valence_mean,valence_sd,167,1.13,8.62,60
Soares2012.csv,arousal,word_spanish,arousal_mean,arousal_sd,167,3.06,8.46,60
Soares2017.csv,concrete,word_spanish,concrete_mean,concrete_sd,3800,1.87,6.91,57
Soares2017.csv,imagine,word_spanish,imagine_mean,imagine_sd,3800,2.09,6.75,61
Stadthagen-Gonzalez2017.csv,valence,word_spanish,valence_mean,valence_sd,14031,1.15,9,96
Stadthagen-Gonzalez2017.csv,arousal,word_spanish,arousal_mean,arousal_sd,14031,1.4,8.45,96
Stadthagen-Gonzalez2017a.csv,valence,word_spanish,valence_mean,valence_sd,10491,1.25,8.75,18
Stadthagen-Gonzalez2017a.csv,arousal,word_spanish,arousal_mean,arousal_sd,10491,1.6,8.35,18
Stration1975.csv,familiar,word_english,familiar_mean,familiar_sd,506,0.8,4.94,30
Stration1975.csv,imagine,word_english,imagine_mean,imagine_sd,506,1.14,5,30
Surprenant1999.csv,familiar,word_english,familiar_mean,familiar_sd,199,1.97,6.61,63
Syssau2009.csv,valence,word_french,valence_mean,valence_sd,470,0.88,4.84,100
Tabossi2011.csv,familiar,word_italian_idiom,familiar_mean,familiar_sd,245,3.36,6.83,42
Toglia1978.csv,familiar,word_english,familiar_mean,familiar_sd,2639,1.15,6.85,60
Toglia1978.csv,concrete,word_english,concrete_mean,concrete_sd,2853,1.54,6.68,60
Toglia1978.csv,imagine,word_english,imagine_mean,imagine_sd,2853,1.46,6.61,60
Tsaparina2011.csv,familiar,word_russian,familiar_mean,familiar_sd,260,1.61,4.92,36
Tsaparina2011.csv,imagine,word_russian,imagine_mean,imagine_sd,260,1.71,4.97,34
VanderGoten1999.csv,concrete,word_dutch,concrete_mean,concrete_sd,399,1.96,6.56,35
VanderGoten1999.csv,valence,word_dutch,valence_mean,valence_sd,399,1.51,6.67,35
Verheyen2020.csv,familiar,word_dutch,familiar_mean,familiar_sd,1000,1.32,6.55,20
Verheyen2020.csv,concrete,word_dutch,concrete_mean,concrete_sd,1000,2.3,6.75,20
Verheyen2020.csv,valence,word_dutch,valence_mean,valence_sd,1000,1.3,6.6,20
Verheyen2020.csv,arousal,word_dutch,arousal_mean,arousal_sd,1000,1.6,6.55,20
Verheyen2020.csv,imagine,word_dutch,imagine_mean,imagine_sd,1000,1.75,6.95,20
Vo2009.csv,valence,word_german,valence_mean,valence_sd,2902,-3,2.9,20
Vo2009.csv,arousal,word_german,arousal_mean,arousal_sd,2902,1.1,4.7,20
Vo2009.csv,imagine,word_german,imagine_mean,imagine_sd,2902,1.2,6.9,20
Walker1970.csv,imagine,word_english,imagine_mean,imagine_sd,334,1.58,6.82,40
Walley1992.csv,imagine,word_english,imagine_mean,imagine_sd,87,2.1,6.85,20
Warriner2013.csv,valence,word_english,valence_mean,valence_sd,13915,1.26,8.53,20
Warriner2013.csv,arousal,word_english,arousal_mean,arousal_sd,13915,1.6,7.79,21
Whalen1994.csv,familiar,word_english,familiar_mean,familiar_sd,120,1.78,6.37,32
Yao2017.csv,familiar,word_chinese_simplified,familiar_mean,familiar_sd,1100,1.5,8.32,48
Yao2017.csv,concrete,word_chinese_simplified,concrete_mean,concrete_sd,1100,2.33,8.82,48
Yao2017.csv,valence,word_chinese_simplified,valence_mean,valence_sd,1100,1.22,8.41,48
Yao2017.csv,arousal,word_chinese_simplified,arousal_mean,arousal_sd,1100,2.04,8.58,48
Yao2017.csv,imagine,word_chinese_simplified,imagine_mean,imagine_sd,1100,2.54,8.32,48
Yee2017.csv,familiar,word_chinese_simplified,familiar_mean,familiar_sd,292,2.88,4.76,22
Yee2017.csv,concrete,word_chinese_simplified,concrete_mean,concrete_sd,292,1.68,4.78,22
Yee2017.csv,valence,word_chinese_simplified,valence_mean,valence_sd,292,1.24,4.84,22
Yee2017.csv,arousal,word_chinese_simplified,arousal_mean,arousal_sd,292,1.56,4.48,22
Yee2017.csv,imagine,word_chinese_simplified,imagine_mean,imagine_sd,292,1.63,4.73,22
Yoon2004.csv,familiar,word_english,familiar_mean,familiar_sd,344,1.87,5,100
Alario1999.csv,aoa,word_spanish,aoa_mean,aoa_sd,398,1.12,4.77,30
Alonso2015.csv,aoa,word_spanish,aoa_mean,aoa_sd,7039,1.12,10.96,20
Alonso2016.csv,aoa,word_spanish,aoa_mean,aoa_sd,4640,3.14,16.33,49
Barca2002.csv,aoa,word_italian,aoa_mean,aoa_sd,626,1.09,6.77,44
Birchenough2017.csv,aoa,word_german,aoa_mean,aoa_sd,3259,1.67,15.83,20
Bonin2003.csv,aoa,word_french,aoa_mean,aoa_sd,299,1.1,4.6,20
Bonin2021.csv,aoa,word_french,aoa_mean,aoa_sd,506,1.52,4.9,31
Borsa2025.csv,aoa,word_italian,aoa_mean,aoa_sd,964,2.818181818,16.89473684,20
Brysbaert2014a.csv,aoa,word_dutch,aoa_mean,aoa_sd,25881,1.527027027,26,25
Cameirao2010.csv,aoa,word_portuguese,aoa_mean,aoa_sd,1749,1.18,8.78,40
Carroll1973.csv,aoa,word_english,aoa_mean,aoa_sd,220,1.34,9,29
Clarke2018.csv,aoa,word_thai_intended,aoa_mean,aoa_sd,480,1.88,6.71,58
Clarke2024.csv,aoa,word_english,aoa_mean,aoa_sd,628,1.722222222,6.705882353,60
Conca2024.csv,aoa,word_turkish,aoa_mean,aoa_sd,503,1.777777778,7,10
DellaRosa2010.csv,aoa,word_italian,aoa_mean,aoa_sd,417,118,606,35
Dellacqua2000_1.csv,aoa,word_italian,aoa_mean,aoa_sd,264,1.6,7.5,15
Diez-Alamo2018.csv,aoa,word_spanish,aoa_mean,aoa_sd,5500,1.472,6.543,15
Falcinelli2024.csv,aoa,word_italian,aoa_mean,aoa_sd,200,1.85,6.45,20
Ferrand2008.csv,aoa,word_french,aoa_mean,aoa_sd,1493,2.81868743,15.45352564,31
Gilhooly1977.csv,aoa,word_english,aoa_mean,aoa_sd,205,1.38,6.9,40
Gilhooly1980.csv,aoa,word_english,aoa_mean,aoa_sd,902,1.56,7,36
Gilhooly1980a.csv,aoa,word_english,aoa_mean,aoa_sd,1920,1.25,6.97,36
Khwaileh2018.csv,aoa,word_arabic_aralex,aoa_mean,aoa_sd,861,2.36,6.76,132
Kraljevic2018.csv,aoa,word_croatian,aoa_mean,aoa_sd,2280,1.222222222,16.5,33
Kuperman2012.csv,aoa,word_english,aoa_mean,aoa_sd,31105,1.58,25,20
Lachaud2007.csv,aoa,word_french,aoa_mean,aoa_sd,1225,2.8,24,20
Manoiloff2010.csv,aoa,word_spanish,aoa_mean,aoa_sd,400,1.14,4.72,35
Marques2007.csv,aoa,word_portuguese,aoa_mean,aoa_sd,834,1.05,7.71,22
Masterson1998.csv,aoa,word_english,aoa_mean,aoa_sd,266,1.3,4.56,40
Miklashevsky2018.csv,aoa,word_russian,aoa_mean,aoa_sd,506,2.54,11.78,20
Mochizuki2025.csv,aoa,word_japanese,aoa_mean,aoa_sd,5736,2.463414634,6.85106383,40
Montefinese2019.csv,aoa,word_italian,aoa_mean,aoa_sd,1957,1.88,14.35,25
Moors2013.csv,aoa,word_dutch,aoa_mean,aoa_sd,4299,2.03,14.58,32
Moreno-Martinez2012.csv,aoa,word_spanish,aoa_mean,aoa_sd,360,1.37,6.73,77
Navarrete2019.csv,aoa,word_italian,aoa_mean,aoa_sd,357,1.42,6.83,81
PetiStantic2021.csv,aoa,word_croatian,aoa_mean,aoa_sd,6000,2.24137931,16.72222222,30
Raman2014.csv,aoa,word_turkish,aoa_mean,aoa_sd,260,0.18,1.47,61
Rami2022.csv,aoa,word_arabic_moroccan,aoa_mean,aoa_sd,130,1,4.08,40
Russell1970.csv,aoa,word_german,aoa_mean,aoa_sd,824,1.25,6.95,20
Ruts2004.csv,aoa,word_dutch,aoa_mean,aoa_sd,338,3.38,12.86,24
Schock2012.csv,aoa,word_english,aoa_mean,aoa_sd,3000,1.76,6.45,32
Schroder2012.csv,aoa,word_german,aoa_mean,aoa_sd,824,1.25,6.947368421,20
Schwitter2004.csv,aoa,word_french,aoa_mean,aoa_sd,112,1.13,3.9,30
Scott2017.csv,aoa,word_english,aoa_mean,aoa_sd,5553,1.1935,6.9714,34
Scott2019.csv,aoa,word_english,aoa_mean,aoa_sd,5553,1.219,6.971,34
Stration1975.csv,aoa,word_english,aoa_mean,aoa_sd,506,1.54,8.85,30
Tabossi2011.csv,aoa,word_italian_idiom,aoa_mean,aoa_sd,245,2.2,6,42
Tsaparina2011.csv,aoa,word_russian,aoa_mean,aoa_sd,260,1.19,4.29,35
Valueva2025.csv,aoa,word_russian,aoa_mean,aoa_sd,30846,1.65,21,30
Verheyen2020.csv,aoa,word_dutch,aoa_mean,aoa_sd,1000,2.8,15.39,20
Xu2021.csv,aoa,word_chinese_simplified,aoa_mean,aoa_sd,19716,3.9,21.2,15
